map,card,map_elo_delta,other_maps_elo_delta,difference,approx_standard_error,approx_z_score,map_offers,other_maps_offers
Tharsis,AI Central,2.346039021241898,2.179555022006633,0.1664839992352647,0.1833348975008875,0.9080867936474493,4545,4278
Tharsis,Acquired Company,0.9568519728073245,0.7664456295936414,0.1904063432136831,0.18070454795854413,1.0536887165527493,4625,4362
Tharsis,Adaptation Technology,-0.27204104763455517,-0.13909290084364467,-0.1329481467909105,0.18353085695391255,-0.7243912495014168,4646,4300
Tharsis,Adapted Lichen,-0.40430357394063116,-0.20221016952251653,-0.20209340441811463,0.18081915331463808,-1.1176548541097184,4637,4371
Tharsis,Advanced Alloys,1.815730477261008,1.698784188693671,0.11694628856733691,0.18345960837313685,0.6374497885631637,4609,4303
Tharsis,Advanced Ecosystems,-0.13321466950005045,-0.5266194253319096,0.3934047558318592,0.1825030321176706,2.1556066837191374,4586,4340
Tharsis,Aerobraked Ammonia Asteroid,-0.5546814429613854,-0.3717807156544902,-0.18290072730689522,0.18223384433004527,-1.003659490251669,4590,4340
Tharsis,Algae,0.09027071313355384,-0.27206912242713044,0.3623398355606843,0.1821649639398771,1.989075328888563,4540,4450
Tharsis,Anti-Gravity Technology,0.5584835721486012,0.5576853981034475,0.0007981740451536989,0.183293347794737,0.004354626366732865,4464,4254
Tharsis,Ants,-0.5051921114867598,-0.27191658742179564,-0.23327552406496416,0.18115140052662373,-1.2877378998274969,4576,4265
Tharsis,Aquifer Pumping,-0.022407019113275903,-0.26657248800578864,0.24416546889251273,0.18303006252535303,1.3340183876006233,4613,4315
Tharsis,Archaebacteria,0.005479346396407812,0.08653549376337201,-0.0810561473669642,0.1800765613758799,-0.4501204751337569,4492,4483
Tharsis,Arctic Algae,0.4617609566315626,0.5950912381135225,-0.1333302814819599,0.18336934827569074,-0.7271132429477882,4543,4267
Tharsis,Artificial Lake,-0.40602203013544635,-0.19247694976761362,-0.21354508036783273,0.18221797956571006,-1.1719210194119496,4537,4396
Tharsis,Artificial Photosynthesis,-0.219786244978241,-0.1562484935752398,-0.06353775140300122,0.1834864453722639,-0.34628035479184055,4581,4226
Tharsis,Asteroid,-0.3798750442596015,-0.3595366275490621,-0.020338416710539375,0.18258695455921264,-0.11139030583887449,4613,4349
Tharsis,Asteroid Mining,-0.16590053515915723,0.3610178206718762,-0.5269183558310334,0.18186218834011408,-2.8973496945148596,4580,4331
Tharsis,Asteroid Mining Consortium,0.6859137307988796,1.2819289199473063,-0.5960151891484267,0.1851089066465795,-3.2198082736579114,4487,4408
Tharsis,Beam From a Thorium Asteroid,-0.15269090427855977,0.08656530073526891,-0.2392562050138287,0.18312373941674714,-1.3065275194568688,4569,4348
Tharsis,Big Asteroid,0.19209419812701614,0.2542364571368761,-0.06214225900985995,0.18102571921737975,-0.3432786196266296,4673,4329
Tharsis,Biomass Combustors,-0.5104317045708411,-0.5342810172444726,0.02384931267363155,0.18296897790573075,0.1303462092132317,4572,4202
Tharsis,Birds,-0.057621620051589446,0.05937700307853987,-0.11699862313012932,0.1826385528254451,-0.6406020049991829,4578,4294
Tharsis,Black Polar Dust,-0.27386965535261465,-0.30314781511965894,0.029278159767044287,0.18217126318619478,0.16071777323693187,4547,4384
Tharsis,Breathing Filters,-0.2937762407721086,-0.39379953872520673,0.10002329795309811,0.18430652786388915,0.5427007882594672,4592,4255
Tharsis,Bribed Committee,0.2820305746953932,-0.043773007501264186,0.3258035821966574,0.18033284737632674,1.8066790767006287,4595,4387
Tharsis,Building Industries,0.32390077392223404,0.4705963337022641,-0.14669555978003007,0.1838309358817973,-0.7979916931628681,4538,4282
Tharsis,Bushes,-0.23712213197055135,-0.2517801106723581,0.014657978701806768,0.18273098420422884,0.08021616457460938,4561,4418
Tharsis,Business Contacts,0.27749750158927655,0.2695839716762632,0.007913529913013362,0.18207471247931373,0.04346309163559685,4574,4331
Tharsis,Business Network,0.23551463546998716,0.18129396254656244,0.05422067292342472,0.18745571971165126,0.289245230856803,4455,4333
Tharsis,CEO's Favourite Project,-0.38041703899827267,-0.25040737154474935,-0.13000966745352333,0.18442046422948863,-0.7049633455631164,4510,4339
Tharsis,Callisto Penal Mines,-0.6426507014957,-0.15327943331377172,-0.48937126818192833,0.18413180530925102,-2.6577226425387233,4568,4307
Tharsis,Capital,-0.3925705926152409,-0.37023459931173996,-0.022335993303500945,0.17979776740998757,-0.1242284241081194,4662,4278
Tharsis,Carbonate Processing,-0.448674650476768,-0.21693549708592558,-0.23173915339084245,0.18043284463487413,-1.2843512712987057,4552,4248
Tharsis,Caretaker Contract,-0.6508420087141331,-0.2836811807807618,-0.3671608279333713,0.17923103717541813,-2.048533745715154,4695,4290
Tharsis,Cartel,0.5170108401552378,0.5097854026319195,0.007225437523318279,0.18340924866965763,0.03939516450630127,4528,4267
Tharsis,Cloud Seeding,-0.3895938026116632,-0.26947305198555943,-0.12012075062610378,0.18074165867177688,-0.664599138399192,4517,4456
Tharsis,Colonizer Training Camp,-0.6646651559719402,-0.33634480598846767,-0.32832034998347254,0.1809535902593212,-1.8143898085302579,4635,4367
Tharsis,Comet,0.1551679198396628,0.029535367842923117,0.12563255199673967,0.18386974536039558,0.6832692988750947,4478,4372
Tharsis,Commercial District,0.12866932526663075,-0.02907156275650966,0.1577408880231404,0.18168242152162242,0.8682231704203002,4586,4305
Tharsis,Convoy From Europa,-0.05924725776718378,-0.04176088194593902,-0.017486375821244758,0.18240789305321903,-0.09586414013423729,4591,4317
Tharsis,Corporate Stronghold,0.013320077115499124,0.07929784889602905,-0.06597777178052992,0.18356298516324962,-0.3594285183467318,4552,4288
Tharsis,Cupola City,-0.11377311381776212,-0.10217716345826801,-0.011595950359494109,0.18476275625630648,-0.06276129775531158,4485,4319
Tharsis,Decomposers,-0.4013921614368097,-0.22525288415977723,-0.1761392772770325,0.18187656872875438,-0.9684550269898795,4550,4349
Tharsis,Deep Well Heating,0.02424124250006928,-0.07099794407904937,0.09523918657911865,0.17984836682424774,0.5295526907519196,4633,4330
Tharsis,Deimos Down,0.6490878493499495,0.7001005145314757,-0.05101266518152625,0.18056628896952723,-0.2825148895325376,4564,4371
Tharsis,Designed Microorganisms,0.31266234289534994,0.3688329262415419,-0.05617058334619196,0.18051716636578846,-0.31116477439254436,4538,4392
Tharsis,Development Center,1.2277829926773687,1.2341723595898013,-0.006389366912432637,0.1846370558151821,-0.034605008643705096,4592,4259
Tharsis,Domed Crater,-0.12759667343571426,-0.22920628025232664,0.10160960681661238,0.18284678496432763,0.5557090152634395,4494,4371
Tharsis,Dust Seals,-0.37855558726574684,-0.4211668443352953,0.042611257069548436,0.18111587936250334,0.23527068537299275,4616,4327
Tharsis,Earth Catapult,2.6741655769142247,2.7829002053128193,-0.1087346283985946,0.18270368176290222,-0.5951419662122707,4475,4264
Tharsis,Earth Office,0.852755306360536,0.787254233385168,0.065501072975368,0.18503091195918103,0.3540007033517618,4507,4247
Tharsis,Ecological Zone,-0.333784024892503,0.07355906496470882,-0.4073430898572118,0.17986893756149205,-2.2646661251220923,4700,4402
Tharsis,Electro Catapult,0.914371098620335,0.7989021392071383,0.11546895941319679,0.18030838517581277,0.6403970580769541,4546,4323
Tharsis,Energy Saving,-0.226028468525947,-0.4162486737016757,0.19022020517572868,0.18061119301427123,1.0532027500681986,4664,4414
Tharsis,Energy Tapping,0.41562064138810895,0.2324542323264338,0.18316640906167514,0.1804001421060259,1.0153340619544713,4556,4359
Tharsis,Eos Chasma National Park,-0.09732931471373474,-0.26781138421563133,0.1704820695018966,0.18139123147525707,0.9398583829844688,4556,4372
Tharsis,Equatorial Magnetizer,-0.42444651563263597,-0.5774031829382023,0.15295666730556629,0.18008984966470534,0.8493353045179608,4538,4244
Tharsis,Extreme-Cold Fungus,-0.28672064520513485,-0.2195873526101512,-0.06713329259498366,0.1821793768053248,-0.3685010552359155,4538,4376
Tharsis,Farming,-0.442088477623365,-0.44243377078335183,0.00034529315998682586,0.18047114378905163,0.0019132873695887399,4559,4320
Tharsis,Fish,-0.20952150116588897,-0.35292874906436406,0.1434072478984751,0.18055483147625448,0.7942587120264083,4607,4357
Tharsis,Flooding,-0.13663467919901254,-0.08688506567769559,-0.049749613521316946,0.18369040746725285,-0.27083403105949333,4572,4359
Tharsis,Food Factory,-0.5738420896762116,-0.245959352931395,-0.3278827367448166,0.1827006650806147,-1.7946444617491781,4617,4234
Tharsis,Fuel Factory,0.3006155733177061,0.2685563571643565,0.03205921615334961,0.18184061808067256,0.17630393303616423,4660,4261
Tharsis,Fueled Generators,-0.289538694321443,-0.3449768631837107,0.055438168862267656,0.18228066837740617,0.3041363045009509,4601,4335
Tharsis,Fusion Power,-0.33890338955369065,-0.3594186644693863,0.020515274915695658,0.18383645762699405,0.11159524710447451,4458,4339
Tharsis,GHG Factories,-0.269010138048895,-0.2649580959559821,-0.004052042092912933,0.17999100107429541,-0.02251247044978854,4583,4425
Tharsis,GHG Producing Bacteria,-0.13050957697256338,-0.3179678557481499,0.18745827877558652,0.18257995827505055,1.0267188170411723,4537,4319
Tharsis,Ganymede Colony,-0.1581966664036892,-0.4234156350171361,0.26521896861344685,0.18202020572417058,1.4570853140082363,4582,4427
Tharsis,Gene Repair,-0.15767460240010175,-0.2180667793843699,0.06039217698426816,0.1831519649383888,0.3297380784562356,4606,4220
Tharsis,Geothermal Power,0.06968194738120154,-0.13889605834474217,0.2085780057259437,0.18173902807805248,1.1476786683175424,4592,4291
Tharsis,Giant Ice Asteroid,1.2010254209807727,0.4445562673693099,0.7564691536114627,0.18038645795727457,4.193602791350536,4550,4349
Tharsis,Giant Space Mirror,0.13716310474851426,0.24275297075424135,-0.10558986600572709,0.17896070885493653,-0.5900170304494994,4671,4462
Tharsis,Grass,-0.26725178492070695,-0.10546252660658298,-0.16178925831412397,0.18024198821035256,-0.897622468108301,4647,4317
Tharsis,Great Dam,-0.4979410938879233,-0.5993472696410722,0.10140617575314892,0.18197795456732557,0.5572442881570697,4539,4361
Tharsis,Great Escarpment Consortium,0.17540191405291794,0.33597071128492334,-0.1605687972320054,0.18211169658351328,-0.8817050208434652,4600,4292
Tharsis,Greenhouses,-0.33281828542418096,-0.014553143149730188,-0.3182651422744508,0.18496891132848114,-1.72064126878734,4490,4175
Tharsis,Hackers,0.39627460993277636,0.3260847477351667,0.07018986219760964,0.18112486509830986,0.38752195707371495,4583,4320
Tharsis,Heat Trappers,0.07565291150684972,-0.09514411340897388,0.1707970249158236,0.18719709396190515,0.9123914335474728,4457,4205
Tharsis,Heather,-0.31819030858994685,-0.4447702418698229,0.12657993327987604,0.18325309211964644,0.6907383216062278,4479,4329
Tharsis,Herbivores,-0.3965282001704501,-0.27089456182130334,-0.12563363834914676,0.18293924167961176,-0.6867506238446838,4503,4374
Tharsis,Hired Raiders,-0.12644312988583642,-0.17864060731913572,0.052197477433299305,0.17958550863605655,0.2906552863298196,4532,4389
Tharsis,House Printing,-0.2037532486254831,-0.19895060697966024,-0.004802641645822864,0.18370803954334275,-0.026142795153446526,4466,4282
Tharsis,Ice Asteroid,0.5009566709359513,-0.044498381349800636,0.545455052285752,0.17960579949858757,3.036956789861574,4597,4352
Tharsis,Ice cap Melting,-0.4083444009350753,-0.30577963134980063,-0.10256476958527466,0.18636411851476078,-0.5503461202868358,4454,4250
Tharsis,Immigrant City,-0.9097923153164157,-0.7952216223421482,-0.11457069297426747,0.1813131578086896,-0.6318939803318376,4599,4297
Tharsis,Immigration Shuttles,-0.08034739018432335,-0.08285724478743196,0.0025098546031086105,0.18233966864752257,0.013764720654178459,4718,4339
Tharsis,Import of Advanced GHG,-0.23670918870020377,-0.32019449203091516,0.08348530333071139,0.18166241898350166,0.4595628738065709,4624,4275
Tharsis,Imported GHG,-0.14980379421886222,-0.12180672938012589,-0.027997064838736332,0.1811363783154739,-0.1545634570984719,4503,4411
Tharsis,Imported Hydrogen,-0.09922434424650378,-0.03325472366311134,-0.06596962058339245,0.18051056665297496,-0.36546126803876616,4669,4349
Tharsis,Imported Nitrogen,-0.3746178186074811,-0.3563855477047819,-0.018232270902699188,0.1822697944428723,-0.10002903091227008,4583,4325
Tharsis,Indentured Workers,-0.30048782934158447,0.04822607009200629,-0.34871389943359077,0.18398691778618478,-1.8953189913145825,4568,4292
Tharsis,Industrial Center,-0.1619260907842984,-0.20973972863328305,0.04781363784898465,0.1834780379081617,0.26059597319717004,4602,4281
Tharsis,Industrial Microbes,0.5725590162684988,0.21127465703221884,0.36128435923628,0.18189846686261363,1.9861869397126641,4539,4410
Tharsis,Insects,-0.12021352300207372,-0.09075781915511012,-0.029455703846963596,0.18127411228940926,-0.16249261118949368,4592,4323
Tharsis,Insulation,-0.39478112204640076,-0.4013927080743718,0.006611586027971017,0.18473585570212317,0.03578940321488997,4537,4331
Tharsis,Interstellar Colony Ship,-0.5661592804388041,-0.30096701994160097,-0.2651922604972032,0.18478881372985223,-1.4351099243750487,4496,4224
Tharsis,Invention Contest,0.2906516797644449,0.11410958566672104,0.17654209409772387,0.18204426950480687,0.9697756187434523,4593,4422
Tharsis,Inventors' Guild,0.5747094964209035,0.5545684483779583,0.020141048042945253,0.18295819874470595,0.11008551779114,4624,4235
Tharsis,Investment Loan,-0.12076550455106494,-0.05787753458876613,-0.06288796996229881,0.1826900740323654,-0.34423309692872295,4539,4326
Tharsis,Io Mining Industries,0.3279323469078715,0.678117974592238,-0.3501856276843665,0.18281127861702362,-1.9155581118054539,4511,4435
Tharsis,Ironworks,-0.3665248957812906,-0.35212848606536146,-0.014396409715929148,0.18224875992566505,-0.07899318339285877,4529,4376
Tharsis,Kelp Farming,0.8596887015447012,0.7972460353755586,0.062442666169142624,0.18083095484174233,0.3453096082127671,4630,4343
Tharsis,Lagrange Observatory,-0.21446683795646232,-0.10690120358661068,-0.10756563436985164,0.18300798047255323,-0.5877647198340833,4598,4346
Tharsis,Lake Marineris,-0.47440597048740446,-0.3272807346273422,-0.14712523586006226,0.18056773845739735,-0.8147924824055688,4567,4372
Tharsis,Land Claim,-0.1524617231771299,-0.36424425820926465,0.21178253503213476,0.18328032669628092,1.1555115535290685,4562,4243
Tharsis,Large Convoy,0.00667124899690676,0.2655005397137626,-0.25882929071685584,0.1824958830278002,-1.4182746833660216,4607,4319
Tharsis,Lava Flows,0.19456021951557123,0.1957861962464887,-0.0012259767309174552,0.17942539663138046,-0.006832793762391154,4680,4426
Tharsis,Lava Tube Settlement,-0.4728057089225015,-0.5558133353443991,0.08300762642189763,0.18393797840156215,0.4512805193535424,4491,4269
Tharsis,Lichen,-0.47400210051733704,-0.13144607750136203,-0.342556023015975,0.1839530814689306,-1.8621923605766406,4488,4357
Tharsis,Lightning Harvest,-0.2845977998431501,-0.23576153390835722,-0.04883626593479287,0.18262688653076226,-0.26741005589320355,4559,4297
Tharsis,Livestock,-0.4652766434538087,-0.4415005304846307,-0.023776112969177976,0.18414440797503667,-0.12911667115300704,4573,4399
Tharsis,Local Heat Trapping,-0.14685885900117654,-0.42524180062948186,0.27838294162830535,0.18082804563357155,1.539489854313961,4505,4311
Tharsis,Lunar Beam,-0.179856434333431,-0.4144591255773982,0.23460269124396724,0.184284139720642,1.2730487365847305,4501,4280
Tharsis,Magnetic Field Dome,-0.4124295787264473,-0.2704034956412008,-0.1420260830852465,0.18438920934249148,-0.7702515976487642,4504,4286
Tharsis,Magnetic Field Generators,-0.17361624584460297,-0.4673262916182588,0.2937100457736558,0.17848226347443857,1.645597943773946,4616,4413
Tharsis,Mangrove,-0.236821797879662,-0.2967614749439895,0.05993967706432751,0.1819052045851389,0.3295105118131645,4540,4377
Tharsis,Mars University,1.0254286351654194,0.6899203595464031,0.3355082756190163,0.18041001744976698,1.8596987038839714,4621,4523
Tharsis,Martian Rails,-0.3400641936299687,-0.4306362610848323,0.09057206745486357,0.1839374965887187,0.4924067638986153,4615,4258
Tharsis,Martian Survey,-0.20028592299252132,-0.1610058705341859,-0.03928005245833541,0.18458478825093166,-0.21280221859309767,4523,4385
Tharsis,Mass Converter,0.737796813209084,0.7399153244951328,-0.0021185112860487854,0.1829305586119166,-0.011580958928481508,4596,4323
Tharsis,Media Archives,-0.19734740497930667,-0.19997260304855657,0.0026251980692499066,0.18093106247301316,0.01450938292943186,4613,4317
Tharsis,Media Group,1.0311660978028458,1.3424390434807263,-0.31127294567788044,0.18217624180497333,-1.7086363325636615,4526,4304
Tharsis,Medical Lab,0.06112912658878198,-0.05707074988296129,0.11819987647174326,0.18302533503550403,0.6458115563553776,4531,4315
Tharsis,Methane From Titan,0.05778502028913663,0.028878539955059537,0.028906480334077094,0.18294076544583043,0.15801005458587322,4614,4293
Tharsis,Micro-Mills,-0.46939398494081663,-0.2179960308814733,-0.25139795405934334,0.17935756052021817,-1.4016579693109974,4580,4371
Tharsis,Mine,0.699340566208001,0.513402997368505,0.18593756883949597,0.18343824471201992,1.0136248803045393,4618,4394
Tharsis,Mineral Deposit,0.06451759745378194,-0.15568169139148874,0.22019928884527068,0.18438803248860597,1.1942168147972272,4539,4346
Tharsis,Mining Area,1.123932277764369,1.1230371539630506,0.0008951238013183982,0.17906840943313945,0.00499878121524623,4527,4396
Tharsis,Mining Expedition,-0.27977807659691845,-0.5180412819082345,0.23826320531131606,0.18255206282897357,1.305179473838848,4650,4303
Tharsis,Mining Rights,1.1590480668827328,1.155279192179611,0.003768874703121705,0.17872472540795825,0.021087595432130873,4607,4500
Tharsis,Miranda Resort,0.053379559217263874,0.10856393640776867,-0.05518437719050479,0.1835183725898407,-0.3007021935282774,4590,4418
Tharsis,Mohole Area,0.8869024317623104,0.19345552628633966,0.6934469054759708,0.18024010750707226,3.8473507093794943,4661,4310
Tharsis,Moss,-0.4999916870465107,-0.2297771105329487,-0.270214576513562,0.1818656012224862,-1.4857926661072844,4619,4387
Tharsis,Natural Preserve,0.8263347238510511,0.98355705896835,-0.15722233511729888,0.18379773124082324,-0.855409552968292,4551,4369
Tharsis,Nitrite Reducing Bacteria,-0.31974278913728266,-0.3022714113487083,-0.017471377788574383,0.18405903633171095,-0.09492268424728406,4522,4308
Tharsis,Nitrogen-Rich Asteroid,0.7855819063049071,0.5684306520336257,0.21715125427128135,0.18302818893752404,1.1864361196591695,4377,4384
Tharsis,Nitrophilic Moss,0.1594042621484585,-0.2197458253560447,0.3791500875045032,0.18402438319156347,2.0603252728189836,4518,4277
Tharsis,Noctis City,-0.24055151716229073,-0.2086204577620458,-0.03193105940024493,0.18137576308874934,-0.1760492077688499,4741,4285
Tharsis,Noctis Farming,-0.29964870611537275,-0.2919052330943455,-0.007743473021027236,0.18105303984124038,-0.04276908594198275,4578,4289
Tharsis,Nuclear Power,-0.36845908798142946,-0.3763532660542791,0.007894178072849645,0.18270710595064882,0.04320673808375,4595,4190
Tharsis,Nuclear Zone,0.968258140528528,1.4981896365739265,-0.5299314960453985,0.18025595420043022,-2.939883447379258,4609,4433
Tharsis,Olympus Conference,0.6667143850416228,1.0331141663943322,-0.36639978135270934,0.18510112326484,-1.9794573630353927,4496,4266
Tharsis,Open City,-0.37931640586707827,-0.5760398075866894,0.1967234017196111,0.18272431077917212,1.0766131823441782,4565,4279
Tharsis,Optimal Aerobraking,0.6583970066445999,0.5550565610848549,0.10334044555974498,0.18134923948605097,0.5698421777373581,4421,4348
Tharsis,Ore Processor,-0.3703948080049013,-0.3203607613627814,-0.05003404664211991,0.18166632619523387,-0.27541728668167775,4584,4305
Tharsis,Permafrost extraction,-0.40166234819205804,-0.35473939086336215,-0.04692295732869589,0.1829559448147375,-0.2564713454717769,4552,4305
Tharsis,Peroxide Power,-0.2832854270953566,-0.25426661545118623,-0.02901881164417036,0.17982883218298049,-0.16136907131022776,4499,4377
Tharsis,Pets,-0.6478934434485601,-0.5294275052799732,-0.11846593816858697,0.18112754915228804,-0.6540470443233537,4633,4330
Tharsis,Phobos Space Haven,-0.47052223840829643,-0.6934175404480925,0.22289530203979602,0.18268266041152023,1.22012292539254,4540,4346
Tharsis,Physics Complex,-0.4275178768610359,-0.35551677297398815,-0.07200110388704772,0.18190359228140787,-0.39582013188426113,4633,4362
Tharsis,Plantation,-0.6014966869828627,-0.19878333742721027,-0.40271334955565247,0.1828965367860634,-2.201864270545001,4609,4222
Tharsis,Power Grid,-0.09165102391324542,-0.4347996625493257,0.3431486386360803,0.18340671281772725,1.8709709877255547,4541,4261
Tharsis,Power Infrastructure,-0.3852861915236004,-0.3334133824213604,-0.05187280910223996,0.1810232378784468,-0.28655331608349327,4586,4323
Tharsis,Power Plant,0.21128709301040052,-0.1295594303727184,0.34084652338311894,0.1799262564142128,1.8943678936911104,4525,4443
Tharsis,Power Supply Consortium,-0.34497157761534486,-0.32729436461740935,-0.01767721299793551,0.18042621965094796,-0.0979747457555437,4540,4296
Tharsis,Predators,-0.22554223730236675,-0.35842530560645275,0.132883068304086,0.18269756097032913,0.7273390383447252,4541,4291
Tharsis,Protected Habitats,-0.613100828890065,-0.604980279691801,-0.008120549198263993,0.18254359325073988,-0.04448553385880651,4573,4355
Tharsis,Protected Valley,0.25928270900764594,-0.14930963797437646,0.4085923469820224,0.17970482376078956,2.2736860281831492,4557,4351
Tharsis,Psychrophiles,0.5564080107412426,0.9803105823141403,-0.4239025715728977,0.1835994851128082,-2.308844010714089,4557,4237
Tharsis,Quantum Extractor,0.48420332415867584,0.41064969159889103,0.07355363255978481,0.18515781846779472,0.3972483212885677,4625,4305
Tharsis,Rad-Chem Factory,-0.3127790413109195,-0.4735586456582267,0.1607796043473072,0.18077777096659442,0.889377070464141,4581,4440
Tharsis,Rad-Suits,-0.4930839653349174,-0.24505900847983306,-0.24802495685508433,0.18299877405620582,-1.3553367126869742,4537,4246
Tharsis,Regolith Eaters,-0.1173832880489023,-0.3370873673059194,0.21970407925701713,0.18285354241046253,1.2015303415004885,4493,4354
Tharsis,Release of Inert Gases,-0.245089674323748,-0.23066553375313875,-0.014424140570609256,0.18248252805437704,-0.07904395409466862,4577,4342
Tharsis,Research,0.7158830785010495,0.6597004582305235,0.05618262027052601,0.18193766366477984,0.30880148254537604,4612,4439
Tharsis,Research Coordination,-0.1321243461970506,0.2362353143941758,-0.3683596605912264,0.1822402578793045,-2.0212858831399725,4491,4353
Tharsis,Research Outpost,1.860893954710865,1.9316350819039219,-0.07074112719305692,0.178544283597016,-0.39621054098110153,4594,4389
Tharsis,Restricted Area,2.095517674570414,2.0353348237345585,0.060182850835855284,0.17982477166134717,0.334674974308845,4631,4386
Tharsis,Robotic Workforce,0.4265323867581266,0.36290040785668226,0.06363197890144434,0.17935290911660445,0.35478643315495184,4586,4261
Tharsis,Rover Construction,-0.46083159840433663,-0.46768197066390466,0.006850372259568027,0.18185101264522666,0.03767024532842402,4450,4403
Tharsis,SF Memorial,-0.42808867968668235,-0.326245484389627,-0.10184319529705532,0.18528651741929936,-0.5496524880252694,4442,4174
Tharsis,Sabotage,0.19093389867023022,0.16502407113678058,0.025909827533449642,0.18313960763389894,0.1414758274749834,4511,4296
Tharsis,Satellites,-0.33054062874614565,-0.03635585792525953,-0.2941847708208861,0.18216262470643754,-1.614956807385581,4513,4291
Tharsis,Search For Life,-0.40977983933268436,-0.420965385577657,0.011185546244972644,0.18420439712855124,0.06072355719699001,4575,4334
Tharsis,Security Fleet,-0.4373433946695964,-0.4402198801766041,0.002876485507007698,0.18290376223883342,0.01572677058032092,4532,4312
Tharsis,Shuttles,-0.3021133584039474,-0.2840327049264982,-0.018080653477449193,0.18095686247579004,-0.09991692622250332,4619,4354
Tharsis,Small Animals,-0.19089918912683546,0.03115795201302159,-0.22205714113985706,0.18020684771145454,-1.2322347566692515,4623,4322
Tharsis,Soil Factory,-0.34653826533291365,-0.3596658576696817,0.013127592336768024,0.18251528486337326,0.07192598881017026,4576,4313
Tharsis,Solar Power,-0.5701075677100567,-0.40917658695000986,-0.1609309807600468,0.18152661261924793,-0.8865420801830283,4668,4274
Tharsis,Solar Wind Power,0.2647158889286664,0.4371861689237972,-0.17247027999513082,0.18501950493392516,-0.932173502770554,4444,4300
Tharsis,Soletta,-0.5864768511831536,-0.5180344832325087,-0.06844236795064496,0.17796922256959702,-0.38457418065013876,4655,4307
Tharsis,Space Elevator,1.3150684775683132,1.1637743135773875,0.15129416399092577,0.18048973211226849,0.8382424984531395,4496,4407
Tharsis,Space Hotels,0.7876444068953176,0.7944381051229552,-0.006793698227637646,0.18245000914353793,-0.037235943475853024,4571,4342
Tharsis,Space Mirrors,-0.42330389747230174,-0.3576549313672318,-0.06564896610506993,0.18051838704705,-0.36366913741567664,4622,4387
Tharsis,Space Station,-0.15759134179440593,-0.36259841560898415,0.20500707381457822,0.18419058040938643,1.1130160584701159,4545,4314
Tharsis,Special Design,-0.5022898063730851,-0.31373715596683144,-0.18855265040625363,0.1816912440388199,-1.037764100321575,4556,4343
Tharsis,Sponsors,0.5571987693132627,0.3785565814570004,0.17864218785626235,0.1842865826168124,0.9693716456162929,4474,4290
Tharsis,Standard Technology,-0.10670398615650012,-0.2494077949247265,0.1427038087682264,0.18465755752003493,0.7728024278277554,4526,4265
Tharsis,Steelworks,-0.1498748696217946,-0.21027487693967536,0.060400007317880755,0.17901464816616594,0.33740259770147935,4568,4485
Tharsis,Strip Mine,0.32094089012701105,0.09221696687311101,0.22872392325390004,0.18366058600249782,1.245362046545955,4563,4323
Tharsis,Subterranean Reservoir,0.22519002514537687,-0.20105588874129154,0.42624591388666844,0.18098590702239273,2.3551331752804963,4662,4387
Tharsis,Symbiotic Fungus,-0.1916016238931964,-0.3471477219735211,0.1555460980803247,0.18220831764477238,0.8536717757505039,4633,4310
Tharsis,Tardigrades,-0.17689568060525035,-0.20429921638251078,0.02740353577726043,0.18348274709216328,0.149352111909986,4584,4298
Tharsis,Technology Demonstration,0.12661303345519812,0.30332877895647065,-0.17671574550127253,0.18406920543501493,-0.9600505694781275,4603,4235
Tharsis,Tectonic Stress Power,-0.13511525526244575,-0.3035961849380496,0.16848092967560382,0.18172241323005695,0.9271334596592129,4681,4309
Tharsis,Terraforming Ganymede,-0.02958944319046776,0.06200646490688386,-0.09159590809735162,0.18268924860437527,-0.5013754711735016,4603,4400
Tharsis,Titanium Mine,0.625114467046207,0.408588564977356,0.21652590206885097,0.18590824933393263,1.1646922761341387,4574,4257
Tharsis,Toll Station,-0.46522897450538525,-0.3679790584550531,-0.09724991605033217,0.18195372223316564,-0.5344761011578028,4647,4333
Tharsis,Towing a Comet,-0.3001885530478069,-0.4846588101166001,0.18447025706879322,0.1814507949389393,1.0166406663077447,4601,4355
Tharsis,Trans-Neptune Probe,-0.2628395481606788,-0.1965410117128819,-0.06629853644779687,0.18451453533884318,-0.3593133534225149,4503,4316
Tharsis,Trees,0.07144737205946633,0.052256733277087394,0.019190638782378935,0.18444099190675725,0.10404757957537236,4568,4319
Tharsis,Tropical Resort,-0.5012662943960491,-0.23654218681159664,-0.2647241075844524,0.18150289760406274,-1.4585117432225878,4512,4322
Tharsis,Tundra Farming,-0.47714069086612093,-0.42344849977335175,-0.05369219109276918,0.18126457007735594,-0.29620896720112294,4605,4337
Tharsis,Underground City,-0.25800206711187124,-0.49332950347256277,0.23532743636069153,0.1792377200478652,1.3129347790066044,4589,4370
Tharsis,Underground Detonations,-0.44090713257066044,-0.32468728826731624,-0.1162198443033442,0.1815784210069429,-0.6400531718408343,4534,4475
Tharsis,Urbanized Area,-0.3751023762495604,-0.22504005664667995,-0.15006231960288044,0.1841829601051933,-0.8147459434747635,4535,4260
Tharsis,Vesta Shipyard,-0.04847204784253883,0.22054355999570308,-0.2690156078382419,0.18344696285648507,-1.4664489596848722,4450,4350
Tharsis,Viral Enhancers,0.06794225960066808,0.18445768082124303,-0.11651542122057496,0.1811953102313699,-0.6430377313397095,4580,4314
Tharsis,Virus,0.06961759088441799,0.08948942343399095,-0.019871832549572963,0.18406952339071359,-0.10795829849242446,4514,4281
Tharsis,Water Import From Europa,-0.36136902160230777,-0.19731922568916505,-0.16404979591314273,0.18317396996177043,-0.8955955693234194,4559,4298
Tharsis,Water Splitting Plant,-0.3085058910806599,-0.4622880951171129,0.15378220403645299,0.18296707183343655,0.8404911468247581,4648,4243
Tharsis,Wave Power,-0.03689553709166775,-0.6303789274785085,0.5934833903868408,0.18508879024068448,3.2064793854619236,4621,4212
Tharsis,Windmills,-0.26872345389573815,-0.2499374084265908,-0.01878604546914736,0.1840357197016547,-0.10207825687101357,4505,4289
Tharsis,Worms,-0.40095260099724933,-0.3888199813741079,-0.012132619623141438,0.18216912349103775,-0.06660085633962186,4589,4356
Tharsis,Zeppelins,-0.2211054873266062,-0.4546277417065902,0.233522254379984,0.18398248233213335,1.269263526722176,4488,4341
Hellas,AI Central,2.5460885211441293,2.1570916265068756,0.38899689463725373,0.20393089050596833,1.9074937282533426,2455,6368
Hellas,Acquired Company,0.8573745893779515,0.8671558375203602,-0.00978124814240866,0.20216333195188044,-0.04838289935158382,2494,6493
Hellas,Adaptation Technology,-0.2293832915641425,-0.1997522160147041,-0.02963107554943839,0.20559738661302365,-0.1441218492003993,2515,6431
Hellas,Adapted Lichen,-0.1903076696286903,-0.3510263935611415,0.1607187239324512,0.20081531450992127,0.8003310122272119,2511,6497
Hellas,Advanced Alloys,1.849661272221972,1.724741445078643,0.12491982714332917,0.20286973872656644,0.6157637305961123,2464,6448
Hellas,Advanced Ecosystems,-0.4675542657192121,-0.26833564830110557,-0.19921861741810654,0.2001121053415201,-0.9955350630993127,2515,6411
Hellas,Aerobraked Ammonia Asteroid,-0.20460877527368773,-0.5668161461660866,0.36220737089239885,0.20414221789015366,1.7742893882307973,2491,6439
Hellas,Algae,-0.25481696792639186,-0.025050719884962918,-0.22976624804142895,0.20418946093900148,-1.1252600745641232,2507,6483
Hellas,Anti-Gravity Technology,0.7128201721455778,0.4982664944044999,0.21455367774107792,0.20268013055156692,1.0585826896657247,2431,6287
Hellas,Ants,-0.27513327128614357,-0.4365164101822382,0.16138313889609462,0.20211128569898934,0.7984865285377858,2402,6439
Hellas,Aquifer Pumping,-0.17988685454837702,-0.12567464019134275,-0.05421221435703427,0.20451411944998124,-0.26507810073374005,2430,6498
Hellas,Archaebacteria,0.1215483047873965,0.0153495331345667,0.1061987716528298,0.1974174276431958,0.5379402057895776,2587,6388
Hellas,Arctic Algae,0.5195835630459021,0.5289370190898852,-0.009353456043983077,0.2036978671460976,-0.04591828169351683,2440,6370
Hellas,Artificial Lake,-0.34821484732606567,-0.282145633455746,-0.06606921387031967,0.20091584441455873,-0.32884023688045266,2539,6394
Hellas,Artificial Photosynthesis,-0.2955247146306816,-0.14878132654440837,-0.1467433880862732,0.20285150923305106,-0.7234029889207448,2430,6377
Hellas,Asteroid,-0.4545303226999601,-0.3374350058822722,-0.11709531681768787,0.20211343408399066,-0.5793544469143378,2492,6470
Hellas,Asteroid Mining,0.3459438983905916,-0.007122307220630664,0.35306620561122226,0.20295261272440016,1.7396484867660664,2456,6455
Hellas,Asteroid Mining Consortium,1.5270686718962527,0.7692775855670434,0.7577910863292093,0.20597004325391904,3.6791325299427524,2488,6407
Hellas,Beam From a Thorium Asteroid,0.11384257550019154,-0.09430495922552436,0.2081475347257159,0.20291701551091273,1.0257766417549241,2497,6420
Hellas,Big Asteroid,0.187963442364533,0.23474338591497665,-0.04677994355044365,0.20052611776528032,-0.23328603810701845,2456,6546
Hellas,Biomass Combustors,-0.4178518076334124,-0.5605174869151435,0.14266567928173107,0.206345937206352,0.6913907839099406,2378,6396
Hellas,Birds,-0.05951818468475767,0.020934827321862238,-0.0804530120066199,0.20592109916687665,-0.39069824477491494,2420,6452
Hellas,Black Polar Dust,-0.2463104855085185,-0.3042493669905229,0.057938881482004406,0.202458771842043,0.2861761975282945,2462,6469
Hellas,Breathing Filters,-0.39876862028093124,-0.32021675382511633,-0.07855186645581491,0.20750010733335686,-0.3785630160162681,2438,6409
Hellas,Bribed Committee,-0.19232344553291197,0.24222648151869638,-0.43454992705160833,0.20090998877608157,-2.1629085228605702,2467,6515
Hellas,Building Industries,0.44614636661266505,0.3755347265985788,0.07061164001408626,0.2035623678658213,0.34687963573222985,2447,6373
Hellas,Bushes,-0.14021342399956574,-0.2849089792766066,0.14469555527704084,0.20197909798926875,0.7163887586265416,2517,6462
Hellas,Business Contacts,0.1416630255212192,0.32442753830033244,-0.18276451277911324,0.2013797109450087,-0.9075616998428468,2474,6431
Hellas,Business Network,0.2930619726451443,0.17542303896944292,0.11763893367570136,0.20473945845583988,0.574578708779162,2492,6296
Hellas,CEO's Favourite Project,-0.25819952894868836,-0.3395001870549621,0.08130065810627374,0.2062255774892895,0.39423169083134785,2485,6364
Hellas,Callisto Penal Mines,-0.15160805943769426,-0.5003035575011717,0.34869549806347744,0.20855468092725457,1.6719619838458817,2421,6454
Hellas,Capital,-0.32062011305941335,-0.40527885894435545,0.0846587458849421,0.20096873859703906,0.4212533077330536,2475,6465
Hellas,Carbonate Processing,-0.24382378795012977,-0.37272347880220963,0.12889969085207986,0.19804649210727795,0.6508557131234488,2454,6346
Hellas,Caretaker Contract,-0.23597543620234707,-0.5671101931004698,0.3311347568981228,0.20107056935308393,1.6468584038106717,2486,6499
Hellas,Cartel,0.4555040919536806,0.535648935834346,-0.08014484388066545,0.20302468566288853,-0.394754182817658,2430,6365
Hellas,Cloud Seeding,-0.38317468344007066,-0.3087909405339356,-0.07438374290613509,0.19972926964474508,-0.37242284537684506,2553,6420
Hellas,Colonizer Training Camp,-0.40154565314056256,-0.5450336873224394,0.14348803418187683,0.2014638155549618,0.7122273237336336,2487,6515
Hellas,Comet,-0.278857555319202,0.24002639809495505,-0.518883953414157,0.20253750519995042,-2.561915398838852,2506,6344
Hellas,Commercial District,-0.08298251256466996,0.1037478914521582,-0.18673040401682817,0.20170787536271095,-0.9257467200080794,2450,6441
Hellas,Convoy From Europa,-0.016049405988706245,-0.06393980775421276,0.04789040176550652,0.20365266754744557,0.23515725250369895,2448,6460
Hellas,Corporate Stronghold,0.19089503845573821,-0.011248157645622588,0.2021431961013608,0.204043215990218,0.9906881496665477,2475,6365
Hellas,Cupola City,0.14804971173944376,-0.2051231625968009,0.35317287433624467,0.2062183803809173,1.712615886536785,2418,6386
Hellas,Decomposers,-0.0968881330652974,-0.3993379756035673,0.3024498425382699,0.20216838985129745,1.4960293385169328,2472,6427
Hellas,Deep Well Heating,-0.155223683005449,0.027236426644273354,-0.18246010964972237,0.19918346190707378,-0.9160404578912608,2409,6554
Hellas,Deimos Down,0.8088571810252106,0.6221437547862144,0.18671342623899623,0.20034844005120425,0.9319434989924391,2483,6452
Hellas,Designed Microorganisms,0.40686643297302066,0.31415398296404096,0.09271245000897971,0.20171263094970276,0.45962639807170846,2517,6413
Hellas,Development Center,1.4390242901564185,1.1554625103923752,0.2835617797640433,0.2059023282478725,1.3771664564311366,2352,6499
Hellas,Domed Crater,-0.1316882605981491,-0.19515892138333668,0.0634706607851876,0.20296633203968795,0.3127152180726041,2431,6434
Hellas,Dust Seals,-0.445270889856787,-0.38143206781613226,-0.06383882204065472,0.1995799435257985,-0.3198659189539387,2483,6460
Hellas,Earth Catapult,2.9123501852105957,2.656344218581171,0.25600596662942454,0.20244113797946728,1.264594583811271,2419,6320
Hellas,Earth Office,0.6375396117780249,0.8908184229496577,-0.25327881117163287,0.20762905122069852,-1.2198621035088733,2414,6340
Hellas,Ecological Zone,0.08974378795950955,-0.2234447997379743,0.3131885876974838,0.20067484929390025,1.5606768302030738,2519,6583
Hellas,Electro Catapult,0.9689527385776399,0.8155034578232582,0.1534492807543817,0.19956868125561278,0.7689046186452465,2461,6408
Hellas,Energy Saving,-0.659145186805726,-0.1900902781621,-0.469054908643626,0.20107333386140977,-2.3327554163244892,2486,6592
Hellas,Energy Tapping,0.4756836595541183,0.26677853221335324,0.20890512734076505,0.20186443003430923,1.0348783453591064,2531,6384
Hellas,Eos Chasma National Park,-0.20342544835967763,-0.17222608031595862,-0.031199368043719006,0.20190584884570437,-0.15452434004307342,2465,6463
Hellas,Equatorial Magnetizer,-0.6702067979382518,-0.43390487258740534,-0.23630192535084643,0.20196619187483097,-1.1700073322038727,2396,6386
Hellas,Extreme-Cold Fungus,-0.2886620987526446,-0.23992187679664242,-0.04874022195600217,0.20095029624396946,-0.24254864445100247,2529,6385
Hellas,Farming,-0.42796186600817504,-0.44760698611811256,0.01964512010993752,0.20137347447337162,0.09755564957754785,2397,6482
Hellas,Fish,-0.30918639476901755,-0.2679451662460713,-0.04124122852294626,0.20075741613015316,-0.2054281695686357,2456,6508
Hellas,Flooding,-0.399941614930716,8.516255653713209e-05,-0.4000267774872531,0.2041290737773974,-1.9596756605258594,2510,6421
Hellas,Food Factory,-0.34107385225240755,-0.4458885521642575,0.10481469991184994,0.20502799433585822,0.5112214078441992,2443,6408
Hellas,Fuel Factory,0.3767853911969197,0.2524806452914199,0.12430474590549978,0.20578353519532686,0.6040558385174569,2353,6568
Hellas,Fueled Generators,-0.44524077399373635,-0.2671126313966932,-0.17812814259704313,0.20193844609837927,-0.8820912809751127,2474,6462
Hellas,Fusion Power,-0.14592088194227174,-0.42582634038317335,0.27990545844090164,0.20529939360395247,1.3634012917781597,2412,6385
Hellas,GHG Factories,-0.41460880614159085,-0.2112944468152187,-0.20331435932637215,0.20183848866767928,-1.0073121368894258,2471,6537
Hellas,GHG Producing Bacteria,-0.5357224881617884,-0.10248609919679048,-0.4332363889649979,0.2028817249622847,-2.135413571850967,2442,6414
Hellas,Ganymede Colony,-0.46624781868711895,-0.2195247056547799,-0.24672311303233904,0.20055704248920495,-1.2301892268162011,2520,6489
Hellas,Gene Repair,-0.13112877106807133,-0.20671390485708008,0.07558513378900875,0.2082098432466306,0.3630238254368981,2352,6474
Hellas,Geothermal Power,0.007548165994324715,-0.04585783697624592,0.05340600297057064,0.20264156077263176,0.2635491099009711,2462,6421
Hellas,Giant Ice Asteroid,0.5332263267992965,0.944226966205057,-0.4110006394057605,0.20226927834055067,-2.031947920008788,2445,6454
Hellas,Giant Space Mirror,0.23933009322882115,0.16909759484636877,0.07023249838245238,0.20054645143518568,0.35020564003921417,2556,6577
Hellas,Grass,-0.1212806102468566,-0.21567360661025017,0.09439299636339357,0.19969522788295857,0.47268528829701095,2505,6459
Hellas,Great Dam,-0.582211482402909,-0.534381356117332,-0.047830126285577035,0.20302641099948995,-0.23558573512732386,2469,6431
Hellas,Great Escarpment Consortium,0.3856641434823013,0.20251029276290397,0.18315385071939735,0.2037442124976648,0.8989401390800072,2447,6445
Hellas,Greenhouses,0.0465668676729839,-0.265492333766127,0.3120592014391109,0.2074167585139357,1.5045033182222092,2389,6276
Hellas,Hackers,0.4234793081186595,0.33843396642358636,0.08504534169507316,0.2009167554662029,0.42328645760646383,2492,6411
Hellas,Heat Trappers,-0.04316719871835768,0.006309269463863319,-0.049476468182221,0.2092095899765342,-0.23649235289725717,2378,6284
Hellas,Heather,-0.5824491305812386,-0.3020826421105138,-0.2803664884707248,0.2050855868870367,-1.3670706592616555,2461,6347
Hellas,Herbivores,-0.1096297899657394,-0.42173924660870193,0.3121094566429625,0.20301423143767233,1.5373772293337162,2477,6400
Hellas,Hired Raiders,-0.16298234684673846,-0.14803662002152324,-0.014945726825215222,0.20039154789257685,-0.0745826207861178,2463,6458
Hellas,House Printing,-0.21149081098893477,-0.197539740316158,-0.01395107067277676,0.2048884499677622,-0.06809105479089654,2431,6317
Hellas,Ice Asteroid,-0.07263531940513836,0.3543667867401065,-0.42700210614524486,0.20036793801827163,-2.131089985595931,2487,6462
Hellas,Ice cap Melting,-0.5061979848000757,-0.30170529648163713,-0.2044926883184386,0.2075170211584514,-0.9854260974683925,2408,6296
Hellas,Immigrant City,-0.8747143104591198,-0.8470253043010096,-0.027689006158110208,0.20542395426282847,-0.13478956851684235,2396,6500
Hellas,Immigration Shuttles,-0.09452411132574769,-0.07649507611940529,-0.0180290352063424,0.20396982188612456,-0.08839069936732077,2517,6540
Hellas,Import of Advanced GHG,-0.4335653931989381,-0.21542679057462347,-0.21813860262431464,0.2009355608416272,-1.0856147200158686,2502,6397
Hellas,Imported GHG,-0.3423054398224603,-0.055145642978725345,-0.28715979684373494,0.20019238542933404,-1.43441917747216,2509,6405
Hellas,Imported Hydrogen,-0.035184831144913796,-0.07947071751059101,0.044285886365677214,0.20190618313342076,0.219338930974753,2454,6564
Hellas,Imported Nitrogen,-0.31357650625970895,-0.38568039114964486,0.07210388488993591,0.2030494034328365,0.3551051304309102,2460,6448
Hellas,Indentured Workers,0.010181045841868689,-0.18534700875255994,0.19552805459442862,0.2040501649909719,0.9582352192809042,2437,6423
Hellas,Industrial Center,-0.25180343953685747,-0.15978432952872673,-0.09201911000813073,0.20415433398415087,-0.4507330714579611,2431,6452
Hellas,Industrial Microbes,0.22430736073061971,0.4616811844728004,-0.23737382374218066,0.20273767050633817,-1.1708422176763624,2532,6417
Hellas,Insects,0.1112434153361816,-0.19172992883596754,0.30297334417214916,0.19934171432529868,1.5198692616726357,2526,6389
Hellas,Insulation,-0.35028143213249713,-0.416394998795177,0.06611356666267987,0.20847060036724788,0.31713616474559136,2465,6403
Hellas,Interstellar Colony Ship,-0.1713345788487543,-0.5390822049684233,0.367747626119669,0.20495763261555197,1.7942616794831416,2404,6316
Hellas,Invention Contest,-0.15431044099631658,0.3458125142272114,-0.500122955223528,0.2019562147430328,-2.4763929936985587,2555,6460
Hellas,Inventors' Guild,0.5395090227337689,0.5747011542761165,-0.03519213154234757,0.2039959848590107,-0.17251384416546325,2417,6442
Hellas,Investment Loan,-0.013196614572085041,-0.11936663622869881,0.10617002165661377,0.20281486766619233,0.5234824393217375,2444,6421
Hellas,Io Mining Industries,0.7522449781905715,0.40483116631525656,0.3474138118753149,0.20237823865372334,1.716655971444404,2489,6457
Hellas,Ironworks,-0.43121957009954837,-0.33181035774142326,-0.09940921235812511,0.20334929442192598,-0.48885939162327574,2478,6427
Hellas,Kelp Farming,0.7705838181445179,0.8514561627849591,-0.08087234464044113,0.20223080828143283,-0.3999012085631176,2442,6531
Hellas,Lagrange Observatory,0.05140459259586559,-0.24558797173308006,0.29699256432894566,0.2027784096669307,1.4646163011967812,2512,6432
Hellas,Lake Marineris,-0.35561194757220593,-0.4206795928163488,0.06506764524414288,0.20042256432372885,0.3246522938357558,2505,6434
Hellas,Land Claim,-0.5280975296697779,-0.15069254541020594,-0.3774049842595719,0.20249731508387858,-1.863753028543825,2422,6383
Hellas,Large Convoy,0.2297129298295401,0.09382302955137282,0.13588990027816727,0.2023344712691614,0.6716102274900836,2504,6422
Hellas,Lava Flows,0.11986249526570206,0.22344590621735216,-0.1035834109516501,0.1994500931569781,-0.5193450116371935,2489,6617
Hellas,Lava Tube Settlement,-0.3473583440780872,-0.5772693990766659,0.22991105499857867,0.20600212156736264,1.116061588343389,2439,6321
Hellas,Lichen,-0.15161703883894778,-0.36527797381354393,0.21366093497459615,0.20289393242787915,1.0530671490166137,2484,6361
Hellas,Lightning Harvest,-0.11220194605933922,-0.3178946960776179,0.20569275001827866,0.2006781964865279,1.024988033675534,2454,6402
Hellas,Livestock,-0.650547116853295,-0.3765302670801659,-0.2740168497731291,0.2039181796890387,-1.3437588065516577,2524,6448
Hellas,Local Heat Trapping,-0.3878681836760763,-0.24244844171722663,-0.14541974195884966,0.20195835224336162,-0.7200481700485334,2458,6358
Hellas,Lunar Beam,-0.30237220648436924,-0.2911191601307145,-0.011253046353654761,0.20456589246940818,-0.05500939681495339,2421,6360
Hellas,Magnetic Field Dome,-0.2763746983863671,-0.3687460195718979,0.09237132118553082,0.20834904470733367,0.44334890671221516,2432,6358
Hellas,Magnetic Field Generators,-0.43322794144177856,-0.27180249753291635,-0.1614254439088622,0.1993158720077808,-0.80989758759684,2537,6492
Hellas,Mangrove,-0.3221033666479301,-0.24438589097599792,-0.07771747567193218,0.20243549481235779,-0.38391229632911134,2508,6409
Hellas,Mars University,0.659797958739874,0.9359529337997701,-0.27615497505989606,0.2003128710464038,-1.3786182266636422,2534,6610
Hellas,Martian Rails,-0.1929195203079869,-0.4565553227702236,0.2636358024622367,0.2053538469992829,1.2838123381402118,2459,6414
Hellas,Martian Survey,-0.1346565058683693,-0.1989651088456466,0.06430860297727731,0.2054247833923969,0.31305182322834313,2493,6415
Hellas,Mass Converter,0.62680318041816,0.7798846612699002,-0.15308148085174023,0.20573150801720802,-0.7440837931297136,2395,6524
Hellas,Media Archives,-0.3070129113350568,-0.15906388345885483,-0.14794902787620198,0.20413855560845348,-0.7247480880582626,2390,6540
Hellas,Media Group,1.087375369718678,1.2188057407256707,-0.13143037100699262,0.20218150445464134,-0.6500612969594285,2415,6415
Hellas,Medical Lab,-0.19303644604670878,0.07881776973474505,-0.27185421578145386,0.20267871449283126,-1.3413061971589983,2452,6394
Hellas,Methane From Titan,0.19790672459931083,-0.012875616789933689,0.2107823413892445,0.20534463401363443,1.0264808837188755,2396,6511
Hellas,Micro-Mills,-0.3178868312326471,-0.35761694722598586,0.039730115993338755,0.19816577894540208,0.2004892883361312,2471,6480
Hellas,Mine,0.6227436785818714,0.6031998219241166,0.01954385665775482,0.2043228230290016,0.09565185312157108,2537,6475
Hellas,Mineral Deposit,-0.25117641879034774,0.03784185481450733,-0.2890182736048551,0.20377341626681766,-1.4183315905467235,2491,6394
Hellas,Mining Area,0.9473124714825275,1.1920790245685013,-0.24476655308597384,0.20009447478547426,-1.2232549316936088,2501,6422
Hellas,Mining Expedition,-0.5942026814139686,-0.31870378312555586,-0.27549889828841273,0.20077102514281286,-1.372204470702106,2456,6497
Hellas,Mining Rights,1.157561705122405,1.156991558118045,0.0005701470043599777,0.19805163951239624,0.0028787795231772955,2538,6569
Hellas,Miranda Resort,0.23563083503897223,0.020254740257728516,0.2153760947812437,0.20303629320579838,1.0607763340268315,2517,6491
Hellas,Mohole Area,0.02315310297186723,0.7636372942607956,-0.7404841912889284,0.20010956139647157,-3.700393854853479,2542,6429
Hellas,Moss,-0.11193896964142779,-0.46530239685349994,0.35336342721207215,0.20318981752603993,1.7390803905160583,2470,6536
Hellas,Natural Preserve,0.9208950384557383,0.8965050096218277,0.024390028833910615,0.20357607291356372,0.11980793462042255,2500,6420
Hellas,Nitrite Reducing Bacteria,-0.1561156085549088,-0.3705302414427658,0.214414632887857,0.20540205915406487,1.043877718514166,2442,6388
Hellas,Nitrogen-Rich Asteroid,0.6072396439307784,0.7044375944379765,-0.09719795050719804,0.20226567137333884,-0.4805459564504724,2484,6277
Hellas,Nitrophilic Moss,-0.11647935376468319,0.010745713680534678,-0.12722506744521786,0.20299376786734144,-0.6267437113062544,2468,6327
Hellas,Noctis City,-0.24774597668957493,-0.21706472986101852,-0.030681246828556413,0.20432002531595234,-0.1501627007979867,2443,6583
Hellas,Noctis Farming,-0.26286054416707955,-0.3085872127236301,0.045726668556550554,0.20057592478314507,0.22797685517834934,2463,6404
Hellas,Nuclear Power,-0.4975059557447589,-0.32470358207409195,-0.17280237367066698,0.20473012735370125,-0.8440495588229943,2414,6371
Hellas,Nuclear Zone,1.1855259109389598,1.2446147680248825,-0.05908885708592271,0.20144467287738918,-0.2933254885418965,2533,6509
Hellas,Olympus Conference,1.250936446323233,0.690669839376803,0.56026660694643,0.20584702607395147,2.721761968740572,2415,6347
Hellas,Open City,-0.6006717246695201,-0.42700614835967465,-0.17366557630984547,0.2062285564550917,-0.8421024677426905,2419,6425
Hellas,Optimal Aerobraking,0.4326717491400119,0.6766925217326059,-0.24402077259259397,0.201238240874768,-1.2125964306379018,2499,6270
Hellas,Ore Processor,-0.5295131248095679,-0.2763983794321217,-0.2531147453774462,0.20348408798765547,-1.243904365597381,2450,6439
Hellas,Permafrost extraction,-0.41812267490980126,-0.3635206633276726,-0.054602011582128684,0.2042400044179979,-0.2673423932677759,2484,6373
Hellas,Peroxide Power,-0.2294971184070069,-0.2848556017304218,0.05535848332341489,0.19637997858196066,0.2818947416287176,2550,6326
Hellas,Pets,-0.37886302606039085,-0.6716649416958529,0.29280191563546204,0.2006595575948921,1.4591974543599586,2480,6483
Hellas,Phobos Space Haven,-0.7176376569190624,-0.5252107012182974,-0.19242695570076507,0.20179772107869032,-0.9535635718389944,2508,6378
Hellas,Physics Complex,-0.33216941229416047,-0.4154555456283098,0.0832861333341493,0.2045628770097142,0.40714197293086685,2467,6528
Hellas,Plantation,0.1123410173346984,-0.6104028662899705,0.7227438836246689,0.20654333804343009,3.4992359979807084,2462,6369
Hellas,Power Grid,-0.36422210087841717,-0.21709151442939592,-0.14713058644902124,0.2044707600253332,-0.7195678562098183,2433,6369
Hellas,Power Infrastructure,-0.39054404576339513,-0.3486147543063655,-0.041929291457029616,0.20113183114912772,-0.20846671169587996,2446,6463
Hellas,Power Plant,-0.11889489416415874,0.10553589400417628,-0.224430788168335,0.19686716315223854,-1.1400112876863133,2523,6445
Hellas,Power Supply Consortium,-0.5583720625214604,-0.25091293391277714,-0.3074591286086833,0.2014161839606775,-1.5264867130473914,2456,6380
Hellas,Predators,-0.5665833299002568,-0.18535641581244902,-0.38122691408780784,0.20319035156462367,-1.876205790049832,2427,6405
Hellas,Protected Habitats,-0.7988320883500403,-0.5356872539113744,-0.2631448344386659,0.20067582523753558,-1.311293147179971,2492,6436
Hellas,Protected Valley,-0.34641962381773794,0.21182749721845856,-0.5582471210361966,0.20068448526893096,-2.781715389149825,2428,6480
Hellas,Psychrophiles,0.769737187560278,0.7572307449836647,0.012506442576613264,0.2060336735961658,0.06070096386829654,2401,6393
Hellas,Quantum Extractor,0.4274288057462182,0.4568548896706553,-0.029426083924437074,0.20439092205836332,-0.1439696226627645,2458,6472
Hellas,Rad-Chem Factory,-0.48190339598653187,-0.35634753418989584,-0.12555586179663603,0.19864296155643335,-0.6320680119389295,2555,6466
Hellas,Rad-Suits,-0.1508306805938658,-0.45674903670895256,0.3059183561150868,0.2040040672679733,1.4995698870711343,2399,6384
Hellas,Regolith Eaters,-0.4619275421894231,-0.13344199613752242,-0.3284855460519007,0.20340308385819517,-1.6149487009789303,2480,6367
Hellas,Release of Inert Gases,-0.09402978885023498,-0.29297313287379945,0.19894334402356445,0.20331085754832798,0.9785180507453944,2461,6458
Hellas,Research,0.6722695015560897,0.6946824117117911,-0.02241291015570146,0.20135883828308557,-0.11130830087622817,2561,6490
Hellas,Research Coordination,0.34908574750219296,-0.0660372219608146,0.41512296946300753,0.20523734512907724,2.022648310919875,2454,6390
Hellas,Research Outpost,1.881760034413701,1.9006295168342233,-0.01886948242052222,0.2011748128429865,-0.09379644575710146,2474,6509
Hellas,Restricted Area,1.9498817694569446,2.1105475546929826,-0.16066578523603803,0.2002795658465974,-0.8022075769781664,2487,6530
Hellas,Robotic Workforce,0.40436442621084023,0.39267075514993494,0.011693671060905297,0.20095997331130702,0.058189055602583285,2450,6397
Hellas,Rover Construction,-0.6296979102622104,-0.39931915360099385,-0.2303787566612166,0.1985916598656398,-1.1600625968738205,2496,6357
Hellas,SF Memorial,-0.19548935340810572,-0.4498424214516212,0.25435306804351543,0.20596641331811877,1.2349249760962853,2409,6207
Hellas,Sabotage,0.08684645545978678,0.21395531016106292,-0.12710885470127614,0.20158015261218623,-0.6305623497855808,2470,6337
Hellas,Satellites,-0.13982661102879787,-0.20517466458173847,0.0653480535529406,0.20570519574740043,0.3176781865694145,2425,6379
Hellas,Search For Life,-0.3764600052297265,-0.43044800208515316,0.053987996855426656,0.2038365193291264,0.2648592952485343,2518,6391
Hellas,Security Fleet,-0.514476862370708,-0.41025827680795474,-0.10421858556275326,0.20397355877851728,-0.5109416445291226,2420,6424
Hellas,Shuttles,-0.33684277129646006,-0.2764981951869742,-0.06034457610948585,0.19924586175117517,-0.30286489053833476,2502,6471
Hellas,Small Animals,0.1916279374785395,-0.18777867390874817,0.3794066113872877,0.20136348380868443,1.8841877594239587,2456,6489
Hellas,Soil Factory,-0.5180699167194859,-0.2899250712007765,-0.2281448455187094,0.20357285688601753,-1.1207036586731696,2454,6435
Hellas,Solar Power,-0.5116154217953078,-0.48648684276254806,-0.02512857903275978,0.20424874202569612,-0.12302929645264793,2390,6552
Hellas,Solar Wind Power,0.5839875354783662,0.2547071640338684,0.32928037144449784,0.2005296226971467,1.6420535131699678,2519,6225
Hellas,Soletta,-0.6162920743075827,-0.5303918561103071,-0.08590021819727556,0.1976108403667161,-0.43469385605499333,2421,6541
Hellas,Space Elevator,1.1594743815503168,1.2721513195769945,-0.11267693802667766,0.19845666198541576,-0.567765964112397,2527,6376
Hellas,Space Hotels,0.9637365463600754,0.7248159329600229,0.23892061340005255,0.20325478340309508,1.175473508666337,2467,6446
Hellas,Space Mirrors,-0.20087483769288345,-0.4646105865257016,0.26373574883281814,0.19797464859400832,1.332169298977607,2503,6506
Hellas,Space Station,-0.328895790184648,-0.2295178389121697,-0.09937795127247828,0.20372916232010796,-0.48779443326003274,2486,6373
Hellas,Special Design,-0.46455841739723824,-0.38900404101145364,-0.0755543763857846,0.20119709404368383,-0.3755241930550959,2503,6396
Hellas,Sponsors,0.306534074797102,0.5330438838346868,-0.22650980903758483,0.20707129255804751,-1.0938735458662778,2449,6315
Hellas,Standard Technology,-0.2401608621653798,-0.15162534290732177,-0.08853551925805803,0.20524620269634292,-0.431362520207228,2415,6376
Hellas,Steelworks,-0.018959119999129755,-0.24246620716732686,0.22350708716819712,0.19803206347092586,1.1286409041584893,2537,6516
Hellas,Strip Mine,0.039438727776126545,0.2752812846510424,-0.23584255687491584,0.20326249442987832,-1.160285656910882,2472,6414
Hellas,Subterranean Reservoir,-0.1696627304685646,0.09079943954361494,-0.26046217001217953,0.20030291399971728,-1.3003413920006535,2510,6539
Hellas,Symbiotic Fungus,-0.17800467733800926,-0.30020953981857845,0.12220486248056919,0.20369607624499872,0.5999372434331299,2463,6480
Hellas,Tardigrades,-0.4250159260949626,-0.10191911804612448,-0.3230968080488381,0.20722878582228818,-1.559130922698713,2426,6456
Hellas,Technology Demonstration,0.2842560343063606,0.18395138422514995,0.10030465008121064,0.2061179894268124,0.4866370488094948,2410,6428
Hellas,Tectonic Stress Power,-0.2965301112448606,-0.18464679768811598,-0.11188331355674463,0.20144161641878355,-0.5554131045302315,2505,6485
Hellas,Terraforming Ganymede,0.16196322923224588,-0.042397642448479225,0.2043608716807251,0.20155479302969312,1.0139221628464006,2537,6466
Hellas,Titanium Mine,0.38783845026903846,0.5709384542493324,-0.18310000398029397,0.20815702738157896,-0.8796244176020432,2421,6410
Hellas,Toll Station,-0.5323421410314413,-0.37437062770062046,-0.15797151333082082,0.20144110778613966,-0.784206933068158,2496,6484
Hellas,Towing a Comet,-0.3521560797551244,-0.40451464570975587,0.05235856595463145,0.19942575487983133,0.2625466604661035,2504,6452
Hellas,Trans-Neptune Probe,-0.2323084942620458,-0.2296187108944162,-0.0026897833676295946,0.202105331740381,-0.013308819438196796,2491,6328
Hellas,Trees,0.15715520105736422,0.025743711030943316,0.1314114900264209,0.2026485738271724,0.6484698487860783,2460,6427
Hellas,Tropical Resort,-0.18842379617700697,-0.4416265717220363,0.25320277554502935,0.20199115077017651,1.2535340017599133,2437,6397
Hellas,Tundra Farming,-0.26309922618989884,-0.5217166298958885,0.2586174037059897,0.2027560930707703,1.2755098985642885,2441,6501
Hellas,Underground City,-0.5104999396231776,-0.31920896560094997,-0.19129097402222767,0.2005145053395629,-0.9540006778975139,2509,6450
Hellas,Underground Detonations,-0.0827317632583249,-0.5029144930383822,0.42018272978005733,0.2000598853058768,2.1002847679215098,2567,6442
Hellas,Urbanized Area,-0.31874548442007883,-0.2960955616000364,-0.022649922820042412,0.20497593189168595,-0.11050040173502496,2448,6347
Hellas,Vesta Shipyard,0.30093519909830846,-0.0009114435183691216,0.3018466426166776,0.2031662187680798,1.4857127550384959,2490,6310
Hellas,Viral Enhancers,0.2811534877599131,0.06273566619110996,0.21841782156880316,0.2024365680110383,1.0789444995772377,2515,6379
Hellas,Virus,0.07150060310385604,0.08228942505717747,-0.010788821953321426,0.20224911251734548,-0.05334422395745318,2444,6351
Hellas,Water Import From Europa,-0.2415021939414942,-0.2972079966087019,0.055705802667207704,0.2039967976328994,0.27307194678346164,2457,6400
Hellas,Water Splitting Plant,-0.46259814054384846,-0.35170506088558695,-0.1108930796582615,0.20352890917312702,-0.5448517368308251,2419,6472
Hellas,Wave Power,-0.571267123706424,-0.2258183730866111,-0.34544875061981284,0.20851209110071892,-1.6567324647516415,2405,6428
Hellas,Windmills,0.005221686020208114,-0.3614202269661259,0.36664191298633403,0.20767920938681778,1.765424252475059,2443,6351
Hellas,Worms,-0.5113562918758213,-0.3513834426253122,-0.15997284925050914,0.2031300038686613,-0.7875392418834566,2443,6502
Hellas,Zeppelins,-0.46926756317027807,-0.2844490273827638,-0.18481853578751428,0.20428572410430781,-0.9047060757566513,2460,6369
Elysium,AI Central,1.5162334837277527,2.3547484231630214,-0.8385149394352687,0.2865348923856401,-2.926397313967377,941,7882
Elysium,Acquired Company,0.804924126381145,0.8717959899119607,-0.06687186353081576,0.28256135343818867,-0.23666316259149792,988,7999
Elysium,Adaptation Technology,0.09023355379583552,-0.24191384352851852,0.33214739732435405,0.29293977866372717,1.1338419071642514,910,8036
Elysium,Adapted Lichen,-0.32538990320693184,-0.30396581076896845,-0.021424092437963393,0.2829732824164699,-0.07571065457138171,957,8051
Elysium,Advanced Alloys,1.5949661861742563,1.7783217304980536,-0.1833555443237973,0.3041344861062092,-0.6028765322580559,926,7986
Elysium,Advanced Ecosystems,-0.615988079426865,-0.29031974958364,-0.32566832984322497,0.2930682468673808,-1.1112371719703784,937,7989
Elysium,Aerobraked Ammonia Asteroid,-0.7872366553199431,-0.42762050881161756,-0.3596161465083256,0.2920099198750712,-1.2315203081531543,948,7982
Elysium,Algae,-0.4620720629379029,-0.04492143664579166,-0.41715062629211125,0.27675321594381724,-1.5073018207557003,953,8037
Elysium,Anti-Gravity Technology,0.37842404507592514,0.5806130030364068,-0.2021889579604817,0.28467893469105465,-0.7102350519187712,971,7747
Elysium,Ants,0.15650753405286663,-0.45828568121246743,0.614793215265334,0.283667010825925,2.1673060024685347,944,7897
Elysium,Aquifer Pumping,-0.14972648616420442,-0.1392077982018967,-0.010518687962307732,0.28640371446617535,-0.0367267861099965,1001,7927
Elysium,Archaebacteria,-0.3757847021417753,0.0982987797743475,-0.4740834819161228,0.27439139045157024,-1.727763692351703,992,7983
Elysium,Arctic Algae,0.34635277703834644,0.5480752837602137,-0.2017225067218673,0.2889614400981655,-0.6980948968600741,949,7861
Elysium,Artificial Lake,0.0035379448780043787,-0.33814522887403914,0.3416831737520435,0.29510656151399955,1.157829808998789,972,7961
Elysium,Artificial Photosynthesis,0.10144566781572491,-0.22343090837482713,0.32487657619055205,0.2937094193808712,1.106115618884066,926,7881
Elysium,Asteroid,-0.36954982828970484,-0.3700543847069345,0.0005045564172296846,0.2920660582138217,0.00172754211946223,973,7989
Elysium,Asteroid Mining,0.518908780006996,0.03759107803742453,0.4813177019695715,0.28629349594519493,1.681203760429507,974,7937
Elysium,Asteroid Mining Consortium,0.7690341501843716,1.0079590071245552,-0.23892485694018362,0.28537305658790635,-0.8372369129619817,995,7900
Elysium,Beam From a Thorium Asteroid,0.01992021532963081,-0.04265446059497964,0.06257467592461045,0.2962323051813472,0.21123515170400997,942,7975
Elysium,Big Asteroid,0.12497582302086337,0.23354318158624626,-0.1085673585653829,0.2932483454281392,-0.3702232604479858,957,8045
Elysium,Biomass Combustors,-0.5695361676561289,-0.5159241080538121,-0.05361205960231685,0.28527447540088974,-0.18793149834725678,963,7811
Elysium,Birds,0.6506413606432709,-0.0808763334046781,0.7315176940479491,0.2858631230990662,2.558978878134067,969,7903
Elysium,Black Polar Dust,-0.2833111677365021,-0.28887064893158476,0.0055594811950826495,0.28375713824015847,0.01959239238724409,969,7962
Elysium,Breathing Filters,-0.16438795508434842,-0.36323050719450384,0.19884255211015542,0.2890998806822215,0.6877988037937764,951,7896
Elysium,Bribed Committee,0.10455753826907371,0.12521032935952514,-0.020652791090451428,0.28894173357856745,-0.0714773557791908,1005,7977
Elysium,Building Industries,0.2486218321841139,0.4133387942985192,-0.1647169621144053,0.2856258598319997,-0.5766878468612368,975,7845
Elysium,Bushes,-0.764003422616873,-0.1824552449387374,-0.5815481776781356,0.2874918160079999,-2.022833852292871,956,8023
Elysium,Business Contacts,0.45319384931427054,0.2522997502686116,0.2008940990456589,0.2963390455905642,0.6779197747812941,946,7959
Elysium,Business Network,0.06573920756235885,0.22640801009896375,-0.1606688025366049,0.30011593942685566,-0.5353557789814197,966,7822
Elysium,CEO's Favourite Project,-0.37382037942297996,-0.30995994183471925,-0.06386043758826071,0.2935910321209351,-0.21751494630788148,934,7915
Elysium,Callisto Penal Mines,-0.2517560355621749,-0.424361940822154,0.1726059052599791,0.28632744642871,0.6028269640680591,988,7887
Elysium,Capital,-0.3441986806363989,-0.38616610451463945,0.04196742387824054,0.2918782418964212,0.14378400940599578,918,8022
Elysium,Carbonate Processing,-0.16454500098271924,-0.3570072740308214,0.19246227304810215,0.2886371614409408,0.6667965832510538,924,7876
Elysium,Caretaker Contract,-0.3646440986721784,-0.4880477548029077,0.12340365613072929,0.29033119843217,0.4250444209824045,913,8072
Elysium,Cartel,0.7112979612865421,0.48975359948834873,0.22154436179819337,0.2923822805533562,0.7577215738891682,943,7852
Elysium,Cloud Seeding,-0.24953604216711392,-0.34000488995992806,0.09046884779281414,0.28920162984550757,0.31282274529760734,993,7980
Elysium,Colonizer Training Camp,-0.4925354084028619,-0.5069571834117622,0.014421775008900295,0.2856527960603951,0.050487078046493626,982,8020
Elysium,Comet,0.5116121751744569,0.039697678986325965,0.4719144961881309,0.2897210127129537,1.628858368846338,1001,7849
Elysium,Commercial District,0.1003623546906385,0.04652890484454344,0.05383344984609507,0.2868181070521286,0.18769195013308887,953,7938
Elysium,Convoy From Europa,-0.3528074960633962,-0.013939727052659891,-0.3388677690107363,0.28552467681175997,-1.1868248054585637,968,7940
Elysium,Corporate Stronghold,0.16346620349907345,0.0313480654837095,0.13211813801536396,0.2897448734669111,0.45598093396621175,935,7905
Elysium,Cupola City,-0.16614485040865562,-0.10095171990798013,-0.06519313050067549,0.28713169345950423,-0.22704958033436332,966,7838
Elysium,Decomposers,-0.28634466112748536,-0.31894731430607415,0.03260265317858879,0.28472377501906115,0.11450625497082627,991,7908
Elysium,Deep Well Heating,0.014953917840926475,-0.02638316596668704,0.041337083807613514,0.289297674478022,0.1428877155068659,1007,7956
Elysium,Deimos Down,0.6190559125394541,0.6810975251256455,-0.06204161258619134,0.27450276328171597,-0.2260145283948178,1016,7919
Elysium,Designed Microorganisms,0.49589844041805825,0.32148504393491695,0.1744133964831413,0.29020588718832785,0.6009988225013385,961,7969
Elysium,Development Center,0.555172388545991,1.3125133563967513,-0.7573409678507602,0.3006453427268134,-2.519051055245952,954,7897
Elysium,Domed Crater,-0.3464294008403505,-0.15513425320689955,-0.19129514763345096,0.27671149305087156,-0.691316235275716,1046,7819
Elysium,Dust Seals,-0.4639570317380336,-0.39157870269288475,-0.07237832904514885,0.297493277504989,-0.24329399861459072,938,8005
Elysium,Earth Catapult,2.606271312132943,2.741465159732552,-0.13519384759960884,0.2877840674721704,-0.469775303362416,922,7817
Elysium,Earth Office,0.891854317968901,0.8122977697413899,0.07955654822751113,0.2947126297568652,0.26994617873399057,956,7798
Elysium,Ecological Zone,0.05339168080938421,-0.1601277359349693,0.21351941674435349,0.2849827505337832,0.7492362830537067,996,8106
Elysium,Electro Catapult,0.3291346526969344,0.9253155785770262,-0.5961809258800917,0.28171065180802635,-2.116288191638431,1000,7869
Elysium,Energy Saving,-0.033592620030338305,-0.35425710865444515,0.32066448862410685,0.28701476391946323,1.117240396435097,1012,8066
Elysium,Energy Tapping,0.012538908016083355,0.36298817263386046,-0.3504492646177771,0.28877335113735914,-1.2135789650862934,940,7975
Elysium,Eos Chasma National Park,-0.30948383827012194,-0.16568631525849437,-0.14379752301162757,0.296910600229968,-0.4843125267344823,941,7987
Elysium,Equatorial Magnetizer,-0.26343208241600197,-0.5276436204952828,0.2642115380792808,0.28034137945066145,0.9424635727947561,974,7808
Elysium,Extreme-Cold Fungus,-0.249702315111996,-0.2542868532003143,0.004584538088318296,0.2862141371606591,0.016017860381735378,963,7951
Elysium,Farming,-0.6041375185568881,-0.4221443358143717,-0.1819931827425164,0.2887830399463976,-0.6302073098762899,981,7898
Elysium,Fish,-0.5383734379179522,-0.24935095014585387,-0.2890224877720984,0.29410974427512154,-0.9827028631249145,927,8037
Elysium,Flooding,-0.07914265822743533,-0.11633351073482558,0.03719085250739025,0.29300306177399327,0.1269299108419463,952,7979
Elysium,Food Factory,0.01709885851348923,-0.46574317056152004,0.4828420290750093,0.2933624357598338,1.6458890785536573,894,7957
Elysium,Fuel Factory,-0.15844016670451036,0.3394304942753079,-0.49787066097981825,0.2842921098893273,-1.7512644342244863,969,7952
Elysium,Fueled Generators,-0.14840412703419276,-0.3368158721147756,0.18841174508058284,0.28317470324740207,0.6653551426730819,967,7969
Elysium,Fusion Power,-0.3648385155177199,-0.3471027316515357,-0.017735783866184185,0.2937648592841674,-0.06037408255501329,969,7828
Elysium,GHG Factories,-0.06207307677166461,-0.29363369419175434,0.2315606174200897,0.2740883406546547,0.8448393567818743,1035,7973
Elysium,GHG Producing Bacteria,-0.006596403866566114,-0.24742880395630934,0.24083240008974321,0.2955405898165818,0.8148877290906418,937,7919
Elysium,Ganymede Colony,0.06507048157393977,-0.3295206039414387,0.39459108551537847,0.29320472045222606,1.3457869467680417,935,8074
Elysium,Gene Repair,-0.40611818528036175,-0.1594150993321559,-0.24670308594820586,0.2865508719732785,-0.8609399240327961,969,7857
Elysium,Geothermal Power,-0.4979063840201282,0.023260222677137773,-0.521166606697266,0.29357789933490097,-1.7752242518185666,926,7957
Elysium,Giant Ice Asteroid,0.5009537688325973,0.8718790970704792,-0.3709253282378818,0.29541126691461866,-1.2556234977492873,973,7926
Elysium,Giant Space Mirror,0.14102048348184779,0.19447538580308105,-0.05345490232123326,0.2797650446486482,-0.19107069787208866,981,8152
Elysium,Grass,-0.20337871628702278,-0.18768490079783365,-0.015693815489189133,0.2910895899102495,-0.053914038952845904,935,8029
Elysium,Great Dam,-0.4664438596997598,-0.5575605036537693,0.09111664395400948,0.28402044393628934,0.32081015961811715,968,7932
Elysium,Great Escarpment Consortium,0.6051867134344616,0.2121581399485948,0.39302857348586684,0.29236060653405926,1.34432808217642,922,7970
Elysium,Greenhouses,0.1658587906279689,-0.22086747682647404,0.38672626745444294,0.2905613409679844,1.3309625642767613,928,7737
Elysium,Hackers,0.41832855247906947,0.3557534476499074,0.06257510482916206,0.29077780341841736,0.21519904233927736,918,7985
Elysium,Heat Trappers,0.17513027632931955,-0.028782267062985138,0.2039125433923047,0.30509703420514717,0.6683530828922905,914,7748
Elysium,Heather,-0.21779704964761196,-0.40080570379981717,0.1830086541522052,0.2872861625336785,0.6370256490538458,981,7827
Elysium,Herbivores,-0.4379805358861441,-0.3218171333343215,-0.11616340255182261,0.28614874026169396,-0.40595461802692806,981,7896
Elysium,Hired Raiders,-0.32506474307345834,-0.1304886675168375,-0.19457607555662085,0.27669977004634333,-0.7032028813180151,993,7928
Elysium,House Printing,0.012195449342636725,-0.22756559310346822,0.23976104244610494,0.28366230034618833,0.8452340764123212,954,7794
Elysium,Ice Asteroid,-0.24040838662293804,0.2916297035167707,-0.5320380901397087,0.29283825359176807,-1.8168326153228525,941,8008
Elysium,Ice cap Melting,0.24675820685045705,-0.4324873860233809,0.6792455928738379,0.2831204841599764,2.3991396980305817,951,7753
Elysium,Immigrant City,-0.715850087893096,-0.8716422419016425,0.1557921540085465,0.28280339488031997,0.5508850205793197,983,7913
Elysium,Immigration Shuttles,0.13047365375963368,-0.1061033544553213,0.23657700821495498,0.2957457419647063,0.7999337763692557,941,8116
Elysium,Import of Advanced GHG,-0.30352071453470403,-0.2738598668080879,-0.029660847726616146,0.2896499393834179,-0.10240239576695798,885,8014
Elysium,Imported GHG,0.34708337064565237,-0.19532277277630267,0.542406143421955,0.27991892469560287,1.9377258754898163,975,7939
Elysium,Imported Hydrogen,-0.03783837427609255,-0.07106832877400204,0.03322995449790949,0.28277512920083037,0.11751370989316805,1001,8017
Elysium,Imported Nitrogen,-0.4280561229844073,-0.3582947685412191,-0.0697613544431882,0.2821739639714826,-0.24722817605609607,954,7954
Elysium,Indentured Workers,0.12409745822297054,-0.16193821170981357,0.2860356699327841,0.2943601970985714,0.9717199293659948,941,7919
Elysium,Industrial Center,0.03234452924014429,-0.21163913294319206,0.24398366218333634,0.29125747550039954,0.8376906438681319,972,7911
Elysium,Industrial Microbes,0.5463943663983659,0.3758482543800336,0.1705461120183323,0.287139128414262,0.5939493964482669,978,7971
Elysium,Insects,-0.37749659066119523,-0.07388454771982819,-0.303612042941367,0.293804382279807,-1.0333816010008305,941,7974
Elysium,Insulation,-0.38070005804686724,-0.4001422586982295,0.019442200651362262,0.28485547537374123,0.0682528591941347,968,7900
Elysium,Interstellar Colony Ship,-0.5301372959112026,-0.4266034825111752,-0.10353381340002743,0.2874704925206431,-0.36015457618695496,934,7786
Elysium,Invention Contest,0.43792029155649087,0.17656597448427616,0.2613543170722147,0.28871783295173004,0.9052240188984441,947,8068
Elysium,Inventors' Guild,0.07818275914524557,0.6254918892883703,-0.5473091301431248,0.28887724420801836,-1.8946079731673553,977,7882
Elysium,Investment Loan,-0.19661048769183448,-0.07767571395277326,-0.11893477373906122,0.28793377434660594,-0.41306294827327605,926,7939
Elysium,Io Mining Industries,0.5453656557364481,0.4960489649940797,0.04931669074236844,0.2883675191839059,0.17102026914104984,987,7959
Elysium,Ironworks,-0.3431471559255682,-0.3614378412090592,0.01829068528349098,0.2989062694474406,0.06119204296819609,951,7954
Elysium,Kelp Farming,0.724459060523917,0.8422212327074001,-0.11776217218348317,0.28354910563522645,-0.4153149131599768,971,8002
Elysium,Lagrange Observatory,-0.04305418850478232,-0.17607152934921505,0.13301734084443273,0.29583911869959034,0.4496272887410306,932,8012
Elysium,Lake Marineris,-0.31479733455067455,-0.4127894394807669,0.09799210493009236,0.2909627982604559,0.3367856836542194,941,7998
Elysium,Land Claim,-0.22111081155066428,-0.2584745516586589,0.03736374010799462,0.29573162279016835,0.12634340472444322,937,7868
Elysium,Large Convoy,0.37024214455361193,0.10448625670749001,0.2657558878461219,0.2983821401016599,0.8906561490428947,921,8005
Elysium,Lava Flows,0.1265083900706718,0.20353193386404786,-0.07702354379337606,0.2875369175861665,-0.26787358103431824,990,8116
Elysium,Lava Tube Settlement,-0.8156670174492033,-0.4761289093136186,-0.3395381081355847,0.2816992815455072,-1.2053211718281713,958,7802
Elysium,Lichen,-0.25004060503502434,-0.31209845721139007,0.062057852176365724,0.2840717222018488,0.21845839387093294,970,7875
Elysium,Lightning Harvest,-0.43153340575818044,-0.24019953966344743,-0.19133386609473302,0.29351977493472653,-0.651860223514011,958,7898
Elysium,Livestock,-0.40383328939200047,-0.4596611511625912,0.055827861770590737,0.28083939637720146,0.19878928131438914,967,8005
Elysium,Local Heat Trapping,0.12389401098570448,-0.331285241581273,0.45517925256697744,0.2869924570368674,1.5860321113195828,935,7881
Elysium,Lunar Beam,-0.503512406126595,-0.26876154337658376,-0.23475086275001122,0.2948559793329505,-0.7961543234805195,952,7829
Elysium,Magnetic Field Dome,-0.3687713302090485,-0.34014293560880965,-0.02862839460023886,0.2938137908725621,-0.09743720509244597,936,7854
Elysium,Magnetic Field Generators,-0.5674996515101853,-0.2885632767934646,-0.2789363747167207,0.28611724698535973,-0.9749023439016717,927,8102
Elysium,Mangrove,-0.7426974865047032,-0.20764249783351632,-0.535054988671187,0.2775266090261093,-1.9279412181368516,977,7940
Elysium,Mars University,0.7946356350152056,0.8675517816847262,-0.07291614666952062,0.2834416200086739,-0.25725278689590203,1018,8126
Elysium,Martian Rails,-0.5690048821867865,-0.3613599364635341,-0.20764494572325237,0.2887016565324836,-0.7192371121704629,946,7927
Elysium,Martian Survey,-0.043685860123578404,-0.1978550176110867,0.1541691574875083,0.29243929939098146,0.5271834456195621,975,7933
Elysium,Mass Converter,0.9100555736178554,0.7172471416342088,0.1928084319836466,0.28435309632501227,0.6780598997356049,999,7920
Elysium,Media Archives,0.04503527381494685,-0.22815368988540724,0.27318896370035406,0.2838848740304453,0.9623230706932833,966,7964
Elysium,Media Group,1.3829531970638338,1.1572625215738892,0.2256906754899446,0.27142828379239886,0.8314928434744975,1003,7827
Elysium,Medical Lab,0.017113927308333384,0.001794316850398098,0.015319610457935286,0.2925843089827308,0.05235964468224267,965,7881
Elysium,Methane From Titan,-0.3981252057459372,0.09909386728934567,-0.49721907303528284,0.28507209474401546,-1.7441871098669541,989,7918
Elysium,Micro-Mills,-0.09701919345691173,-0.37715437098445526,0.2801351775275435,0.28301482935080047,0.9898250850322491,975,7976
Elysium,Mine,0.7430287336938192,0.5925952462359474,0.15043348745787177,0.28599814860986317,0.5259946198570734,963,8049
Elysium,Mineral Deposit,0.15704909119960822,-0.06676991573190517,0.2238190069315134,0.3022679134715319,0.7404656496978567,935,7950
Elysium,Mining Area,1.0173478188411351,1.1361983598165342,-0.11885054097539904,0.27731752943047056,-0.42857204598455584,957,7966
Elysium,Mining Expedition,-0.2426740791117974,-0.41251312212211305,0.16983904301031566,0.2882521578577924,0.5892030237432075,962,7991
Elysium,Mining Rights,0.5867909026969345,1.2294105141944018,-0.6426196114974674,0.2746226963980321,-2.3400091104125953,1024,8083
Elysium,Miranda Resort,-0.17753201396973223,0.11140222768496758,-0.28893424165469983,0.30011488104809714,-0.962745468154225,966,8042
Elysium,Mohole Area,0.4774809346059244,0.5622684513860018,-0.0847875167800774,0.2899798481213221,-0.2923910655495064,901,8070
Elysium,Moss,-0.5235557026330148,-0.3493093817091865,-0.17424632092382825,0.28728363373789995,-0.6065306215208902,985,8021
Elysium,Natural Preserve,1.0243105320939194,0.8881422918747849,0.13616824021913454,0.28673071856262505,0.47489937911690455,995,7925
Elysium,Nitrite Reducing Bacteria,-0.7616409419256095,-0.25583213453072173,-0.5058088073948878,0.2901662365779511,-1.7431690652920118,967,7863
Elysium,Nitrogen-Rich Asteroid,0.5969777899518364,0.6867789587789623,-0.08980116882712597,0.28777017864057086,-0.31205863391178185,969,7792
Elysium,Nitrophilic Moss,-0.4161844962392358,0.0218336656908156,-0.4380181619300514,0.29052131444519186,-1.507697164204747,940,7855
Elysium,Noctis City,-0.0033059520546854506,-0.25072985050945,0.24742389845476456,0.2937743406512033,0.8422243341821662,926,8100
Elysium,Noctis Farming,-0.29367307873745013,-0.29615687570816474,0.0024837969707146024,0.28852057903930195,0.0086087341810591,983,7884
Elysium,Nuclear Power,-0.06471150114921943,-0.40771750483043767,0.34300600368121825,0.2999959039228552,1.1433689566955663,910,7875
Elysium,Nuclear Zone,1.9932498790343829,1.135874399341392,0.8573754796929909,0.2862444622387607,2.9952561282315444,972,8070
Elysium,Olympus Conference,1.130495909241437,0.8101924620084391,0.320303447232998,0.29654847629294495,1.0801048490857417,955,7807
Elysium,Open City,-0.49242272435224593,-0.47225187753562886,-0.020170846816617072,0.2905001802633995,-0.06943488571445276,976,7868
Elysium,Optimal Aerobraking,0.8077000535408163,0.5827870342310634,0.22491301930975294,0.29378808391381245,0.7655620892225665,948,7821
Elysium,Ore Processor,-0.06108856158877987,-0.3781333965134381,0.3170448349246582,0.2968120509988727,1.068166989371541,896,7993
Elysium,Permafrost extraction,-0.18259309599416504,-0.40257551546065784,0.2199824194664928,0.288782862211238,0.7617571824798272,955,7902
Elysium,Peroxide Power,-0.29378156057836485,-0.2661704672813893,-0.02761109329697553,0.2870121742286908,-0.096201819212641,919,7957
Elysium,Pets,-0.63922973653702,-0.5847787917019034,-0.05445094483511659,0.2856649791384395,-0.19061120127269246,966,7997
Elysium,Phobos Space Haven,-0.5991006414207126,-0.5772117210027481,-0.02188892041796453,0.28654842768802924,-0.07638820633067796,952,7934
Elysium,Physics Complex,-0.944339476130943,-0.32768227178427023,-0.6166572043466728,0.2857624420827146,-2.1579365008652185,947,8048
Elysium,Plantation,-0.5926436129452171,-0.38780336341629623,-0.20484024952892083,0.2978298534208898,-0.6877760814643483,911,7920
Elysium,Power Grid,-0.617595105452382,-0.21416899720932783,-0.40342610824305425,0.2867789797760575,-1.4067492274297273,951,7851
Elysium,Power Infrastructure,-0.28278652956907546,-0.3700329624212943,0.08724643285221884,0.2847843080082076,0.3063596918749623,1015,7894
Elysium,Power Plant,0.0040600258312627775,0.047218128027083923,-0.04315810219582115,0.2808773195773026,-0.153654635628005,1005,7963
Elysium,Power Supply Consortium,-0.17116258721813987,-0.35609832852213036,0.1849357413039905,0.2890507073717007,0.63980380115858,942,7894
Elysium,Predators,-0.1231648125437073,-0.3098748923052875,0.18671007976158016,0.2970122507508073,0.6286275373813774,935,7897
Elysium,Protected Habitats,-0.39483159202880397,-0.6346164187819832,0.2397848267531792,0.2916112962730941,0.8222755079028921,948,7980
Elysium,Protected Valley,0.14713669143291813,0.04888353521553741,0.09825315621738072,0.2864386757044937,0.34301637506083227,981,7927
Elysium,Psychrophiles,1.2448519084141902,0.7012032760116915,0.5436486324024987,0.28553419256813484,1.9039703354363489,962,7832
Elysium,Quantum Extractor,0.0746609684864081,0.4912984869657986,-0.41663751847939046,0.3103799318072144,-1.3423468329717128,912,8018
Elysium,Rad-Chem Factory,-0.5780448344825527,-0.3693958543208677,-0.20864898016168504,0.29442046333103083,-0.7086768963035397,975,8046
Elysium,Rad-Suits,-0.2660093802248763,-0.38649125694639946,0.12048187672152316,0.289276019351518,0.41649451963426615,972,7811
Elysium,Regolith Eaters,0.031915401360036025,-0.25597713857945464,0.28789253993949065,0.2918228869016748,0.9865317384667351,935,7912
Elysium,Release of Inert Gases,-0.04051769904130689,-0.26239710017947016,0.22187940113816326,0.2792824600595139,0.7944623557486629,978,7941
Elysium,Research,0.6897519366475517,0.6881273604581707,0.001624576189381055,0.295429267006391,0.0054990360496203336,972,8079
Elysium,Research Coordination,-0.06147263475245829,0.06307147457666801,-0.1245441093291263,0.2807802936985165,-0.44356428183971347,988,7856
Elysium,Research Outpost,1.7934159982626836,1.907954799315748,-0.11453880105306435,0.27369625855920304,-0.41848873512565227,981,8002
Elysium,Restricted Area,1.678269461550053,2.114316536190516,-0.436047074640463,0.2853914253332187,-1.5278912957225013,994,8023
Elysium,Robotic Workforce,0.12435820776781774,0.427296086314301,-0.30293787854648324,0.29545983218978417,-1.0253098578621531,917,7930
Elysium,Rover Construction,-0.1603980575834394,-0.5013921985355496,0.3409941409521102,0.29152725659846,1.169681850441121,963,7890
Elysium,SF Memorial,-0.34843148486920317,-0.38247055745286845,0.034039072583665286,0.29415464238067557,0.11571829126400174,945,7671
Elysium,Sabotage,0.25689984322216614,0.1685513398181926,0.08834850340397354,0.28992658271329574,0.3047271573967404,971,7836
Elysium,Satellites,0.35896936344073604,-0.2546237495130989,0.613593112953835,0.27929991233147056,2.196896904950075,968,7836
Elysium,Search For Life,-0.05873215271409575,-0.4583282524678587,0.3995960997537629,0.29633310588361383,1.3484693131475702,961,7948
Elysium,Security Fleet,-0.4234167876322837,-0.4406419628250176,0.01722517519273392,0.2906668615729088,0.05926088409088658,972,7872
Elysium,Shuttles,-0.023740883783752276,-0.3245976054259965,0.30085672164224425,0.2905200583511197,1.0355798609906368,932,8041
Elysium,Small Animals,-0.06220004956179248,-0.08620167661984092,0.02400162705804844,0.28921524914875063,0.08298880203824868,974,7971
Elysium,Soil Factory,-0.2167787580739209,-0.36913992851324917,0.15236117043932826,0.29470261405968623,0.5169997250464514,947,7942
Elysium,Solar Power,-0.1565153961789209,-0.5366067304621813,0.3800913342832604,0.2852709111437163,1.3323872832297812,1023,7919
Elysium,Solar Wind Power,0.1853652513665575,0.36836070651020675,-0.18299545514364926,0.3017177813707544,-0.6065120004272545,902,7842
Elysium,Soletta,-0.16859405392767124,-0.5992599117986341,0.4306658578709629,0.2855630560775612,1.5081287607245337,951,8011
Elysium,Space Elevator,1.4571304554251612,1.214110587412749,0.24301986801241227,0.2854687967612009,0.8513009855003598,953,7950
Elysium,Space Hotels,0.4483075052950256,0.8314805991706776,-0.383173093875652,0.2934239954578214,-1.305868299140967,943,7970
Elysium,Space Mirrors,-0.7896532260909443,-0.3421602034212844,-0.44749302266965996,0.28812389241730957,-1.5531270902779737,990,8019
Elysium,Space Station,-0.243955878000256,-0.25906507524207495,0.015109197241818945,0.29669787754807037,0.0509245208178848,961,7898
Elysium,Special Design,-0.023352340018986496,-0.4571244083325793,0.4337720683135928,0.282061951714837,1.5378609758473691,961,7938
Elysium,Sponsors,0.377443629732425,0.4810641161448805,-0.10362048641245547,0.28287111420283406,-0.36631695924297847,958,7806
Elysium,Standard Technology,-0.1288843146371014,-0.18162654164077516,0.05274222700367376,0.29424991284216695,0.17924296559423017,949,7842
Elysium,Steelworks,-0.4745195712716314,-0.14250226594500587,-0.33201730532662554,0.2832030723050579,-1.1723647721200792,1018,8035
Elysium,Strip Mine,0.21611538074832629,0.20889729508013688,0.007218085668189406,0.2961162832096359,0.024375848534743876,934,7952
Elysium,Subterranean Reservoir,-0.23192895522798737,0.048235798287265944,-0.28016475351525333,0.29521998565429936,-0.9490033437076458,959,8090
Elysium,Symbiotic Fungus,-0.3577170015186472,-0.25588326939590245,-0.10183373212274477,0.2895229198186931,-0.35172943194450973,937,8006
Elysium,Tardigrades,0.01708496325594063,-0.21543037889702574,0.23251534215296638,0.3015826845140575,0.7709837271580102,966,7916
Elysium,Technology Demonstration,0.7391346526969345,0.14761239062423587,0.5915222620726985,0.29446954383584567,2.008772297356657,952,7886
Elysium,Tectonic Stress Power,-0.4644405874311339,-0.18691874108469764,-0.2775218463464363,0.2928110035510452,-0.9477848953106586,937,8053
Elysium,Terraforming Ganymede,0.136503073749566,0.0008373746485694639,0.13566569910099652,0.29044840999414584,0.46709052083890196,950,8053
Elysium,Titanium Mine,0.4543520440012822,0.5284695764487938,-0.07411753244751157,0.29634922564106386,-0.2501019946557317,920,7911
Elysium,Toll Station,-0.2659347176339087,-0.4360459063389958,0.17011118870508712,0.30117117516749553,0.5648322373828779,937,8043
Elysium,Towing a Comet,-0.8328992456081503,-0.3377040805224552,-0.4951951650856951,0.28875119002851857,-1.7149545428255624,944,8012
Elysium,Trans-Neptune Probe,-0.0795031508933507,-0.2485687920933103,0.1690656411999596,0.29535259819034826,0.5724196849319758,947,7872
Elysium,Trees,-0.028319146071032725,0.07325855425657807,-0.10157770032761079,0.2936930394309537,-0.34586349245601167,974,7913
Elysium,Tropical Resort,-0.5024796030682648,-0.3559448031947919,-0.1465347998734729,0.29681082297996253,-0.493697630033408,954,7880
Elysium,Tundra Farming,-0.7896624930726883,-0.40936743713933244,-0.3802950559333559,0.27621707835893367,-1.3767977642540148,981,7961
Elysium,Underground City,-0.6545556972500433,-0.33966327994687145,-0.3148924173031718,0.2855337820370212,-1.102820181404469,943,8016
Elysium,Underground Detonations,-0.7156972800761748,-0.34396330903106376,-0.3717339710451111,0.29035589416684005,-1.2802701047684286,952,8057
Elysium,Urbanized Area,0.20451926808154983,-0.3656021311447315,0.5701213992262814,0.2914182774907785,1.9563680224014846,975,7820
Elysium,Vesta Shipyard,0.07472964225852105,0.08565221377876067,-0.010922571520239621,0.28569115857261773,-0.038232095017610754,958,7842
Elysium,Viral Enhancers,0.2914347622259596,0.10534357077969195,0.18609119144626765,0.29560748862797,0.6295212354395678,913,7981
Elysium,Virus,-0.06299300687753366,0.09630852246993718,-0.15930152934747083,0.2967182761336159,-0.5368780495197248,940,7855
Elysium,Water Import From Europa,-0.1789238024178881,-0.29422837118482853,0.11530456876694042,0.28819943085178,0.4000860391228225,958,7899
Elysium,Water Splitting Plant,-0.207087802707053,-0.4028286159415488,0.1957408132344958,0.2926964166982994,0.6687502889256692,953,7938
Elysium,Wave Power,-0.9211217575594758,-0.2485857951797968,-0.6725359623796789,0.2907883911646801,-2.3128019646382874,936,7897
Elysium,Windmills,-0.4428990670080182,-0.23739415662563632,-0.20550491038238186,0.28106584644616145,-0.7311628679927378,949,7845
Elysium,Worms,-0.9193088874861784,-0.33031752157664884,-0.5889913659095296,0.28215929781382676,-2.087442698054046,983,7962
Elysium,Zeppelins,-0.6397634762011944,-0.29880053803524537,-0.3409629381659491,0.287729422381708,-1.185012416678126,962,7867
Vastitas Borealis,AI Central,1.8671062439870076,2.3095528309695967,-0.4424465869825891,0.30901686778209564,-1.4317878184390307,882,7941
Vastitas Borealis,Acquired Company,0.4657018943683723,0.9077248808601122,-0.4420229864917399,0.2996592225203354,-1.4750855414161113,880,8107
Vastitas Borealis,Adaptation Technology,-0.11783706667058876,-0.2178899807181556,0.10005291404756685,0.3030581237604198,0.3301443063333385,875,8071
Vastitas Borealis,Adapted Lichen,-0.10468092049118677,-0.3286918546789803,0.22401093418779355,0.29939549482873395,0.7482107715613311,903,8105
Vastitas Borealis,Advanced Alloys,1.3968492109072552,1.800647415752649,-0.40379820484539386,0.29298904458295316,-1.378202401458965,913,7999
Vastitas Borealis,Advanced Ecosystems,-0.5994393832729054,-0.2941211795131003,-0.30531820375980506,0.2992994463595604,-1.0201094839080125,888,8038
Vastitas Borealis,Aerobraked Ammonia Asteroid,-0.3967779260332017,-0.4735365489853769,0.07675862295217517,0.3001929725725833,0.2556976010942954,901,8029
Vastitas Borealis,Algae,-0.13316174199526407,-0.083704346967691,-0.04945739502757307,0.28801222571706897,-0.1717197764936476,990,8000
Vastitas Borealis,Anti-Gravity Technology,0.31952711844007525,0.5839267870267153,-0.26439966858664005,0.3093020908547624,-0.8548266449022908,852,7866
Vastitas Borealis,Ants,-0.7037720892106167,-0.3565495249530482,-0.34722256425756853,0.2938712517825736,-1.1815465519385608,919,7922
Vastitas Borealis,Aquifer Pumping,-0.6371518695148034,-0.0858064106176164,-0.551345458897187,0.3030726690152286,-1.8191856781037663,884,8044
Vastitas Borealis,Archaebacteria,0.49386963370867804,-0.004285718544942875,0.4981553522536209,0.2986093393811898,1.6682510777658586,904,8071
Vastitas Borealis,Arctic Algae,1.073858344979265,0.46574383760114413,0.6081145073781208,0.2975387587843091,2.043816106052097,878,7932
Vastitas Borealis,Artificial Lake,0.039257364322147326,-0.3383797942837944,0.3776371586059417,0.2928206066089284,1.2896536312087101,885,8048
Vastitas Borealis,Artificial Photosynthesis,-0.041416705422641295,-0.20546644221778548,0.16404973679514417,0.310051061392876,0.5291055481576671,870,7937
Vastitas Borealis,Asteroid,-0.08059078354195269,-0.40166925164706707,0.32107846810511437,0.30174006996330605,1.0640895925561362,884,8078
Vastitas Borealis,Asteroid Mining,0.23141297296790816,0.07431094641557992,0.15710202655232824,0.3017381270631376,0.5206568625629974,901,8010
Vastitas Borealis,Asteroid Mining Consortium,1.1742092653757434,0.9588166693434759,0.21539259603226757,0.2963856133823756,0.726730942079781,925,7970
Vastitas Borealis,Beam From a Thorium Asteroid,0.08072964714364982,-0.04929350780685182,0.13002315495050165,0.30572247423236487,0.4252979937996882,909,8008
Vastitas Borealis,Big Asteroid,0.566897805444196,0.18293447321534143,0.3839633322288546,0.2864735443010602,1.3403099164554637,916,8086
Vastitas Borealis,Biomass Combustors,-0.8163736520364424,-0.4897591618293111,-0.3266144902071313,0.2995626208760742,-1.090304555528135,861,7913
Vastitas Borealis,Birds,-0.25586390171399837,0.02796651408414785,-0.2838304157981462,0.28552489713710005,-0.994065381492318,905,7967
Vastitas Borealis,Black Polar Dust,-0.47038391122163054,-0.2665252920667133,-0.2038586191549172,0.2903296328752725,-0.7021626319573662,953,7978
Vastitas Borealis,Breathing Filters,-0.6316080993330764,-0.31040961573100384,-0.32119848360207254,0.3057323991139561,-1.0505869987379117,866,7981
Vastitas Borealis,Bribed Committee,0.1937632455854612,0.11484613648340608,0.07891710910205513,0.2931755902060213,0.2691803538166265,915,8067
Vastitas Borealis,Building Industries,0.7919968203726006,0.3522491706202487,0.43974764975235187,0.301813988431222,1.457015468494637,860,7960
Vastitas Borealis,Bushes,-0.03085293968646177,-0.2694911903831752,0.23863825069671343,0.28302930327464265,0.8431573972577194,945,8034
Vastitas Borealis,Business Contacts,0.42629340220192186,0.2562479297398397,0.17004547246208218,0.3015193722073499,0.5639620141724914,911,7994
Vastitas Borealis,Business Network,-0.009265638099160183,0.23284920415072174,-0.24211484224988192,0.30623659811453974,-0.7906136749838282,875,7913
Vastitas Borealis,CEO's Favourite Project,-0.1041103585960546,-0.3413645500197783,0.23725419142372367,0.30494603960570593,0.778020241648301,920,7929
Vastitas Borealis,Callisto Penal Mines,-0.049501081942621844,-0.445195603079011,0.39569452113638914,0.29676130385878,1.3333764072039815,898,7977
Vastitas Borealis,Capital,-0.5358838786157059,-0.36491306825881453,-0.17097081035689132,0.2974589932489924,-0.574771024703152,885,8055
Vastitas Borealis,Carbonate Processing,-0.19658911921574476,-0.3521680922388133,0.15557897302306853,0.3059082523115041,0.5085805036231701,870,7930
Vastitas Borealis,Caretaker Contract,-0.33372290922309794,-0.4910921033304288,0.15736919410733086,0.28747008667905294,0.5474280678219793,891,8094
Vastitas Borealis,Cartel,0.4447516198107152,0.5212880906984272,-0.07653647088771198,0.2969904292747004,-0.25770685969452506,894,7901
Vastitas Borealis,Cloud Seeding,0.02787721904369696,-0.3703934515193467,0.39827067056304366,0.284559099364179,1.3996061677624883,910,8063
Vastitas Borealis,Colonizer Training Camp,0.01508689133132025,-0.5630594802352132,0.5781463715665335,0.29037857918443566,1.9910090241171696,898,8104
Vastitas Borealis,Comet,0.36536689699580266,0.0635650644286772,0.30180183256712545,0.30335972207319273,0.9948645472924998,865,7985
Vastitas Borealis,Commercial District,-0.019414513613889357,0.06039719890788793,-0.0798117125217773,0.297498047792984,-0.2682764243794796,902,7989
Vastitas Borealis,Convoy From Europa,0.22253394966047196,-0.08151978970529558,0.3040537393657675,0.2941874933604678,1.0335372720729858,901,8007
Vastitas Borealis,Corporate Stronghold,-0.32477491242392426,0.08614374396423566,-0.41091865638815994,0.30584173489741984,-1.3435663269631373,878,7962
Vastitas Borealis,Cupola City,-0.6834291216744085,-0.0397601037347516,-0.6436690179396569,0.2896874092764182,-2.221943368361831,935,7869
Vastitas Borealis,Decomposers,-0.5149799238134459,-0.29324967955224107,-0.22173024426120486,0.294699505591936,-0.7523943544317646,886,8013
Vastitas Borealis,Deep Well Heating,0.056136049928348405,-0.030599333922592214,0.08673538385094062,0.29800124382540577,0.29105712022382535,914,8049
Vastitas Borealis,Deimos Down,0.4850200761865541,0.6944707429492134,-0.20945066676265928,0.2950397404825698,-0.7099066262059469,872,8063
Vastitas Borealis,Designed Microorganisms,0.13053429938130245,0.36416541351135095,-0.2336311141300485,0.2846023532428804,-0.8209036624889292,914,8016
Vastitas Borealis,Development Center,1.4078952073512971,1.2095134929917926,0.19838171435950458,0.2907628200997059,0.6822801976245698,953,7898
Vastitas Borealis,Domed Crater,-0.35726180300807675,-0.15760188178139065,-0.1996599212266861,0.3040806420267089,-0.6566018800011247,894,7971
Vastitas Borealis,Dust Seals,-0.31078566332779467,-0.4091243730968437,0.09833870976904902,0.28799806198249833,0.3414561511008538,906,8037
Vastitas Borealis,Earth Catapult,2.6199063167065972,2.739872162755953,-0.11996584604935556,0.30320052977436585,-0.39566502782376767,923,7816
Vastitas Borealis,Earth Office,1.0853621514431107,0.7915475573105876,0.2938145941325231,0.2948438931079375,0.9965090035796074,877,7877
Vastitas Borealis,Ecological Zone,0.05040902770853832,-0.15697230192812922,0.20738132963666756,0.29087177013464616,0.7129647869941782,887,8215
Vastitas Borealis,Electro Catapult,0.8585699601772734,0.8580331015148868,0.0005368586623866189,0.3037798617980854,0.0017672621852183703,862,8007
Vastitas Borealis,Energy Saving,-0.1798270853854983,-0.3340865449583795,0.15425945957288123,0.29547254891901853,0.522077127426006,916,8162
Vastitas Borealis,Energy Tapping,-0.22781776165128373,0.38731804620535,-0.6151358078566337,0.29246079629324095,-2.103310309118686,888,8027
Vastitas Borealis,Eos Chasma National Park,-0.39179151801634443,-0.15525289004731924,-0.2365386279690252,0.28385229573194815,-0.8333158883181874,966,7962
Vastitas Borealis,Equatorial Magnetizer,-0.6728746606555512,-0.4790587981563607,-0.19381586249919053,0.2941405959278844,-0.6589225193067506,874,7908
Vastitas Borealis,Extreme-Cold Fungus,0.011038175734065417,-0.2829437616625851,0.2939819373966505,0.2932816940595247,1.002387613517343,884,8030
Vastitas Borealis,Farming,-0.31115826776249045,-0.45782879575186636,0.1466705279893759,0.29097799988073647,0.5040605408295196,942,7937
Vastitas Borealis,Fish,-0.28705384578469845,-0.2782853857661891,-0.008768460018509339,0.2811538738925884,-0.03118740601760027,974,7990
Vastitas Borealis,Flooding,0.7810066982601327,-0.212110060186511,0.9931167584466437,0.29559006954679384,3.359777139906342,897,8034
Vastitas Borealis,Food Factory,-0.24909363618802785,-0.4358833135253978,0.18678967733736992,0.29284506393642773,0.6378447183863722,897,7954
Vastitas Borealis,Fuel Factory,0.43762923486600036,0.2674276374973554,0.17020159736864499,0.28893939821472175,0.5890563849038052,939,7982
Vastitas Borealis,Fueled Generators,-0.2800805949543855,-0.3204675277684868,0.04038693281410133,0.29453854389117007,0.13711934703195933,894,8042
Vastitas Borealis,Fusion Power,-0.8918066461516505,-0.28274889984433343,-0.609057746307317,0.2933405442682295,-2.076282185357906,958,7839
Vastitas Borealis,GHG Factories,-0.09114967354141108,-0.287035753816498,0.19588608027508692,0.2875056634336374,0.6813294664725855,919,8089
Vastitas Borealis,GHG Producing Bacteria,-0.06285226423897781,-0.2408419164472261,0.1779896522082483,0.29204698064948803,0.6094555465439644,940,7916
Vastitas Borealis,Ganymede Colony,-0.7824696357476023,-0.22883321968139014,-0.5536364160662122,0.2931625717122692,-1.8884962457267247,972,8037
Vastitas Borealis,Gene Repair,-0.24301106953090976,-0.18009998844618222,-0.06291108108472754,0.30101007793970863,-0.20899991626635314,899,7927
Vastitas Borealis,Geothermal Power,-0.17001868350336838,-0.015334046215811286,-0.1546846372875571,0.2931118939917361,-0.5277323795393927,903,7980
Vastitas Borealis,Giant Ice Asteroid,0.15258183773327805,0.9106169381728713,-0.7580351004395932,0.28371192686046665,-2.671847845199702,931,7968
Vastitas Borealis,Giant Space Mirror,0.36015521132168926,0.1694160234026794,0.19073918791900987,0.2846246435302128,0.6701429136748764,925,8208
Vastitas Borealis,Grass,0.044313120656337454,-0.21464143735967814,0.2589545580160156,0.29884849781969236,0.8665078121699429,877,8087
Vastitas Borealis,Great Dam,-0.7844604432939654,-0.5202246579004893,-0.26423578539347603,0.2887241314010923,-0.9151842768085174,924,7976
Vastitas Borealis,Great Escarpment Consortium,-0.06481741027065066,0.2897204553914507,-0.3545378656621013,0.2820133538005933,-1.257166942217881,923,7969
Vastitas Borealis,Greenhouses,-0.3797817886153107,-0.1574277042111904,-0.2223540844041203,0.30376672708107094,-0.7319895978757976,858,7807
Vastitas Borealis,Hackers,-0.03366124249476458,0.4072888032887834,-0.440950045783548,0.2979969663571556,-1.4797132037077858,910,7993
Vastitas Borealis,Heat Trappers,-0.5012887956644865,0.0509410588911295,-0.552229854555616,0.288297566784306,-1.9154856584994169,913,7749
Vastitas Borealis,Heather,-0.31373978852595996,-0.3879020177163338,0.07416222919037385,0.2928161131835441,0.2532723639558975,887,7921
Vastitas Borealis,Herbivores,-0.5280803604946687,-0.3124117643775641,-0.21566859611710454,0.30144969303180275,-0.7154381016216581,916,7961
Vastitas Borealis,Hired Raiders,-0.06428324642866562,-0.16242780715797642,0.0981445607293108,0.2853218520791744,0.3439784230128876,933,7988
Vastitas Borealis,House Printing,-0.38956186361277695,-0.1799299551704677,-0.20963190844230925,0.29902223157969465,-0.701057935842602,897,7851
Vastitas Borealis,Ice Asteroid,0.23069107185754978,0.2362652792005333,-0.005574207342983528,0.2803620464855497,-0.019882175254669614,924,8025
Vastitas Borealis,Ice cap Melting,-0.35392492942511816,-0.3587762463661295,0.004851316941011319,0.3044739182593646,0.01593344010792658,891,7813
Vastitas Borealis,Immigrant City,-0.6729319935302215,-0.8753244898606466,0.2023924963304251,0.29333882952023,0.6899614914992602,918,7978
Vastitas Borealis,Immigration Shuttles,-0.2771819669462495,-0.060421078865929734,-0.2167608880803198,0.30591340543456946,-0.7085694324915155,881,8176
Vastitas Borealis,Import of Advanced GHG,-0.01723217606569815,-0.30555271171616183,0.28832053565046367,0.30258702963962697,0.952851601054565,888,8011
Vastitas Borealis,Imported GHG,-0.018216169768138453,-0.14967570667721897,0.13145953690908052,0.28684552195776586,0.45829384405881074,927,7987
Vastitas Borealis,Imported Hydrogen,-0.022809901442081244,-0.0722923577997934,0.04948245635771216,0.29748196200567756,0.16633766976690764,894,8124
Vastitas Borealis,Imported Nitrogen,-0.3969777284237642,-0.36221013038647304,-0.03476759803729118,0.2975947877907678,-0.11682865246193591,911,7997
Vastitas Borealis,Indentured Workers,0.07145333658042718,-0.15490916700292884,0.22636250358335602,0.2896018526175284,0.7816334789898897,914,7946
Vastitas Borealis,Industrial Center,-0.3612213816722158,-0.16560925015320005,-0.19561213151901574,0.3078749789055256,-0.6353622246744552,878,8005
Vastitas Borealis,Industrial Microbes,-0.18942436825789036,0.459772140794764,-0.6491965090526544,0.29605708172153183,-2.1928085802834527,900,8049
Vastitas Borealis,Insects,-0.37128833502839914,-0.07773031172758675,-0.2935580233008124,0.3000380037650191,-0.9784028010355593,856,8059
Vastitas Borealis,Insulation,-0.5639776966419537,-0.3793263670429733,-0.18465132959898045,0.2953374223981913,-0.6252215790995246,898,7970
Vastitas Borealis,Interstellar Colony Ship,-0.41114245203015015,-0.44069458184131877,0.029552129811168615,0.31676606448092026,0.09329323158273044,886,7834
Vastitas Borealis,Invention Contest,0.526324424012641,0.167398031043427,0.358926392969214,0.3028930283735799,1.1849939065831654,920,8095
Vastitas Borealis,Inventors' Guild,1.1514885660795386,0.5036322082829949,0.6478563577965437,0.3027737115666469,2.1397378076330673,841,8018
Vastitas Borealis,Investment Loan,-0.03799247611470113,-0.09639782907668075,0.05840535296197962,0.30039584897562055,0.19442796284019115,956,7909
Vastitas Borealis,Io Mining Industries,0.6221420782720598,0.4869838651269628,0.13515821314509702,0.2886093752104726,0.46830846380693947,959,7987
Vastitas Borealis,Ironworks,-0.15436746341217875,-0.3838991823534663,0.22953171894128757,0.2920835541055829,0.785842666301972,947,7958
Vastitas Borealis,Kelp Farming,0.9430845923155863,0.8163355324305435,0.12674905988504281,0.29892246712799203,0.42401985070855064,930,8043
Vastitas Borealis,Lagrange Observatory,-0.6136495468733129,-0.11156426987244106,-0.5020852770008718,0.2960017371405896,-1.6962240892606666,902,8042
Vastitas Borealis,Lake Marineris,-0.2633600534030787,-0.4185460729130298,0.1551860195099511,0.2884303671938818,0.5380363413871593,926,8013
Vastitas Borealis,Land Claim,-0.06701612290846852,-0.2754162204685116,0.20840009756004307,0.29866873790524784,0.6977633448404555,884,7921
Vastitas Borealis,Large Convoy,0.2579507249561291,0.1178952546259345,0.14005547033019458,0.28784276006547604,0.48656936967369246,894,8032
Vastitas Borealis,Lava Flows,0.4675966337367125,0.16352812637463038,0.30406850736208213,0.2877078126817267,1.056865660087077,947,8159
Vastitas Borealis,Lava Tube Settlement,-0.8532826761070239,-0.47567544230237657,-0.37760723380464734,0.3007595991682664,-1.2555118268839922,872,7888
Vastitas Borealis,Lichen,0.0514652589108066,-0.34586431926685995,0.39732957817766656,0.2999289842497812,1.3247455199153744,903,7942
Vastitas Borealis,Lightning Harvest,-0.36639235319197694,-0.2491838664759083,-0.11720848671606865,0.3085550069442098,-0.37986253367543393,885,7971
Vastitas Borealis,Livestock,0.0995575211204748,-0.5159345056978497,0.6154920268183245,0.30686076625148845,2.0057696991928142,908,8064
Vastitas Borealis,Local Heat Trapping,-1.0846966994125744,-0.18982811247794676,-0.8948685869346277,0.28503998808129655,-3.1394492855486695,918,7898
Vastitas Borealis,Lunar Beam,-0.6202720958090358,-0.25665983337866377,-0.363612262430372,0.297118330608859,-1.2237961275739961,907,7874
Vastitas Borealis,Magnetic Field Dome,-0.154413475011703,-0.3652073957481788,0.2107939207364758,0.29812045383178737,0.7070763445684776,918,7872
Vastitas Borealis,Magnetic Field Generators,-0.46071227365538475,-0.30033553508650285,-0.1603767385688819,0.2841077097734259,-0.564492736563824,949,8080
Vastitas Borealis,Mangrove,0.26304698201615057,-0.3251054373103701,0.5881524193265206,0.2987215627180494,1.9688984416623876,892,8025
Vastitas Borealis,Mars University,0.6585525169692523,0.8832787987560334,-0.2247262817867811,0.28745187677097045,-0.7817874919141111,971,8173
Vastitas Borealis,Martian Rails,-0.9622249413984401,-0.3219331499602097,-0.6402917914382303,0.30159517943641123,-2.123017326187836,853,8020
Vastitas Borealis,Martian Survey,-0.357400861654231,-0.16074504900748576,-0.19665581264674525,0.2998375202893024,-0.655874596538149,917,7991
Vastitas Borealis,Mass Converter,0.8483139405568447,0.726095089828304,0.12221885072854077,0.28431468672217985,0.42987174576728004,929,7990
Vastitas Borealis,Media Archives,-0.18043257729939804,-0.20080533203482615,0.0203727547354281,0.2815933348926095,0.07234814255528314,961,7969
Vastitas Borealis,Media Group,1.9917920852158997,1.092663477805723,0.8991286074101768,0.29188896512917095,3.080378893433951,886,7944
Vastitas Borealis,Medical Lab,0.23446328331350288,-0.022639047521289375,0.2571023308347923,0.29567131046280254,0.8695545416035131,898,7948
Vastitas Borealis,Methane From Titan,0.04779540658302987,0.04342776329609199,0.004367643286937881,0.2960776828661387,0.014751680182908481,908,7999
Vastitas Borealis,Micro-Mills,-0.07876370759722968,-0.37752112992308595,0.2987574223258563,0.29590682622269254,1.0096334246139305,925,8026
Vastitas Borealis,Mine,-0.0440626978626629,0.6805589568017103,-0.7246216546643732,0.30402083631372345,-2.383460500439601,894,8118
Vastitas Borealis,Mineral Deposit,-0.2149799238134459,-0.02337273993693141,-0.1916071838765145,0.3008592088450106,-0.6368666081789175,920,7965
Vastitas Borealis,Mining Area,1.6993057904722684,1.055800505881401,0.6435052845908673,0.28340246245091355,2.2706411194374327,938,7985
Vastitas Borealis,Mining Expedition,-0.605940375790847,-0.37103987002173167,-0.23490050576911536,0.297154536722033,-0.7904994766707807,885,8068
Vastitas Borealis,Mining Rights,1.7696682638198165,1.0868027224410495,0.682865541378767,0.2810648522546795,2.4295657600047638,938,8169
Vastitas Borealis,Miranda Resort,0.06202542378013699,0.08254466207479631,-0.02051923829465932,0.3000311886884919,-0.06839035096435747,935,8073
Vastitas Borealis,Mohole Area,0.39793818460639263,0.5704548336838391,-0.17251664907744646,0.30275929610809604,-0.5698145401152332,867,8104
Vastitas Borealis,Moss,-0.2317181212383386,-0.38415040839944725,0.15243228716110865,0.2872844422351499,0.5305970834172037,932,8074
Vastitas Borealis,Natural Preserve,1.1165990235549752,0.880157385570216,0.23644163798475915,0.313108045964179,0.7551439224650559,874,8046
Vastitas Borealis,Nitrite Reducing Bacteria,-0.20519126975337915,-0.32325134608507844,0.11806007633169929,0.2956684468879192,0.3992988686292015,899,7931
Vastitas Borealis,Nitrogen-Rich Asteroid,0.4350737818793576,0.705575027234097,-0.27050124535473946,0.2864133087470073,-0.9444437010909881,931,7830
Vastitas Borealis,Nitrophilic Moss,-0.30036542438881986,0.0052183757171437375,-0.3055838001059636,0.30630180728952267,-0.9976558832939553,869,7926
Vastitas Borealis,Noctis City,-0.31192315525449393,-0.21555052452626067,-0.09637263072823327,0.3039777733737764,-0.3170384125741055,916,8110
Vastitas Borealis,Noctis Farming,-0.3744105287956523,-0.2876318145648994,-0.0867787142307529,0.30559977583848885,-0.28396196951602454,843,8024
Vastitas Borealis,Nuclear Power,-0.36601918478342277,-0.3728431586863423,0.006823973902919556,0.29223735412736285,0.023350792794084536,866,7919
Vastitas Borealis,Nuclear Zone,1.8330804210141405,1.158840452144954,0.6742399688691865,0.2901845631301958,2.323486685839585,928,8114
Vastitas Borealis,Olympus Conference,0.3421629333294113,0.9023859784836185,-0.5602230451542072,0.2948183231372528,-1.9002314347110476,896,7866
Vastitas Borealis,Open City,-0.600952774492179,-0.46043927159080655,-0.14051350290137243,0.2960406933982799,-0.4746425273107027,884,7960
Vastitas Borealis,Optimal Aerobraking,0.6287492659756773,0.6046188609631682,0.02413040501250907,0.2833462139748192,0.08516226376913413,901,7868
Vastitas Borealis,Ore Processor,-0.028535711091860913,-0.3845766672703392,0.35604095617847825,0.2828429561438293,1.2587937880179232,959,7930
Vastitas Borealis,Permafrost extraction,-0.3625549815501664,-0.3806174054084368,0.018062423858270393,0.29679147858942306,0.06085897056113826,866,7991
Vastitas Borealis,Peroxide Power,-0.2837023907737983,-0.26734490921668697,-0.01635748155711131,0.29608553604709253,-0.05524579746614047,908,7968
Vastitas Borealis,Pets,-0.8317220052614097,-0.5642650908716395,-0.26745691438977026,0.2979444251923775,-0.8976738336925687,884,8079
Vastitas Borealis,Phobos Space Haven,-0.72604087189471,-0.563329346967691,-0.162711524927019,0.3012401913258975,-0.5401388314449352,886,8000
Vastitas Borealis,Physics Complex,0.17172893694604777,-0.45908625948167137,0.6308151964277191,0.2908943699297115,2.1685369729917503,948,8047
Vastitas Borealis,Plantation,-0.678113021575519,-0.3802797040210611,-0.2978333175544579,0.2883858512375624,-1.0327598121626052,849,7982
Vastitas Borealis,Power Grid,-0.4323117368123056,-0.23843857409702854,-0.19387316271527708,0.2927149610605305,-0.6623274806755984,877,7925
Vastitas Borealis,Power Infrastructure,-0.23075718599442038,-0.3739613682178463,0.14320418222342593,0.30286221075924996,0.47283608563915963,862,8047
Vastitas Borealis,Power Plant,-0.3056903063271071,0.08191383880158754,-0.3876041451286946,0.2933607594265637,-1.321254232796335,915,8053
Vastitas Borealis,Power Supply Consortium,0.1409220806408971,-0.3903754857935917,0.5312975664344888,0.2808063783173856,1.8920423731756613,898,7938
Vastitas Borealis,Predators,-0.051578416816675174,-0.3181487668082579,0.2665703499915827,0.2944336976661526,0.9053663086276111,929,7903
Vastitas Borealis,Protected Habitats,-0.2947613445784732,-0.645052999157882,0.35029165457940875,0.2973080334649227,1.1782111989945177,915,8013
Vastitas Borealis,Protected Valley,0.04977591482774306,0.060861495362211096,-0.011085580534468037,0.2826720950861249,-0.039217102526835794,942,7966
Vastitas Borealis,Psychrophiles,1.267628771838728,0.7047274712141272,0.5629013006246009,0.3045250493160457,1.8484564796520373,874,7920
Vastitas Borealis,Quantum Extractor,0.6941109852774632,0.42006660362643033,0.27404438165103284,0.304348643503714,0.9004291213398776,935,7995
Vastitas Borealis,Rad-Chem Factory,-0.33805684689036897,-0.3979938612076121,0.05993701431724313,0.2922373886672823,0.20509700894392582,910,8111
Vastitas Borealis,Rad-Suits,-0.480122780956303,-0.36132991601169706,-0.11879286494460595,0.3006578611731022,-0.39510979184479583,875,7908
Vastitas Borealis,Regolith Eaters,-0.37493732530439366,-0.20781448859642138,-0.1671228367079723,0.29388964669700857,-0.5686584695522497,939,7908
Vastitas Borealis,Release of Inert Gases,-0.8089998573682632,-0.17375873818525586,-0.6352411191830073,0.291800286267666,-2.176972227505993,903,8016
Vastitas Borealis,Research,0.5920840938465982,0.6990072859359309,-0.10692319208933265,0.2927258053432392,-0.3652673940514351,906,8145
Vastitas Borealis,Research Coordination,0.25505300703177913,0.025496869469974464,0.22955613756180468,0.29336465181026833,0.7824941967114314,911,7933
Vastitas Borealis,Research Outpost,2.2087888128032565,1.8590764021936956,0.3497124106095608,0.2880933000047275,1.2138859550146504,934,8049
Vastitas Borealis,Restricted Area,2.6623681424848966,1.999735988338029,0.6626321541468676,0.28839961974686507,2.297617988291645,905,8112
Vastitas Borealis,Robotic Workforce,0.4939686220478517,0.3848859019949646,0.1090827200528871,0.28199243415938363,0.3868285345245574,894,7953
Vastitas Borealis,Rover Construction,-0.3529036526270052,-0.47760910736723583,0.12470545474023065,0.2976263775896465,0.4190000085011577,944,7909
Vastitas Borealis,SF Memorial,-0.6844921189353972,-0.3465738954540943,-0.3379182234813029,0.3021138857891341,-1.118512717807215,820,7796
Vastitas Borealis,Sabotage,0.2867744621514664,0.16662613592969333,0.12014832622177307,0.3104757318760502,0.386981376920433,855,7952
Vastitas Borealis,Satellites,-0.18313137147491584,-0.18762586227252276,0.004494490797606915,0.2900250505096876,0.01549690549043379,898,7906
Vastitas Borealis,Search For Life,-0.958839572936253,-0.3575069916163128,-0.6013325813199402,0.307034124026046,-1.9585203541379932,855,8054
Vastitas Borealis,Security Fleet,-0.2628060107699676,-0.45918882450428866,0.19638281373432104,0.2980808628279166,0.6588239576040602,920,7924
Vastitas Borealis,Shuttles,-0.40411035859605454,-0.2806839508420235,-0.12342640775403102,0.2897728922738253,-0.4259418704955927,920,8053
Vastitas Borealis,Small Animals,-0.3087018969076163,-0.058654893347921955,-0.25004700355969434,0.2872170186158507,-0.8705856107159485,892,8053
Vastitas Borealis,Soil Factory,-0.0818658887257266,-0.38389436201094035,0.30202847328521376,0.2930862186176675,1.0305106623904807,912,7977
Vastitas Borealis,Solar Power,-0.4249683094115876,-0.5003990320314207,0.07543072261983308,0.30814337355761723,0.24479099371490753,861,8081
Vastitas Borealis,Solar Wind Power,0.2751224652650524,0.3578107515701348,-0.0826882863050824,0.28894508196312624,-0.28617301856563415,879,7865
Vastitas Borealis,Soletta,-0.6192579986797561,-0.5459073181898163,-0.07335068048993976,0.2918531212763398,-0.2513273805987088,935,8027
Vastitas Borealis,Space Elevator,0.8739089650754429,1.2826840682780463,-0.40877510320260335,0.2974443674886186,-1.374290952805636,927,7976
Vastitas Borealis,Space Hotels,0.696393466744494,0.8019823151047311,-0.10558884836023708,0.28675886362662195,-0.36821476771410416,932,7981
Vastitas Borealis,Space Mirrors,-0.31811191486490004,-0.3994062878179683,0.08129437295306824,0.2958637786481342,0.2747696028372242,894,8115
Vastitas Borealis,Space Station,-0.5905277900187516,-0.22128717980052381,-0.36924061021822774,0.30424618018412664,-1.2136244734272987,867,7992
Vastitas Borealis,Special Design,-0.20155557796589185,-0.4331550950973668,0.23159951713147497,0.30002572509983777,0.7719321969954642,879,8020
Vastitas Borealis,Sponsors,0.5795840625965201,0.45742498306656865,0.12215907952995142,0.28908375506731665,0.4225733109821588,883,7881
Vastitas Borealis,Standard Technology,-0.4012174376869198,-0.1502097335329635,-0.25100770415395635,0.3074597352779044,-0.8163921169289936,901,7890
Vastitas Borealis,Steelworks,-0.4429369130607577,-0.1497340465860586,-0.2932028664746991,0.28796903628237047,-1.0181749755456229,930,8123
Vastitas Borealis,Strip Mine,0.10824799330760099,0.22133044409768735,-0.11308245079008636,0.2999161909394097,-0.37704683577063614,917,7969
Vastitas Borealis,Subterranean Reservoir,-0.25463133993545023,0.04939155144578829,-0.3040228913812385,0.2854754712806913,-1.0649702757905621,918,8131
Vastitas Borealis,Symbiotic Fungus,-0.7941008029343251,-0.20678187093134093,-0.5873189320029841,0.2889584398429222,-2.032537732146708,910,8033
Vastitas Borealis,Tardigrades,0.15058299009383888,-0.22885053553338808,0.379433525627227,0.27987696001165485,1.3557154744407196,906,7976
Vastitas Borealis,Technology Demonstration,-0.11921818269088004,0.24756260218485138,-0.3667807848757314,0.3111446278071838,-1.1788112411281138,873,7965
Vastitas Borealis,Tectonic Stress Power,-0.14992802069925906,-0.22285973906420706,0.072931718364948,0.30653613626948645,0.23792209053235805,867,8123
Vastitas Borealis,Terraforming Ganymede,-0.29318364780030237,0.04995727231537453,-0.3431409201156769,0.2961959354323985,-1.1584930077272877,913,8090
Vastitas Borealis,Titanium Mine,0.4173344866669035,0.5327237957992073,-0.11538930913230377,0.29159711504179353,-0.39571485169105824,916,7915
Vastitas Borealis,Toll Station,-0.01831325714677923,-0.4628355350865029,0.44452227793972365,0.2896240044860593,1.534825397944942,900,8080
Vastitas Borealis,Towing a Comet,-0.4879677959192893,-0.3788413515645353,-0.109126444354754,0.3030758013213837,-0.3600632049110234,907,8049
Vastitas Borealis,Trans-Neptune Probe,-0.2211302654990951,-0.2314369688037318,0.010306703304636705,0.3127037349060885,0.0329599622714197,878,7941
Vastitas Borealis,Trees,-0.15057314415242895,0.08564587797607306,-0.23621902212850202,0.30648573758991304,-0.7707341424303732,885,8002
Vastitas Borealis,Tropical Resort,-0.09016789373825793,-0.40495124687911704,0.31478335314085915,0.28020083419730935,1.1234204710439861,931,7903
Vastitas Borealis,Tundra Farming,-0.4586957708079814,-0.45023022836796506,-0.00846554244001635,0.2996766419776449,-0.02824892318650533,915,8027
Vastitas Borealis,Underground City,-0.28077513078512345,-0.38330884267717985,0.1025337118920564,0.2837617059773282,0.36133738179685376,918,8041
Vastitas Borealis,Underground Detonations,-0.5850636058218142,-0.3592881977065461,-0.22577540811526808,0.2899636753911416,-0.7786334195506115,956,8053
Vastitas Borealis,Urbanized Area,-0.45106116634630133,-0.2867642238211718,-0.16429694252512955,0.30032944755231855,-0.5470557211893395,837,7958
Vastitas Borealis,Vesta Shipyard,0.15353448860340554,0.07656844361220265,0.0769660449912029,0.301264674002962,0.25547650167057484,902,7898
Vastitas Borealis,Viral Enhancers,-0.20008150394888607,0.16037182685848284,-0.3604533308073689,0.2884580043105642,-1.2495868563913797,886,8008
Vastitas Borealis,Virus,0.29828651988778043,0.05441093538227103,0.2438755845055094,0.2998007394865194,0.8134589158225718,897,7898
Vastitas Borealis,Water Import From Europa,-0.09425512200144137,-0.3025188064610444,0.20826368445960303,0.3047342591133882,0.6834272098763613,883,7974
Vastitas Borealis,Water Splitting Plant,-0.7405826792669477,-0.34288078088290297,-0.3977018983840447,0.3082366888113495,-1.2902484124057363,871,8020
Vastitas Borealis,Wave Power,-0.48111080785477767,-0.3022008930616372,-0.17890991479314045,0.3067495574775841,-0.583244247406011,871,7962
Vastitas Borealis,Windmills,-0.7407324321746499,-0.20491946030186853,-0.5358129718727813,0.29104882043894564,-1.840972834264349,897,7897
Vastitas Borealis,Worms,0.4936222267241885,-0.4981705041729312,0.9917927308971197,0.2988242814613811,3.3189830694039335,930,8015
Vastitas Borealis,Zeppelins,-0.22172638736077996,-0.34923184380713473,0.12750545644635478,0.3017980600485645,0.4224860041374585,919,7910
