cohort,label,cardName,offeredGames,keptGames,notKeptGames,keepRate,avgEloGainOffered,avgEloGainKept,avgEloGainNotKept,stddevEloGainOffered,stddevEloGainKept,stddevEloGainNotKept,avgEloDeltaOffered,avgEloDeltaKept,avgEloDeltaNotKept
tfmstats_reference,TFMStats reference,AI Central,17190,16452,738,95.70680628272251,1.835892961023851,1.9406759056649647,-0.5,8.150077455156355,8.185111784933298,6.930406133288311,1.685696379850145,1.7904793244912587,-0.650196581173706
tfmstats_reference,TFMStats reference,Acquired Company,17497,17016,481,97.25095730696691,0.8047665314053838,0.8391513869299483,-0.41164241164241167,7.974743949801023,7.991910240276057,7.244896882532618,0.6545699502316777,0.6889548057562422,-0.5618389928161177
tfmstats_reference,TFMStats reference,Adaptation Technology,17433,6709,10724,38.484483450926405,-0.054781162163712496,-0.26516619466388436,0.07683700111898545,8.156514091183356,7.910173899730982,8.304567328106154,-0.20497774333741853,-0.4153627758375904,-0.07335958005472057
tfmstats_reference,TFMStats reference,Adapted Lichen,17515,8847,8668,50.510990579503286,-0.11213245789323437,-0.42635921781394825,0.20858329487771113,8.096785819726422,7.790074186121569,8.386606329882028,-0.2623290390669404,-0.5765557989876543,0.05838671370400511
tfmstats_reference,TFMStats reference,Advanced Alloys,17172,16657,515,97.00093174935942,1.5467039366410436,1.5845590442456625,0.32233009708737864,8.184842418536379,8.167050714565837,8.660309436771263,1.3965073554673375,1.4343624630719565,0.17213351591367262
tfmstats_reference,TFMStats reference,Advanced Ecosystems,17279,10991,6288,63.60900515076104,-0.13334104982927253,0.04867618960968065,-0.4514949109414758,8.038247722672347,8.172096592372394,7.789206395578324,-0.2835376310029786,-0.10152039156402537,-0.6016914921151818
tfmstats_reference,TFMStats reference,Aerobraked Ammonia Asteroid,17540,2752,14788,15.689851767388825,-0.21710376282782212,-0.8401162790697675,-0.10116310522044901,7.977966082016949,7.280625439067886,8.09605659646971,-0.3673003440015281,-0.9903128602434735,-0.251359686394155
tfmstats_reference,TFMStats reference,Algae,17467,12826,4641,73.42989637602336,0.038930554760405335,0.15741462653984095,-0.28851540616246496,8.084134504663904,8.272254194805127,7.531037471906826,-0.11126602641330069,0.007218045366134934,-0.438711987336171
tfmstats_reference,TFMStats reference,Anti-Gravity Technology,17213,14923,2290,86.6961017835357,0.577354325219311,0.7442203310326342,-0.5100436681222708,8.143996064490777,8.17874585306089,7.828889521402648,0.4271577440456049,0.5940237498589281,-0.6602402492959768
tfmstats_reference,TFMStats reference,Ants,17195,2114,15081,12.294271590578656,-0.08607153242221575,-0.6811731315042573,-0.0026523440090179696,8.109688493776668,7.556604840213471,8.181008827244245,-0.23626811359592176,-0.8313697126779633,-0.152848925182724
tfmstats_reference,TFMStats reference,Aquifer Pumping,17536,3413,14123,19.462819343065693,0.08245894160583941,0.1582185760328157,0.0641506762019401,8.098068585786312,7.961891980332911,8.130807618987745,-0.0677376395678666,0.008021994859109677,-0.08604590497176592
tfmstats_reference,TFMStats reference,Archaebacteria,17474,13971,3503,79.95307313723247,0.13150967151196064,0.05690358599957054,0.4290608050242649,7.996879544998288,7.95909262736049,8.140192979926347,-0.018686909661745382,-0.09329299517413547,0.27886422385055887
tfmstats_reference,TFMStats reference,Arctic Algae,17410,16479,931,94.65249856404365,0.43877082136703044,0.502700406578069,-0.6928034371643395,8.060484309305947,8.12576242076983,6.705650143924851,0.28857424019332445,0.352503825404363,-0.8430000183380455
tfmstats_reference,TFMStats reference,Artificial Lake,17430,951,16479,5.4561101549053355,-0.0706253585771658,-0.9242902208201893,-0.021360519448995693,8.020872064377262,7.64519449313021,8.039472354325271,-0.22082193975087183,-1.0744868019938953,-0.1715571006227017
tfmstats_reference,TFMStats reference,Artificial Photosynthesis,17375,13662,3713,78.63021582733813,0.0620431654676259,0.09537403015663885,-0.06059789927282521,8.172795413218816,8.094632481136085,8.454164027587304,-0.08815341570608012,-0.054822551017067164,-0.21079448044653123
tfmstats_reference,TFMStats reference,Asteroid,17716,15050,2666,84.95145631067962,-0.03906073605780086,0.005780730897009967,-0.2921980495123781,8.144264330718006,8.240304479804685,7.575792832630657,-0.18925731723150688,-0.14441585027669604,-0.4423946306860841
tfmstats_reference,TFMStats reference,Asteroid Mining,17286,14893,2393,86.15642716649312,0.23203748698368623,0.1919693815886658,0.48140409527789385,8.08421217017957,8.038753167027505,8.358987274891975,0.08184090580998021,0.04177280041495979,0.3312075141041878
tfmstats_reference,TFMStats reference,Asteroid Mining Consortium,17269,15040,2229,87.09247785048352,0.8772366668596908,1.0079122340425533,-0.004486316733961417,8.089792231235181,8.052441566184562,8.285577092960388,0.7270400856859848,0.8577156528688472,-0.15468289790766743
tfmstats_reference,TFMStats reference,Beam From a Thorium Asteroid,17558,9445,8113,53.79314272696207,0.06162433078938376,-0.11328745367919534,0.2652532971773697,8.063198436069108,7.814781864467926,8.33895156942279,-0.08857225038432226,-0.26348403485290134,0.11505671600366366
tfmstats_reference,TFMStats reference,Big Asteroid,17452,15302,2150,87.68049507219803,0.3020284208113683,0.40413017906156057,-0.4246511627906977,8.158285294357126,8.300602226263544,7.021978839734094,0.1518318396376623,0.2539335978878545,-0.5748477439644037
tfmstats_reference,TFMStats reference,Biomass Combustors,17346,3679,13667,21.209500749452324,-0.19768246281563473,-0.2065778744223974,-0.195287919806834,7.978130770249457,8.201761783965276,7.917157491250143,-0.3478790439893408,-0.35677445559610343,-0.34548450098054
tfmstats_reference,TFMStats reference,Birds,17425,9879,7546,56.694404591104735,0.09360114777618364,0.21034517663731148,-0.05923668168566128,8.066230154218584,8.293090469580193,7.757102145235797,-0.05659543339752238,0.06014859546360546,-0.2094332628593673
tfmstats_reference,TFMStats reference,Black Polar Dust,17375,5045,12330,29.035971223021583,-0.14797122302158272,-0.398414271555996,-0.04549878345498783,8.01082986164789,8.188176270285208,7.935181664761073,-0.29816780419528877,-0.548610852729702,-0.19569536462869386
tfmstats_reference,TFMStats reference,Breathing Filters,17330,2641,14689,15.239469128678593,-0.11754183496826313,-0.7277546383945476,-0.007828987677854176,8.020350246622085,7.5018496604273315,8.105429756343765,-0.26773841614196914,-0.8779512195682536,-0.1580255688515602
tfmstats_reference,TFMStats reference,Bribed Committee,17525,12927,4598,73.76319543509273,0.2627104136947218,0.40450220468786263,-0.13592866463679862,8.005599220553524,8.119779928345729,7.662304360349949,0.1125138325210158,0.25430562351415664,-0.28612524581050464
tfmstats_reference,TFMStats reference,Building Industries,17356,14809,2547,85.3249596681263,0.4907812860106015,0.49186305624957793,0.4844915586965057,8.07307280196976,8.063561270338285,8.12974466979981,0.3405847048368955,0.3416664750758719,0.3342949775227997
tfmstats_reference,TFMStats reference,Bushes,17461,12174,5287,69.72109272092091,-0.06030582440868221,0.008296369311647773,-0.21827123132211085,8.0224038310437,8.130508228706793,7.7662126441708175,-0.21050240558238822,-0.14190021186205826,-0.36846781249581684
tfmstats_reference,TFMStats reference,Business Contacts,17398,15729,1669,90.40694332681917,0.2737670996666283,0.36168860067391445,-0.554823247453565,8.070865953396897,8.18420833807275,6.858987071047894,0.1235705184929223,0.21149201950020843,-0.7050198286272711
tfmstats_reference,TFMStats reference,Business Network,17293,15544,1749,89.88608107326664,0.2706875614410455,0.3523546062789501,-0.45511720983419096,8.147353009681055,8.276626802837214,6.852137530036388,0.12049098026733948,0.20215802510524408,-0.605313791007897
tfmstats_reference,TFMStats reference,CEO's Favourite Project,17407,1833,15574,10.53024645257655,-0.05164588958464986,-0.15821058374249863,-0.03910363426223192,8.124804138016195,8.137469233727773,8.123481876900064,-0.20184247075835587,-0.3084071649162047,-0.18930021543593795
tfmstats_reference,TFMStats reference,Callisto Penal Mines,17413,9977,7436,57.2962728995578,-0.06253948199620973,-0.35591861280946174,0.3310919849381388,8.182155810193324,7.948984876444895,8.469533607802916,-0.21273606316991575,-0.5061151939831677,0.18089540376443278
tfmstats_reference,TFMStats reference,Capital,17420,5104,12316,29.299655568312286,-0.17313432835820897,-0.7782131661442007,0.07762260474179929,7.879327800186578,7.391609308169893,8.059803837822052,-0.323330909531915,-0.9284097473179067,-0.07257397643190673
tfmstats_reference,TFMStats reference,Carbonate Processing,17252,7928,9324,45.95409227915604,-0.1687920241131463,-0.4436175580221998,0.06488631488631488,8.048900160106475,8.190835976951103,7.91915700739448,-0.31898860528685236,-0.5938141391959059,-0.08531026628739113
tfmstats_reference,TFMStats reference,Caretaker Contract,17336,255,17081,1.4709275496077527,-0.2340793724042455,-1.8274509803921568,-0.21029213746267783,8.0283536551212,5.766591210202067,8.055045659476002,-0.3842759535779515,-1.9776475615658629,-0.3604887186363839
tfmstats_reference,TFMStats reference,Cartel,17288,12636,4652,73.09116149930588,0.5076353540027765,0.6578822412155746,0.09952708512467756,8.045759797330165,8.01736355147276,8.109216309541365,0.35743877282907044,0.5076856600418685,-0.050669496049028456
tfmstats_reference,TFMStats reference,Cloud Seeding,17524,2986,14538,17.03948870120977,-0.11892262040629993,-0.9490957803081045,0.051588939331407346,8.091076066471766,7.7407374282126105,8.150968175428158,-0.26911920158000596,-1.0992923614818104,-0.09860764184229867
tfmstats_reference,TFMStats reference,Colonizer Training Camp,17503,11673,5830,66.69142432725819,-0.1949951436896532,-0.3413004369056798,0.09794168096054888,8.148025881588227,7.863829202153676,8.68245268408962,-0.34519172486335925,-0.49149701807938584,-0.05225490021315714
tfmstats_reference,TFMStats reference,Comet,17452,15191,2261,87.04446481778592,0.22037588815035525,0.28141662826673686,-0.18973905351614329,8.137993977764504,8.267053290397046,7.199483817105345,0.07017930697664923,0.13122004709303084,-0.33993563468984933
tfmstats_reference,TFMStats reference,Commercial District,17411,11179,6232,64.20653609786916,0.18511285968640515,0.09902495750961625,0.3395378690629012,7.987707317732197,7.9976030772038635,7.968235947986438,0.03491627851269913,-0.05117162366408977,0.18934128788919516
tfmstats_reference,TFMStats reference,Convoy From Europa,17376,15052,2324,86.62523020257827,0.07930478821362799,0.06450969970768004,0.1751290877796902,8.049117983770193,8.082157206098199,7.8327799578963075,-0.07089179296007803,-0.08568688146602597,0.024932506605984173
tfmstats_reference,TFMStats reference,Corporate Stronghold,17291,8386,8905,48.49921924700711,0.17986235613903187,0.2127355115668972,0.14890510948905109,8.124446426209875,8.0906940207446,8.156437052361188,0.029665774965325853,0.0625389303931912,-0.0012914716846549323
tfmstats_reference,TFMStats reference,Cupola City,17239,14859,2380,86.19409478508034,0.11624804222982772,0.10485227808062454,0.18739495798319328,8.131828888952782,8.068961085695818,8.515258955383208,-0.033948538943878295,-0.045344303093081476,0.03719837680948726
tfmstats_reference,TFMStats reference,Decomposers,17426,12450,4976,71.44496729025595,-0.08923447721795019,0.0278714859437751,-0.3822347266881029,8.019381974519769,8.121899068878484,7.750000674985727,-0.2394310583916562,-0.12232509522993092,-0.5324313078618089
tfmstats_reference,TFMStats reference,Deep Well Heating,17541,11875,5666,67.69853486118237,0.1258765178724132,-0.0050526315789473685,0.400282386163078,8.02900977608841,7.851695604824414,8.382558275303975,-0.024320063301292827,-0.15524921275265338,0.25008580498937194
tfmstats_reference,TFMStats reference,Deimos Down,17475,15664,1811,89.63662374821173,0.6617453505007153,0.7880490296220634,-0.43070127001656544,8.130360204461937,8.268403071675994,6.724411412530114,0.5115487693270092,0.6378524484483573,-0.5808978511902715
tfmstats_reference,TFMStats reference,Designed Microorganisms,17406,13971,3435,80.2654257152706,0.3556244972997817,0.3252451506692434,0.4791848617176128,7.917198194711042,7.918943725230114,7.910044294006382,0.20542791612607567,0.1750485694955374,0.32898828054390683
tfmstats_reference,TFMStats reference,Development Center,17362,16190,1172,93.2496256191683,1.0,1.1122297714638665,-0.5503412969283277,8.133668163994024,8.214265272249948,6.739259403259724,0.849803418826294,0.9620331902901604,-0.7005378781020337
tfmstats_reference,TFMStats reference,Domed Crater,17225,14105,3120,81.88679245283019,0.01497822931785196,-0.09308755760368663,0.503525641025641,8.052912768996949,7.956867452140986,8.457652677680187,-0.13521835185585407,-0.24328413877739263,0.35332905985193497
tfmstats_reference,TFMStats reference,Dust Seals,17342,2713,14629,15.644101026409873,-0.16163072309998847,-0.8024327312937707,-0.042791715086472074,8.011906359202525,6.863559237529014,8.201935969611107,-0.3118273042736945,-0.9526293124674767,-0.1929882962601781
tfmstats_reference,TFMStats reference,Earth Catapult,17417,17237,180,98.96652695642189,2.308836194522593,2.329407669548065,0.3388888888888889,8.186979233402932,8.19809998156559,6.775872319185876,2.158639613348887,2.1792110883743594,0.1886923077151829
tfmstats_reference,TFMStats reference,Earth Office,17327,16630,697,95.97737634905062,0.7787268425001442,0.8532772098616958,-1.0,8.1870577158889,8.234542194437237,6.722538860849537,0.6285302613264382,0.7030806286879897,-1.150196581173706
tfmstats_reference,TFMStats reference,Ecological Zone,17503,14768,2735,84.37410729589213,0.051248357424441525,0.18079631635969665,-0.6482632541133455,8.06072339788078,8.22318228424306,7.080259637638852,-0.09894822374926449,0.03059973518599063,-0.7984598352870516
tfmstats_reference,TFMStats reference,Electro Catapult,17392,16119,1273,92.68054277828887,0.9287028518859246,0.9983869967119549,0.046347211311861744,8.012976048234487,8.039454599395011,7.61785109323624,0.7785062707122186,0.8481904155382488,-0.10384936986184427
tfmstats_reference,TFMStats reference,Energy Saving,17457,1019,16438,5.837199977086556,-0.1566706765194478,-1.1501472031403337,-0.09508456016547025,8.074315776446632,6.186050239191968,8.173204046962683,-0.3068672576931538,-1.3003437843140397,-0.24528114133917628
tfmstats_reference,TFMStats reference,Energy Tapping,17444,13080,4364,74.98280210960789,0.38316899793625314,0.622782874617737,-0.33501374885426216,8.048115704586744,8.281835062976665,7.256573046006764,0.23297241676254712,0.4725862934440309,-0.4852103300279682
tfmstats_reference,TFMStats reference,Eos Chasma National Park,17528,4606,12922,26.277955271565496,-0.016716111364673665,-0.4194528875379939,0.12683795078161275,8.005183542692683,7.971660131978644,8.012513975193285,-0.16691269253837968,-0.5696494687117,-0.023358630392093266
tfmstats_reference,TFMStats reference,Equatorial Magnetizer,17332,671,16661,3.8714516501269327,-0.23949919224555735,-1.3576751117734724,-0.1944661184802833,7.968660988600455,7.011095468003149,8.001740243555622,-0.38969577341926337,-1.5078716929471785,-0.3446626996539893
tfmstats_reference,TFMStats reference,Extreme-Cold Fungus,17383,5360,12023,30.834723580509692,-0.06471840303745038,-0.47388059701492535,0.11769109207352574,8.033463952670147,7.504210962949235,8.252253600965785,-0.2149149842111564,-0.6240771781886314,-0.03250548910018028
tfmstats_reference,TFMStats reference,Farming,17376,5776,11600,33.241252302025785,-0.10946132596685083,-0.15200831024930747,-0.08827586206896551,8.008045610942528,8.05808498517664,7.983276368170354,-0.25965790714055687,-0.3022048914230135,-0.23847244324267153
tfmstats_reference,TFMStats reference,Fish,17401,8787,8614,50.49709786793863,-0.0945922648123671,-0.11812905428473881,-0.07058277223125145,8.010547289739712,8.021974870013052,7.99926768442653,-0.24478884598607312,-0.26832563545844484,-0.22077935340495747
tfmstats_reference,TFMStats reference,Flooding,17551,12428,5123,70.81078001253489,0.18808045125633868,0.32410685548760865,-0.14190903767323834,8.207286549350938,8.515860254961842,7.3958713448750375,0.037883870082632665,0.17391027431390263,-0.29210561884694436
tfmstats_reference,TFMStats reference,Food Factory,17345,2290,15055,13.202652061112712,-0.149264917843759,-0.8008733624454148,-0.05014945200929924,7.968517074331507,6.869475166108927,8.118292827634109,-0.299461499017465,-0.9510699436191209,-0.20034603318300526
tfmstats_reference,TFMStats reference,Fuel Factory,17480,14601,2879,83.52974828375287,0.4090961098398169,0.44894185329771935,0.20701632511288642,8.040779246057811,8.021359269533674,8.136957833872122,0.2588995286661109,0.29874527212401336,0.056819743939180406
tfmstats_reference,TFMStats reference,Fueled Generators,17434,10320,7114,59.19467706779855,-0.07542732591487897,-0.06579457364341085,-0.08940118077031206,8.08679829142726,8.286353947242192,7.788782960391262,-0.22562390708858499,-0.21599115481711686,-0.23959776194401808
tfmstats_reference,TFMStats reference,Fusion Power,17323,7471,9852,43.12763378167754,-0.06130577844484212,-0.3216436889305314,0.13611449451887941,8.050874825488233,7.781797404549185,8.243985699863654,-0.21150235961854813,-0.47184027010423746,-0.014082086654826603
tfmstats_reference,TFMStats reference,GHG Factories,17684,10332,7352,58.42569554399457,-0.07577471160370956,-0.2353852109949671,0.1485310119695321,8.069211096835822,8.184646421826686,7.899241383712874,-0.22597129277741557,-0.3855817921686731,-0.0016655692041739056
tfmstats_reference,TFMStats reference,GHG Producing Bacteria,17427,4784,12643,27.451655477133183,-0.06243185861020256,-0.10158862876254181,-0.04761528118326347,8.097350673060907,8.130426304276975,8.085072776640272,-0.21262843978390858,-0.2517852099362478,-0.1978118623569695
tfmstats_reference,TFMStats reference,Ganymede Colony,17509,11843,5666,67.63949968587583,0.02969901193671826,-0.10909397956598835,0.3198023296858454,8.109403561315473,8.006768852438272,8.313076484172695,-0.12049756923698776,-0.25929056073969436,0.16960574851213936
tfmstats_reference,TFMStats reference,Gene Repair,17237,10448,6789,60.61379590415966,0.024772292162209202,-0.019429555895865237,0.09279717189571365,8.139137368494803,8.038251233609557,8.292135287633617,-0.12542428901149683,-0.16962613706957125,-0.057399409277992364
tfmstats_reference,TFMStats reference,Geothermal Power,17550,13977,3573,79.64102564102564,0.21430199430199431,0.18530442870429992,0.32773579624965016,8.138233220132213,8.136298060617024,8.145946535297952,0.0641054131282883,0.0351078475305939,0.17753921507594414
tfmstats_reference,TFMStats reference,Giant Ice Asteroid,17297,15729,1568,90.93484419263456,0.880383881597965,1.0172293216351962,-0.4923469387755102,8.10104546882463,8.207221820354894,6.798208600857228,0.730187300424259,0.8670327404614901,-0.6425435199492162
tfmstats_reference,TFMStats reference,Giant Space Mirror,17671,11585,6086,65.55939109275083,0.2685756323920548,0.23521795425118688,0.33207361156753207,8.053834639968763,7.883595190301155,8.36862198284189,0.11837905121834877,0.08502137307748087,0.18187703039382605
tfmstats_reference,TFMStats reference,Grass,17218,10086,7132,58.57823208270415,-0.02665814844929725,-0.004263335316279992,-0.05832865956253505,8.063294236246344,8.114798644013213,7.9903508566379795,-0.17685472962300328,-0.154459916489986,-0.20852524073624107
tfmstats_reference,TFMStats reference,Great Dam,17478,4152,13326,23.755578441469275,-0.17244535988099324,-0.821290944123314,0.029716343989194056,8.09483558833821,7.6059828528549325,8.231054691709911,-0.32264194105469923,-0.9714875252970201,-0.12048023718451197
tfmstats_reference,TFMStats reference,Great Escarpment Consortium,17329,12021,5308,69.36926539327139,0.3774597495527728,0.5054487979369436,0.08760361718161266,8.140268294129044,8.044287217062402,8.347076637726687,0.22726316837906677,0.3552522167632376,-0.06259296399209335
tfmstats_reference,TFMStats reference,Greenhouses,17058,10970,6088,64.3100011724704,-0.0019345761519521632,0.0016408386508659982,-0.008377135348226018,8.099099433219951,8.16365545265189,7.982119956225932,-0.15213115732565818,-0.14855574252284,-0.15857371652193203
tfmstats_reference,TFMStats reference,Hackers,17413,9248,8165,53.109745592373514,0.515132372365474,0.8863538062283737,0.09467238211879976,7.982519030647804,8.164865752184781,7.7498701467572975,0.364935791191768,0.7361572250546676,-0.055524199054906256
tfmstats_reference,TFMStats reference,Heat Trappers,16907,10664,6243,63.07446619743302,0.15886910747027858,0.3411477869467367,-0.15249078968444657,8.191533622652878,8.53720613664842,7.555125074674778,0.008672526296572558,0.19095120577303068,-0.30268737085815256
tfmstats_reference,TFMStats reference,Heather,17426,9797,7629,56.22058992310341,-0.12372317227131872,-0.25834439114014496,0.04915454187966968,8.090362166853302,8.133300988402471,8.032107885562581,-0.2739197534450247,-0.408540972313851,-0.10104203929403634
tfmstats_reference,TFMStats reference,Herbivores,17180,8766,8414,51.0244470314319,-0.0880093131548312,0.04198037873602555,-0.2234371285951985,8.053473022664761,8.32922504625427,7.753941634029093,-0.23820589432853723,-0.10821620243768046,-0.37363370976890453
tfmstats_reference,TFMStats reference,Hired Raiders,17524,15114,2410,86.24743209312942,0.16343300616297649,0.271007013365092,-0.5112033195020746,8.05569668935284,8.216548894014739,6.926231639806596,0.013236424989270468,0.12081043219138596,-0.6613999006757807
tfmstats_reference,TFMStats reference,House Printing,16071,11193,4878,69.64719059174911,-0.03409868707609981,-0.1658179219154829,0.26814268142681424,7.948282245921224,7.774568162202431,8.32615427812209,-0.18429526824980583,-0.3160145030891889,0.11794610025310823
tfmstats_reference,TFMStats reference,Ice Asteroid,17492,15597,1895,89.16647610336153,0.33323805168076837,0.37577739308841446,-0.016886543535620052,8.04516919158907,8.140038782843467,7.209545020575119,0.18304147050706235,0.22558081191470844,-0.16708312470932607
tfmstats_reference,TFMStats reference,Ice cap Melting,17257,1011,16246,5.8584922060613085,-0.14967839137741207,-0.04747774480712166,-0.15603840945463499,8.10493584022823,8.782166959425053,8.061159886481729,-0.29987497255111806,-0.19767432598082768,-0.30623499062834103
tfmstats_reference,TFMStats reference,Immigrant City,17458,13256,4202,75.93080536143889,-0.6249856799175163,-0.9858177429088715,0.5133269871489767,8.036099529210443,7.870957237924895,8.436578208368458,-0.7751822610912223,-1.1360143240825775,0.3631304059752707
tfmstats_reference,TFMStats reference,Immigration Shuttles,17658,9126,8532,51.681957186544345,0.06376713104541851,-0.11746657900504054,0.2576183778715424,8.158404419877883,7.8285608175593415,8.493233081845938,-0.08642945012828751,-0.2676631601787466,0.10742179669783639
tfmstats_reference,TFMStats reference,Import of Advanced GHG,17230,11690,5540,67.84677887405688,-0.07852582704585026,-0.16852010265183917,0.11137184115523466,7.961457281937891,7.963944841283445,7.953583111186733,-0.22872240821955628,-0.3187166838255452,-0.03882474001847136
tfmstats_reference,TFMStats reference,Imported GHG,17313,11289,6024,65.20533702997747,0.020793623288858084,-0.16777393923288156,0.3741699867197875,8.0341178181532,7.9531552613308065,8.172641385581684,-0.12940295788484793,-0.3179705204065876,0.2239734055460815
tfmstats_reference,TFMStats reference,Imported Hydrogen,17445,15271,2174,87.53797649756378,0.10897105187732875,0.22061423613384848,-0.6752529898804048,8.002815107592989,8.16034363818615,6.743841376213317,-0.04122552929637727,0.07041765496014246,-0.8254495710541109
tfmstats_reference,TFMStats reference,Imported Nitrogen,17360,11836,5524,68.17972350230414,-0.09349078341013825,0.04258195336262251,-0.38504706734250543,8.108918040423658,8.265322158005917,7.755894709826309,-0.24368736458384427,-0.10761462781108351,-0.5352436485162114
tfmstats_reference,TFMStats reference,Indentured Workers,17198,12719,4479,73.95627398534714,0.10262821258285847,0.4503498702728202,-0.8847957133288681,8.029984879276634,8.367945921493794,6.887446986444599,-0.04756836859084755,0.3001532890991142,-1.034992294502574
tfmstats_reference,TFMStats reference,Industrial Center,17253,13008,4245,75.39558337680404,0.05245464556888657,-0.01845018450184502,0.2697290930506478,8.2734449609867,8.240426797754964,8.371051057252233,-0.09774193560481945,-0.16864676567555104,0.11953251187694178
tfmstats_reference,TFMStats reference,Industrial Microbes,17337,15552,1785,89.70410105554595,0.4935686681663494,0.4616769547325103,0.7714285714285715,8.097936567786233,7.996901365473022,8.92760942927707,0.34337208699264343,0.3114803735588043,0.6212319902548654
tfmstats_reference,TFMStats reference,Insects,17472,14101,3371,80.70627289377289,0.14325778388278387,0.27579604283384157,-0.4111539602491842,8.163847936386253,8.266519799038896,7.696045857650199,-0.006938797290922144,0.12559946166013555,-0.5613505414228902
tfmstats_reference,TFMStats reference,Insulation,17619,857,16762,4.864067200181622,-0.1309949486349963,-1.075845974329055,-0.08268703018732848,8.036214940915945,6.7792348915320915,8.09244730261701,-0.2811915298087023,-1.226042555502761,-0.2328836113610345
tfmstats_reference,TFMStats reference,Interstellar Colony Ship,17136,6548,10588,38.21195144724557,-0.07049486461251167,0.14737324373854613,-0.20523233849641104,8.112481933927954,8.016753353077927,8.168591866934412,-0.2206914457862177,-0.0028233374351598894,-0.355428919670117
tfmstats_reference,TFMStats reference,Invention Contest,17507,15848,1659,90.52379048380648,0.3102758896441423,0.37007824331145883,-0.26100060277275466,8.061813423624768,8.16039627333467,7.027517288448657,0.1600793084704363,0.21988166213775281,-0.41119718394646065
tfmstats_reference,TFMStats reference,Inventors' Guild,17383,16424,959,94.48311568774089,0.5884484841511822,0.6664637116415002,-0.7476538060479666,8.120595193806261,8.17294971213203,7.035470244899926,0.4382519029774762,0.5162671304677942,-0.8978503872216727
tfmstats_reference,TFMStats reference,Investment Loan,17354,12808,4546,73.80431024547654,0.04661749452575775,0.29270768269831354,-0.6467223933128025,8.0108527436722,8.304568010423003,7.0734110067443625,-0.10357908664794827,0.14251110152460753,-0.7969189744865085
tfmstats_reference,TFMStats reference,Io Mining Industries,17390,14849,2541,85.38815411155836,0.6012075905692927,0.5770758973668261,0.7422274695001968,8.149973617509746,8.14927588871983,8.154225970511149,0.4510110093955867,0.42687931619312003,0.5920308883264908
tfmstats_reference,TFMStats reference,Ironworks,17366,2425,14941,13.964067718530462,-0.04698836807554992,0.0911340206185567,-0.06940633157084533,8.11881129783269,8.141813889311532,8.115123079740776,-0.19718494924925595,-0.059062560555149315,-0.21960291274455135
tfmstats_reference,TFMStats reference,Kelp Farming,17577,14704,2873,83.65477612789441,0.7008021846731524,0.9528019586507073,-0.5889314305603899,8.127558659093722,8.24986111585432,7.337362129208521,0.5506056034994463,0.8026053774770012,-0.7391280117340959
tfmstats_reference,TFMStats reference,Lagrange Observatory,17496,14667,2829,83.83058984910836,0.0017146776406035665,0.023726733483329925,-0.11240721102863202,8.011644670857292,7.9950795548438585,8.097449580730949,-0.14848190353310245,-0.12646984769037609,-0.26260379220233804
tfmstats_reference,TFMStats reference,Lake Marineris,17329,4494,12835,25.93340642853021,-0.11552888222055514,0.10258121940364931,-0.19189715621347878,7.942431628547841,8.462531945600192,7.750976338407589,-0.2657254633942612,-0.04761536177005671,-0.3420937373871848
tfmstats_reference,TFMStats reference,Land Claim,17285,2043,15242,11.819496673416257,-0.02765403529071449,-0.315712187958884,0.010956567379608975,8.07025812893936,7.972632106313954,8.082732638690482,-0.17785061646442052,-0.46590876913259005,-0.13924001379409703
tfmstats_reference,TFMStats reference,Large Convoy,17298,14756,2542,85.30465949820788,0.24979766446988091,0.3477907291949038,-0.3190401258851298,8.145982716400779,8.269319361101264,7.365273145487383,0.0996010832961749,0.19759414802119776,-0.4692367070588358
tfmstats_reference,TFMStats reference,Lava Flows,17614,13865,3749,78.71579425457023,0.20239582150562052,0.280923187883159,-0.08802347292611364,7.979354566364773,8.053739746380135,7.692096184896457,0.052199240331914504,0.130726606709453,-0.23822005409981967
tfmstats_reference,TFMStats reference,Lava Tube Settlement,15990,9379,6611,58.65540963101939,-0.2571607254534084,-0.6262927817464549,0.26652548782332475,7.892202285020481,7.70719458621948,8.11931059587343,-0.40735730662711445,-0.7764893629201609,0.11632890664961873
tfmstats_reference,TFMStats reference,Lichen,17243,10969,6274,63.61422026329525,-0.12207852461868585,-0.31023794329473975,0.20688555945170545,8.035488594115433,8.005008804661417,8.078617595721685,-0.2722751057923919,-0.4604345244684458,0.05668897827799943
tfmstats_reference,TFMStats reference,Lightning Harvest,17286,4997,12289,28.907786648154577,-0.11483281268078213,-0.4728837302381429,0.03075921555862967,8.091718436335151,7.654566549474747,8.258727100765105,-0.26502939385448815,-0.6230803114118489,-0.11943736561507634
tfmstats_reference,TFMStats reference,Livestock,17552,3697,13855,21.063126709206927,-0.137306289881495,-0.6681092777928049,0.004330566582461205,8.246173566443678,8.237278169763592,8.24306709043768,-0.287502871055201,-0.818305858966511,-0.14586601459124482
tfmstats_reference,TFMStats reference,Local Heat Trapping,17270,3566,13704,20.64852345107122,-0.08164447017950202,-0.22125630959057768,-0.04531523642732049,8.042243559449975,8.055843466777112,8.038597592057911,-0.23184105135320804,-0.37145289076428367,-0.1955118176010265
tfmstats_reference,TFMStats reference,Lunar Beam,17214,9168,8046,53.25897525270129,-0.06454049029859417,-0.15608638743455497,0.039771314939100175,8.065976187266926,8.18403755138479,7.928528416820838,-0.2147370714723002,-0.306282968608261,-0.11042526623460584
tfmstats_reference,TFMStats reference,Magnetic Field Dome,17191,972,16219,5.654121342562969,-0.12715956023500669,-1.301440329218107,-0.05678525186509649,8.027208056343927,6.021817352435713,8.126454263482632,-0.2773561414087127,-1.451636910391813,-0.20698183303880252
tfmstats_reference,TFMStats reference,Magnetic Field Generators,17576,1042,16534,5.928538916704597,-0.17808375056895767,-1.154510556621881,-0.11654771985000605,8.029584691579283,6.584419927622312,8.108270595513726,-0.3282803317426637,-1.304707137795587,-0.26674430102371205
tfmstats_reference,TFMStats reference,Mangrove,17292,7059,10233,40.82234559333796,-0.013532269257460098,0.3338999858336875,-0.2532004299814326,8.024530206890171,8.332220554399436,7.796604166000587,-0.1637288504311661,0.1837034046599815,-0.4033970111551386
tfmstats_reference,TFMStats reference,Mars University,17522,16732,790,95.49138226229883,0.7574477799337975,0.8279344967726512,-0.7354430379746836,8.062952022192661,8.143554013033533,5.920866796206804,0.6072511987600915,0.6777379155989451,-0.8856396191483896
tfmstats_reference,TFMStats reference,Martian Rails,17545,1953,15592,11.131376460530065,-0.09495582787118838,-0.9262672811059908,0.009171369933299128,8.233738424864256,6.692812639610798,8.401254936228394,-0.24515240904489438,-1.0764638622796967,-0.1410252112404069
tfmstats_reference,TFMStats reference,Martian Survey,16125,11728,4397,72.73178294573644,-0.08824806201550388,-0.16396657571623466,0.11371389583807141,8.016168475092773,7.9179604967965505,8.269944362942805,-0.23844464318920988,-0.3141631568899407,-0.036482685335634604
tfmstats_reference,TFMStats reference,Mass Converter,17551,15546,2005,88.57614950715059,0.7930602244886331,0.917277756336035,-0.17007481296758103,8.155386924135218,8.217835216439767,7.587118919418242,0.6428636433149271,0.767081175162329,-0.320271394141287
tfmstats_reference,TFMStats reference,Media Archives,17233,6127,11106,35.553879185284046,-0.051006789299599606,0.11947119307981068,-0.14505672609400325,7.981103513368204,7.968888933856136,7.986635130809195,-0.2012033704733056,-0.030725388093895342,-0.29525330726770926
tfmstats_reference,TFMStats reference,Media Group,17298,16632,666,96.14984391259105,1.0020811654526536,1.0854978354978355,-1.0810810810810811,8.045348736992283,8.108993938809707,5.881488945238684,0.8518845842789475,0.9353012543241295,-1.2312776622547872
tfmstats_reference,TFMStats reference,Medical Lab,17393,14298,3095,82.20548496521589,0.17869257747369632,0.18282277241572248,0.15961227786752827,7.998464029575079,7.965451828682644,8.150514268987973,0.028495996299990306,0.03262619124201646,0.00941569669382225
tfmstats_reference,TFMStats reference,Methane From Titan,17254,11674,5580,67.65967311927669,0.16691781615857193,0.04402946719205071,0.42401433691756274,8.109261108756263,8.057583009326413,8.211105823327381,0.016721234984865913,-0.1061671139816553,0.2738177557438567
tfmstats_reference,TFMStats reference,Micro-Mills,17472,2836,14636,16.23168498168498,-0.11223672161172162,-0.9844851904090268,0.05677780814430172,7.94011594584177,6.9056457067600725,8.114721582672647,-0.26243330278542765,-1.1346817715827329,-0.0934187730294043
tfmstats_reference,TFMStats reference,Mine,17356,16902,454,97.38418990550818,0.6829338557271261,0.691456632351201,0.3656387665198238,8.132481919607903,8.109707015005007,8.943198726082926,0.53273727455342,0.541260051177495,0.21544218534611778
tfmstats_reference,TFMStats reference,Mineral Deposit,17371,15464,1907,89.02193310690231,0.15002014852340106,0.2424987066735644,-0.5998951232302046,8.172425967846966,8.242338641124697,7.541967923353027,-0.00017643265030495292,0.09230212549985839,-0.7500917044039106
tfmstats_reference,TFMStats reference,Mining Area,17395,16910,485,97.21184248347227,1.0240873814314457,1.0426374926079243,0.37731958762886597,8.009117588739572,8.004479563633067,8.151199084769893,0.8738908002577397,0.8924409114342182,0.22712300645515995
tfmstats_reference,TFMStats reference,Mining Expedition,17443,4815,12628,27.60419652582698,-0.12881958378719258,-0.8099688473520249,0.1308995882166614,8.136039261801832,7.8304254834613785,8.235066245465871,-0.2790161649608986,-0.960165428525731,-0.019296992957044623
tfmstats_reference,TFMStats reference,Mining Rights,17555,17371,184,98.95186556536599,1.0756479635431502,1.09561913534051,-0.8097826086956522,8.021787082094187,8.039447134315745,5.845152300578973,0.9254513823694441,0.945422554166804,-0.9599791898693583
tfmstats_reference,TFMStats reference,Miranda Resort,17461,12227,5234,70.02462631006243,0.2181432907622702,0.27275701316757994,0.09056171188383645,8.188333318314221,8.112388186437066,8.362454580883838,0.06794670958856419,0.12256043199387393,-0.059634869289869566
tfmstats_reference,TFMStats reference,Mohole Area,17601,14086,3515,80.02954377592182,0.6452474291233453,0.7464148800227176,0.23982930298719773,8.051492397472622,8.196296876984446,7.430283522995269,0.49505084794963927,0.5962182988490116,0.08963272181349172
tfmstats_reference,TFMStats reference,Moss,17426,10479,6947,60.13428210719614,-0.11236084012395271,-0.11928619143048001,-0.10191449546566864,8.04789820793491,8.30622685046484,7.6423042948323445,-0.26255742129765874,-0.269482772604186,-0.25211107663937465
tfmstats_reference,TFMStats reference,Natural Preserve,17295,16919,376,97.82596126047991,0.8403584851113038,0.8668952065724924,-0.3537234042553192,8.119083873385378,8.132990848087507,7.378157816552683,0.6901619039375978,0.7166986253987864,-0.5039199854290252
tfmstats_reference,TFMStats reference,Nitrite Reducing Bacteria,17321,4334,12987,25.021650020206685,-0.13625079383407424,-0.5740655283802492,0.009856009856009856,8.044199666542664,7.566913978647845,8.192371440874325,-0.2864473750077803,-0.7242621095539552,-0.14034057131769617
tfmstats_reference,TFMStats reference,Nitrogen-Rich Asteroid,17334,15415,1919,88.9292719510788,0.6207453559478482,0.7732727862471619,-0.6044815007816571,8.090381033832799,8.203208477370813,7.0018171877524455,0.47054877477414214,0.6230762050734558,-0.7546780819553631
tfmstats_reference,TFMStats reference,Nitrophilic Moss,17137,11721,5416,68.39586858843438,0.054501954834568475,0.1147513010835253,-0.07588626292466766,8.08553528866142,8.200519522271575,7.830072137937625,-0.09569462633913754,-0.03544528009018072,-0.22608284409837368
tfmstats_reference,TFMStats reference,Noctis City,17538,14572,2966,83.08815144258182,0.03529478845934542,-0.0990941531704639,0.6955495616992583,8.117006408711104,8.071028909322818,8.309081588717515,-0.1149017927143606,-0.24929073434416993,0.5453529805255523
tfmstats_reference,TFMStats reference,Noctis Farming,17366,10052,7314,57.883220085224,0.04261200046067028,0.034818941504178275,0.05332239540607055,8.087580163475515,8.132348514788383,8.026187858791868,-0.10758458071303574,-0.11537763966952774,-0.09687418576763547
tfmstats_reference,TFMStats reference,Nuclear Power,17152,7834,9318,45.67397388059702,-0.13292910447761194,-0.22325759509828952,-0.05698647778493239,8.003974442894103,8.048608568786873,7.965895024671807,-0.28312568565131796,-0.3734541762719955,-0.20718305895863842
tfmstats_reference,TFMStats reference,Nuclear Zone,17595,16246,1349,92.33304916169367,1.0947428246660984,1.2102055890680783,-0.29577464788732394,8.12066224993222,8.172769490934156,7.325769822901903,0.9445462434923924,1.0600090078943722,-0.44597122906102993
tfmstats_reference,TFMStats reference,Olympus Conference,17183,16603,580,96.62457079671769,0.8744689518710353,0.9279648256339216,-0.656896551724138,8.195593147141704,8.242944970459115,6.521748180739272,0.7242723706973293,0.7777682444602155,-0.807093132897844
tfmstats_reference,TFMStats reference,Open City,17520,3688,13832,21.050228310502284,-0.15234018264840182,-0.1304229934924078,-0.15818392134181608,8.10763823949414,8.091694914587391,8.1121659808692,-0.3025367638221078,-0.2806195746661138,-0.30838050251552207
tfmstats_reference,TFMStats reference,Optimal Aerobraking,17336,16372,964,94.43931702814952,0.6435163820950623,0.7068775958954312,-0.43257261410788383,8.029154157412398,8.077409015946346,7.077718479737556,0.4933198009213563,0.5566810147217252,-0.5827691952815899
tfmstats_reference,TFMStats reference,Ore Processor,17342,3016,14326,17.391304347826086,-0.12305385768654134,-0.2480106100795756,-0.09674717297221834,8.070144745115895,8.11845323567576,8.059975482353767,-0.27325043886024736,-0.39820719125328163,-0.24694375414592434
tfmstats_reference,TFMStats reference,Permafrost extraction,17415,2279,15136,13.08641975308642,-0.17238013207005454,-0.35322509872751207,-0.14515063424947147,8.075667600397939,8.698809970671226,7.977578855199029,-0.3225767132437606,-0.5034216799012181,-0.2953472154231775
tfmstats_reference,TFMStats reference,Peroxide Power,17334,11112,6222,64.10522672204915,0.036344755970924195,0.05687544996400288,-0.0003214400514304082,8.005209111505184,8.222679675690676,7.601872028905425,-0.11385182520278182,-0.09332113120970315,-0.15051802122513644
tfmstats_reference,TFMStats reference,Pets,17393,10531,6862,60.547346633703214,-0.27591559822917266,-0.5296742949387523,0.11352375400757797,8.035722913735006,7.692755541652853,8.52119595466695,-0.4261121794028787,-0.6798708761124583,-0.03667282716612805
tfmstats_reference,TFMStats reference,Phobos Space Haven,17450,9056,8394,51.89684813753582,-0.3016045845272206,-0.8564487632508834,0.29699785561115083,8.038183473336089,7.63187670657086,8.414189931381017,-0.45180116570092665,-1.0066453444245893,0.1468012744374448
tfmstats_reference,TFMStats reference,Physics Complex,17424,3422,14002,19.63957759412305,-0.15736914600550964,-0.5531852717708942,-0.06063419511498357,8.049823663373116,7.344884701049785,8.21025540439056,-0.30756572717921565,-0.7033818529446002,-0.2108307762886896
tfmstats_reference,TFMStats reference,Plantation,17377,11808,5569,67.95189042987857,-0.16602405478506072,-0.049796747967479675,-0.4124618423415335,8.022413427875348,8.112023327276905,7.8240297123005735,-0.3162206359587667,-0.1999933291411857,-0.5626584235152395
tfmstats_reference,TFMStats reference,Power Grid,17212,1190,16022,6.913781082965373,-0.024401580292818963,-1.1394957983193277,0.05841967294969417,8.101743032006143,7.020386251949338,8.170478214992315,-0.174598161466525,-1.2896923794930337,-0.09177690822401185
tfmstats_reference,TFMStats reference,Power Infrastructure,17344,1628,15716,9.386531365313653,-0.11369926199261993,-0.5233415233415234,-0.07126495291422753,8.093646189136027,7.603581509083829,8.141776576365569,-0.26389584316632597,-0.6735381045152294,-0.22146153408793356
tfmstats_reference,TFMStats reference,Power Plant,17415,15037,2378,86.3451047947172,0.17777777777777778,0.18427877901177098,0.13666947014297728,8.06917662139031,8.080222454390354,8.000541168649216,0.027581196604071767,0.03408219783806496,-0.013527111030728733
tfmstats_reference,TFMStats reference,Power Supply Consortium,17302,6711,10591,38.78742341925789,-0.1385388972373136,-0.3276709879302637,-0.018695118496836936,7.912368004527366,7.743084520931713,8.015838301734867,-0.28873547841101965,-0.47786756910396977,-0.16889169967054296
tfmstats_reference,TFMStats reference,Predators,17472,5004,12468,28.64010989010989,-0.07131410256410256,-0.31394884092725817,0.026066730830927174,8.119313542228337,8.197636033165981,8.085949063390986,-0.22151068373780858,-0.4641454221009642,-0.12412985034277885
tfmstats_reference,TFMStats reference,Protected Habitats,17338,16260,1078,93.78244318837235,-0.32985350098050525,-0.33997539975399754,-0.17717996289424862,7.946127689110721,7.946460459796824,7.943226976925176,-0.4800500821542113,-0.49017198092770353,-0.32737654406795463
tfmstats_reference,TFMStats reference,Protected Valley,17404,12853,4551,73.85083888761204,0.3592852217880947,0.5205010503384424,-0.0960228521204131,8.075181090667966,8.177201459794828,7.762647079013952,0.20908864061438867,0.37030446916473636,-0.2462194332941191
tfmstats_reference,TFMStats reference,Psychrophiles,15985,15045,940,94.11948701908038,0.7792305286205818,0.8310402126952476,-0.05,8.017708693021657,8.058763275413863,7.283301835225778,0.6290339474468758,0.6808436315215416,-0.20019658117370603
tfmstats_reference,TFMStats reference,Quantum Extractor,17361,14813,2548,85.32342606992685,0.48038707447727663,0.6173631269830554,-0.3159340659340659,8.148278675899506,8.150220114540245,8.092774605500821,0.33019049330357064,0.46716654580934935,-0.46613064710777197
tfmstats_reference,TFMStats reference,Rad-Chem Factory,17570,6324,11246,35.99317017643711,-0.17552646556630622,-0.7484187223276407,0.14662991285790503,7.962955227156254,7.627774296760428,8.12799567389469,-0.32572304674001223,-0.8986153035013468,-0.0035666683158009915
tfmstats_reference,TFMStats reference,Rad-Suits,17117,2035,15082,11.88876555471169,-0.18893497692352632,-1.1031941031941033,-0.06557485744596207,7.983254647849679,6.436220989717527,8.16193666741252,-0.33913155809723233,-1.2533906843678093,-0.21577143861966808
tfmstats_reference,TFMStats reference,Regolith Eaters,17132,3918,13214,22.869484006537473,-0.06881858510389914,0.032924961715160794,-0.09898592401997881,8.032847539583674,8.004861183892096,8.041181592811217,-0.21901516627760514,-0.11727161945854522,-0.24918250519368484
tfmstats_reference,TFMStats reference,Release of Inert Gases,17423,4682,12741,26.872524823509156,-0.05647707053894278,-0.7911149081589065,0.2134840279412919,8.07588146717441,7.115726485917231,8.385292702602591,-0.2066736517126488,-0.9413114893326125,0.06328744676758588
tfmstats_reference,TFMStats reference,Research,17598,17033,565,96.78940788725991,0.6234231162632117,0.6223800857159631,0.6548672566371682,8.137176421131914,8.139082617058667,8.086599009306228,0.47322653508950563,0.4721835045422571,0.5046706754634621
tfmstats_reference,TFMStats reference,Research Coordination,16129,13788,2341,85.48577097154194,0.13956227912455824,0.18088192631273572,-0.10380179410508329,7.9856752847724195,7.999976791852609,7.898224840155851,-0.010634302049147781,0.030685345139029707,-0.2539983752787893
tfmstats_reference,TFMStats reference,Research Outpost,17356,17292,64,99.63125144042407,1.5926480755934547,1.595824658801758,0.734375,8.035774311946236,8.032012674684363,9.024204115634516,1.4424514944197486,1.445628077628052,0.584178418826294
tfmstats_reference,TFMStats reference,Restricted Area,17583,17236,347,98.02650287209237,1.558721492350566,1.6081457414713392,-0.8962536023054755,8.137270430780404,8.147100649293847,7.229568605699606,1.4085249111768599,1.457949160297633,-1.0464501834791815
tfmstats_reference,TFMStats reference,Robotic Workforce,17228,14928,2300,86.6496401207337,0.3905850940329696,0.4471463022508039,0.023478260869565216,7.955697966795019,7.927471091842814,8.12871475421675,0.24038851285926358,0.29694972107709783,-0.1267183203041408
tfmstats_reference,TFMStats reference,Rover Construction,17278,10870,6408,62.912374117374696,-0.2019909711772196,-0.5536338546458142,0.3945068664169788,8.017919429599212,7.739266108556223,8.43682799338309,-0.3521875523509256,-0.7038304358195202,0.24431028524327278
tfmstats_reference,TFMStats reference,SF Memorial,15800,8138,7662,51.50632911392405,-0.23715189873417722,-0.5260506266896043,0.0696945967110415,7.9017095924978555,7.684024958053969,8.115781914242154,-0.38734847990788324,-0.6762472078633104,-0.08050198446266452
tfmstats_reference,TFMStats reference,Sabotage,17228,14557,2671,84.49616902716508,0.3316693754353378,0.5374733805042248,-0.7899663047547735,8.087697907566563,8.349144693393521,6.365378355553666,0.1814727942616318,0.38727679933051873,-0.9401628859284795
tfmstats_reference,TFMStats reference,Satellites,17195,7780,9415,45.2457109624891,-0.057574876417563245,-0.04884318766066838,-0.0647902283590016,8.028770098143415,7.795673212539117,8.21680462602326,-0.20777145759126925,-0.1990397688343744,-0.2149868095327076
tfmstats_reference,TFMStats reference,Search For Life,17509,11533,5976,65.86898166657147,-0.22257124907190587,-0.22448625682823203,-0.21887550200803213,8.072281836966807,7.990812693505862,8.227901412111507,-0.3727678302456119,-0.374682838001938,-0.3690720831817381
tfmstats_reference,TFMStats reference,Security Fleet,17395,1051,16344,6.041966082207531,-0.17970681230238575,-1.396764985727878,-0.10144395496818405,8.083558949534709,5.357464663434915,8.221962869864903,-0.32990339347609177,-1.5469615669015842,-0.2516405361418901
tfmstats_reference,TFMStats reference,Shuttles,17620,6838,10782,38.80817253121453,-0.15062429057888763,-0.2443696987423223,-0.09117046930068633,8.025960500207695,7.818332381502077,8.154701344276639,-0.30082087175259364,-0.39456627991602833,-0.24136705047439233
tfmstats_reference,TFMStats reference,Small Animals,17363,8759,8604,50.44635143696366,0.02551402407418073,0.25756364881835825,-0.2107159460715946,8.069461779674263,8.22160344668598,7.9050580081380435,-0.12468255709952529,0.10736706764465223,-0.36091252724530065
tfmstats_reference,TFMStats reference,Soil Factory,17413,1399,16014,8.034227301441451,-0.061505771549991387,-1.4810578984989278,0.06250780567003872,8.006390765634912,6.255483890825425,8.129880055005081,-0.21170235272369742,-1.6312544796726338,-0.0876887755036673
tfmstats_reference,TFMStats reference,Solar Power,17421,7021,10400,40.30193444693187,-0.1864416508811205,-0.6802449793476713,0.14692307692307693,8.006815543665502,7.441348539621344,8.350836197211573,-0.3366382320548265,-0.8304415605213773,-0.0032735042506290835
tfmstats_reference,TFMStats reference,Solar Wind Power,17223,16500,723,95.80212506531963,0.33083667189223714,0.3521212121212121,-0.15491009681881052,8.077098054742343,8.060014059632136,8.44885624454202,0.18064009071853113,0.2019246309475061,-0.30510667799251656
tfmstats_reference,TFMStats reference,Soletta,17508,7642,9866,43.64861777473155,-0.19785241032670778,-0.46139753991101806,0.00628420839245895,7.843439487694336,7.911060977127768,7.7849296911992925,-0.3480489915004138,-0.6115941210847241,-0.14391237278124708
tfmstats_reference,TFMStats reference,Space Elevator,17343,16117,1226,92.93086547886756,1.0439946952661017,1.0924489669293294,0.4070146818923328,7.980223768896185,7.950198093721719,8.342167274497834,0.8937981140923956,0.9422523857556233,0.25681810071862676
tfmstats_reference,TFMStats reference,Space Hotels,16053,13597,2456,84.70067900080981,0.7794804709400112,0.983672869015224,-0.3509771986970684,8.028370455741811,8.014826908971147,8.010925778892085,0.6292838897663051,0.833476287841518,-0.5011737798707744
tfmstats_reference,TFMStats reference,Space Mirrors,17451,3180,14271,18.222451435447827,-0.11128302103031346,-0.6861635220125786,0.01681732184149674,8.07795077553622,7.173068168523768,8.260882753752858,-0.26147960220401945,-0.8363601031862846,-0.1333792593322093
tfmstats_reference,TFMStats reference,Space Station,17158,12710,4448,74.07623266114932,-0.0037883203170532695,-0.12958300550747442,0.3556654676258993,8.189003987802456,8.107962089199921,8.40683726510377,-0.15398490149075927,-0.2797795866811804,0.20546888645219327
tfmstats_reference,TFMStats reference,Special Design,17548,1918,15630,10.930020515158423,-0.16617278322315934,-0.4608967674661105,-0.13000639795265514,7.9410097855648525,8.12630366757431,7.917482754983815,-0.31636936439686536,-0.6110933486398166,-0.28020297912636116
tfmstats_reference,TFMStats reference,Sponsors,17258,16825,433,97.49101865801367,0.49310464712017615,0.5134621099554235,-0.2979214780600462,8.013908635206208,8.027966159502238,7.412540695243085,0.34290806594647016,0.3632655287817175,-0.44811805923375225
tfmstats_reference,TFMStats reference,Standard Technology,17239,13860,3379,80.39909507512037,-0.0339346829862521,-0.01645021645021645,-0.10565255992897307,8.059419186689643,8.116433216367765,7.82197724462459,-0.18413126415995812,-0.16664679762392248,-0.2558491411026791
tfmstats_reference,TFMStats reference,Steelworks,17549,3756,13793,21.402928941820047,-0.04404809390848481,0.2547923322683706,-0.1254259406945552,7.97621889499775,8.115497228745676,7.9362171174155245,-0.19424467508219084,0.1045957510946646,-0.2756225218682612
tfmstats_reference,TFMStats reference,Strip Mine,17511,13888,3623,79.31014790702987,0.3827308548912112,0.4069700460829493,0.28981507038365995,8.081060405797878,8.030544973681232,8.272313401705722,0.2325342737175052,0.25677346490924324,0.13961848920995393
tfmstats_reference,TFMStats reference,Subterranean Reservoir,17303,11883,5420,68.67595214702652,0.14685314685314685,0.07977783388033324,0.29391143911439116,8.041965436217891,8.120558789630133,7.865646116589836,-0.0033434343205591688,-0.07041874729337277,0.14371485794068514
tfmstats_reference,TFMStats reference,Symbiotic Fungus,17397,1324,16073,7.6105075587745015,-0.11588204862907397,-0.75,-0.06364711006034965,8.04280619780238,7.211325287079313,8.10549028040959,-0.26607862980277996,-0.900196581173706,-0.21384369123405567
tfmstats_reference,TFMStats reference,Tardigrades,17229,4927,12302,28.597132741308258,-0.08439259388240757,-0.2474122183884717,-0.01910258494553731,8.04346393775569,7.895858452090536,8.101223841423359,-0.2345891750561136,-0.3976087995621777,-0.16929916611924334
tfmstats_reference,TFMStats reference,Technology Demonstration,17289,16140,1149,93.35415582162068,0.309618832783851,0.3271375464684015,0.06353350739773717,8.171375624219783,8.174398387966107,8.128345575156345,0.15942225161014498,0.17694096529469547,-0.08666307377596885
tfmstats_reference,TFMStats reference,Tectonic Stress Power,17424,6225,11199,35.726584022038566,-0.035697887970615245,-0.16417670682730923,0.03571747477453344,8.141589094919464,7.79583852023316,8.327055691727528,-0.18589446914432126,-0.31437328800101527,-0.11447910639917258
tfmstats_reference,TFMStats reference,Terraforming Ganymede,17432,11989,5443,68.77581459385038,0.15769848554382745,0.042372174493285515,0.4117214771265846,8.089715120265472,7.987104194347148,8.306362073425847,0.007501904370121437,-0.10782440668042051,0.26152489595287853
tfmstats_reference,TFMStats reference,Titanium Mine,17313,16984,329,98.09969387165714,0.6616993011032173,0.6627414036740462,0.60790273556231,8.239272042459703,8.232719524817915,8.583595289158954,0.5115027199295112,0.5125448225003402,0.45770615438860396
tfmstats_reference,TFMStats reference,Toll Station,17494,2565,14929,14.662169886818338,-0.1860637933005602,-1.042495126705653,-0.038917543037042,8.044598440839767,6.826818274282226,8.226953864541947,-0.3362603744742662,-1.192691707879359,-0.18911412421074802
tfmstats_reference,TFMStats reference,Towing a Comet,17376,15043,2333,86.57343462246777,-0.10583563535911603,-0.04227880077112278,-0.5156450921560223,8.060270692801929,8.190196494593064,7.154227209242445,-0.25603221653282204,-0.1924753819448288,-0.6658416733297283
tfmstats_reference,TFMStats reference,Trans-Neptune Probe,17180,12976,4204,75.52968568102445,-0.017345750873108266,-0.020499383477188656,-0.007611798287345386,8.151716508813518,8.128773543345742,8.223093188114069,-0.1675423320468143,-0.17069596465089468,-0.1578083794610514
tfmstats_reference,TFMStats reference,Trees,17293,9986,7307,57.74590874920488,0.10952408488983982,0.1295814139795714,0.08211304228821678,8.15769768621186,8.20531675193166,8.092646641906928,-0.0406724962838662,-0.020615167194134615,-0.06808353888548924
tfmstats_reference,TFMStats reference,Tropical Resort,17253,1203,16050,6.972700399930447,-0.1258331884309975,-1.4837905236907731,-0.024049844236760126,7.977426621781457,6.41600237312327,8.07328541328309,-0.2760297696047035,-1.6339871048644792,-0.17424642541046614
tfmstats_reference,TFMStats reference,Tundra Farming,17566,2683,14883,15.27382443356484,-0.21735170215188432,-0.9004845322400298,-0.09420143788214741,8.026742064481887,7.250354959813458,8.152985250678952,-0.3675482833255903,-1.0506811134137357,-0.24439801905585343
tfmstats_reference,TFMStats reference,Underground City,17548,8055,9493,45.90266697059494,-0.2048096649190791,-0.8037243947858473,0.3033814389550195,8.0325671886007,7.371401326766696,8.521027394928945,-0.3550062460927851,-0.9539209759595534,0.1531848577813135
tfmstats_reference,TFMStats reference,Underground Detonations,17307,637,16670,3.680591668111169,-0.15999306638932223,-1.5227629513343799,-0.10791841631673665,7.983623229494052,6.106873117425639,8.042223352794855,-0.31018964756302825,-1.672959532508086,-0.25811499749044264
tfmstats_reference,TFMStats reference,Urbanized Area,17164,4977,12187,28.99673735725938,-0.14460498718247494,-0.9234478601567209,0.17346352670878806,8.054876063576001,7.25292148747251,8.339679012324245,-0.294801568356181,-1.073644441330427,0.023266945535082045
tfmstats_reference,TFMStats reference,Vesta Shipyard,17256,15020,2236,87.04218822438573,0.21638850254983774,0.15499334221038616,0.6288014311270125,8.177578541627724,8.078610278847972,8.804460563323119,0.06619192137613172,0.004796761036680142,0.47860484995330643
tfmstats_reference,TFMStats reference,Viral Enhancers,17400,16584,816,95.3103448275862,0.2036206896551724,0.2452363724071394,-0.6421568627450981,7.95021425939615,7.991521556794088,7.009503610364107,0.05342410848146639,0.0950397912334334,-0.7923534439188041
tfmstats_reference,TFMStats reference,Virus,17375,12704,4671,73.11654676258993,0.17484892086330936,0.434036523929471,-0.530079212160137,8.072776808076949,8.384912407990202,7.108482188915342,0.024652339689603342,0.28383994275576496,-0.680275793333843
tfmstats_reference,TFMStats reference,Water Import From Europa,17305,10248,7057,59.219878647789656,-0.14082635076567465,-0.3199648711943794,0.11931415615700723,8.121355493951112,7.998290995285024,8.290498221098739,-0.29102293193938067,-0.4701614523680854,-0.030882425016698786
tfmstats_reference,TFMStats reference,Water Splitting Plant,17529,1588,15941,9.05927320440413,-0.15243311084488562,-0.5283375314861462,-0.11498651276582397,8.001863582033621,7.634437812486114,8.036812376935522,-0.30262969201859163,-0.6785341126598522,-0.26518309393953
tfmstats_reference,TFMStats reference,Wave Power,17323,3195,14128,18.44368758298216,-0.03654101483576748,-0.8222222222222222,0.14113816534541337,8.07229725670891,7.483252481132464,8.189449013192704,-0.18673759600947348,-0.9724188033959282,-0.009058415828292643
tfmstats_reference,TFMStats reference,Windmills,17281,1762,15519,10.196169203171113,-0.03853943637520977,-0.7820658342792282,0.045879244796700816,8.165087477472522,7.350258459468612,8.248498025636815,-0.18873601754891578,-0.9322624154529342,-0.1043173363770052
tfmstats_reference,TFMStats reference,Worms,17445,1101,16344,6.311263972484952,-0.06643737460590426,-0.7747502270663034,-0.018722466960352423,8.152573682010594,7.397796849941968,8.198928952118468,-0.21663395577961028,-0.9249468082400094,-0.16891904813405845
tfmstats_reference,TFMStats reference,Zeppelins,17315,1472,15843,8.501299451342767,-0.06006352873231302,-0.9524456521739131,0.022849207852048223,8.158309787794925,6.428959759279823,8.29600762377896,-0.21026010990601904,-1.1026422333476191,-0.1273473733216578
prelude_all_maps,"Prelude on, every recorded map",AI Central,16011,15388,623,96.10892511398414,1.8414215227031416,1.935664153886145,-0.48635634028892455,8.036970978783787,8.073274889061455,6.676930821204113,1.7264888031258747,1.820731434308878,-0.6012890598661914
prelude_all_maps,"Prelude on, every recorded map",Acquired Company,16280,15841,439,97.3034398034398,0.7498157248157248,0.7811375544473202,-0.3804100227790433,7.8842211735174885,7.904281396035085,7.03797129961084,0.6348830052384579,0.6662048348700533,-0.49534274235631015
prelude_all_maps,"Prelude on, every recorded map",Adaptation Technology,16282,6344,9938,38.96327232526717,-0.05183638373664169,-0.24353720050441363,0.07053733145502113,8.006961569692642,7.842678397704572,8.108114882811423,-0.1667691033139086,-0.35846992008168055,-0.04439538812224576
prelude_all_maps,"Prelude on, every recorded map",Adapted Lichen,16257,8177,8080,50.298333025773516,-0.15802423571384636,-0.48966613672496023,0.1775990099009901,7.954939827002681,7.641628965549966,8.2468277398562,-0.27295695529111325,-0.6045988563022271,0.0626662903237232
prelude_all_maps,"Prelude on, every recorded map",Advanced Alloys,16032,15616,416,97.40518962075848,1.5555763473053892,1.5829277663934427,0.5288461538461539,8.046921539246112,8.029582706076253,8.620465121233007,1.4406436277281223,1.4679950468161758,0.41391343426888694
prelude_all_maps,"Prelude on, every recorded map",Advanced Ecosystems,16005,10387,5618,64.89846922836614,-0.15626366760387378,0.0046211610667180126,-0.45372018511925954,7.925027446037808,8.099835473578695,7.582957232240894,-0.2711963871811407,-0.11031155851054887,-0.5686529046965264
prelude_all_maps,"Prelude on, every recorded map",Aerobraked Ammonia Asteroid,16354,2521,13833,15.41518894460071,-0.2510089274795157,-0.7901626338754463,-0.15275066869081183,7.878909162159572,7.164672924039195,7.998536944355569,-0.36594164705678256,-0.9050953534527132,-0.2676833882680787
prelude_all_maps,"Prelude on, every recorded map",Algae,16232,12054,4178,74.26071956628881,-0.0009857072449482504,0.09822465571594491,-0.2872187649593107,7.965137147941294,8.170168624706983,7.334990920785646,-0.11591842682221513,-0.01670806386132198,-0.40215148453657756
prelude_all_maps,"Prelude on, every recorded map",Anti-Gravity Technology,16031,14056,1975,87.68011976794959,0.5260432911234483,0.702831531018782,-0.7321518987341772,7.979320109053282,8.07601614694818,7.130329228798551,0.41111057154618136,0.5878988114415151,-0.8470846183114441
prelude_all_maps,"Prelude on, every recorded map",Ants,15998,2011,13987,12.57032129016127,-0.1363295411926491,-0.6986573843858777,-0.05548008865374991,7.941138340569831,7.551066162240684,7.992663174776337,-0.251262260769916,-0.8135901039631446,-0.1704128082310168
prelude_all_maps,"Prelude on, every recorded map",Aquifer Pumping,16269,3054,13215,18.771897473723033,0.03528182432847747,0.07727570399476097,0.02557699583806281,7.97218142544182,7.760241227071767,8.020620819500875,-0.07965089524878942,-0.03765701558250592,-0.08935572373920408
prelude_all_maps,"Prelude on, every recorded map",Archaebacteria,16253,13061,3192,80.36054882175598,0.08841444656371132,0.022050378990888905,0.3599624060150376,7.879335312030281,7.838920300468314,8.038129971354037,-0.02651827301355557,-0.09288234058637798,0.2450296864377707
prelude_all_maps,"Prelude on, every recorded map",Arctic Algae,16184,15359,825,94.9023727137914,0.41825259515570934,0.4749007096816199,-0.6363636363636364,7.897515435735296,7.959127235855048,6.562332669240631,0.3033198755784424,0.359967990104353,-0.7512963559409033
prelude_all_maps,"Prelude on, every recorded map",Artificial Lake,16186,890,15296,5.498579018905227,-0.09613246015074756,-0.9764044943820225,-0.04491370292887029,7.8901416568770015,7.523529232990646,7.908169185616147,-0.21106517972801445,-1.0913372139592894,-0.15984642250613718
prelude_all_maps,"Prelude on, every recorded map",Artificial Photosynthesis,16156,12698,3458,78.59618717504333,0.016031195840554593,0.05040163805323673,-0.1101792943898207,8.023660646580282,7.964854194228979,8.235944657731597,-0.0989015237367123,-0.06453108152403016,-0.22511201396708758
prelude_all_maps,"Prelude on, every recorded map",Asteroid,16460,14052,2408,85.37059538274605,-0.11227217496962333,-0.08191004839168801,-0.28945182724252494,8.010377106158607,8.12384883545852,7.312232072335316,-0.22720489454689022,-0.1968427679689549,-0.40438454681979186
prelude_all_maps,"Prelude on, every recorded map",Asteroid Mining,16068,13933,2135,86.71272093602191,0.18079412496888225,0.137802339768894,0.4613583138173302,7.94923753334143,7.907044197457284,8.215654761417682,0.06586140539161536,0.02286962019162711,0.34642559424006336
prelude_all_maps,"Prelude on, every recorded map",Asteroid Mining Consortium,16041,14130,1911,88.0867776323172,0.8804937348045633,1.0074309978768579,-0.058084772370486655,7.977586692228499,7.958924825362266,8.054479180183787,0.7655610152272964,0.8924982782995909,-0.17301749194775354
prelude_all_maps,"Prelude on, every recorded map",Beam From a Thorium Asteroid,16309,8862,7447,54.33809553007542,0.03991661046048194,-0.13258858045587904,0.24519940915805022,7.989281106604964,7.7366600585183125,8.275704029237817,-0.07501610911678494,-0.24752130003314593,0.13026668958078333
prelude_all_maps,"Prelude on, every recorded map",Big Asteroid,16208,14271,1937,88.04911154985193,0.27258144126357353,0.343003293392194,-0.2462570986060919,8.01684894735089,8.15730934725935,6.8739963716713195,0.15764872168630664,0.2280705738149271,-0.3611898181833588
prelude_all_maps,"Prelude on, every recorded map",Biomass Combustors,16131,3503,12628,21.715950654020208,-0.22720228132167875,-0.22352269483300027,-0.22822299651567945,7.828882509115511,8.081466654784196,7.757686181193641,-0.34213500089894566,-0.33845541441026716,-0.3431557160929464
prelude_all_maps,"Prelude on, every recorded map",Birds,16193,9466,6727,58.45735811770518,0.0517507564997221,0.20684555250369743,-0.16649323621227888,7.946836666130148,8.238000903830727,7.513230748052554,-0.06318196307754478,0.09191283292643054,-0.28142595578954577
prelude_all_maps,"Prelude on, every recorded map",Black Polar Dust,16137,4513,11624,27.9667844085022,-0.16366115139121273,-0.46820296920008864,-0.04542326221610461,7.9014315730453895,7.985382355691918,7.865764976762777,-0.27859387096847965,-0.5831356887773556,-0.16035598179337152
prelude_all_maps,"Prelude on, every recorded map",Breathing Filters,16080,2461,13619,15.304726368159203,-0.15124378109452735,-0.7452255180820805,-0.04390924443791761,7.933026202413442,7.397957760377128,8.021476451814602,-0.2661765006717942,-0.8601582376593474,-0.1588419640151845
prelude_all_maps,"Prelude on, every recorded map",Bribed Committee,16313,11977,4336,73.4199718016306,0.2235640286887758,0.33505886282040576,-0.08440959409594095,7.880831648904975,7.96744382183311,7.628924290722648,0.10863130911150892,0.22012614324313887,-0.19934231367320784
prelude_all_maps,"Prelude on, every recorded map",Building Industries,16140,13831,2309,85.69392812887237,0.43841387856257746,0.43633865953293327,0.45084452143785186,7.949020383092915,7.953251408539889,7.925335907275286,0.3234811589853106,0.32140593995566635,0.335911801860585
prelude_all_maps,"Prelude on, every recorded map",Bushes,16259,11458,4801,70.47173872931914,-0.08173934436312197,-0.03106999476348403,-0.20266611122682773,7.932519124693794,8.074881604936412,7.581416505093453,-0.19667206394038886,-0.1460027143407509,-0.3175988308040946
prelude_all_maps,"Prelude on, every recorded map",Business Contacts,16185,14722,1463,90.96076614148903,0.2544331170837195,0.3261785083548431,-0.4675324675324675,7.960862016761534,8.071759249685547,6.703930681949018,0.13950039750645263,0.2112457887775762,-0.5824651871097344
prelude_all_maps,"Prelude on, every recorded map",Business Network,16089,14590,1499,90.68307539312573,0.2575672819939089,0.32625085675119947,-0.4109406270847232,8.030657633891712,8.160922814101806,6.595445923138476,0.142634562416642,0.21131813717393258,-0.52587334666199
prelude_all_maps,"Prelude on, every recorded map",CEO's Favourite Project,16150,1696,14454,10.5015479876161,-0.10328173374613003,-0.1704009433962264,-0.09540611595406116,8.011670716775775,7.977022833769312,8.015964468505787,-0.21821445332339692,-0.2853336629734933,-0.21033883553132804
prelude_all_maps,"Prelude on, every recorded map",Callisto Penal Mines,16161,9344,6817,57.818204319039666,-0.08006930264216323,-0.3679366438356164,0.31450784802699133,8.042062958523777,7.784883643200255,8.366264408950972,-0.19500202221943014,-0.48286936341288333,0.19957512844972444
prelude_all_maps,"Prelude on, every recorded map",Capital,16177,4740,11437,29.30085924460654,-0.22433084008159732,-0.7727848101265823,0.002972807554428609,7.723239203827567,7.311913769981043,7.876550014429741,-0.33926355965886423,-0.8877175297038492,-0.11195991202283828
prelude_all_maps,"Prelude on, every recorded map",Carbonate Processing,16064,7344,8720,45.71713147410359,-0.21053286852589642,-0.5223311546840959,0.05206422018348624,7.894135415292017,8.017483429402084,7.77950792342834,-0.3254655881031633,-0.6372638742613628,-0.06286849939378064
prelude_all_maps,"Prelude on, every recorded map",Caretaker Contract,16095,226,15869,1.4041627834731283,-0.28412550481515997,-1.747787610619469,-0.26328060999432856,7.863694073577535,5.274097666396619,7.892594216051784,-0.3990582243924269,-1.8627203301967359,-0.3782133295715955
prelude_all_maps,"Prelude on, every recorded map",Cartel,16083,12037,4046,74.84300192750109,0.5043835105390785,0.6649497383068871,0.026693030153237766,7.916193133527268,7.9327607077995035,7.84826935097002,0.38945079096181157,0.5500170187296202,-0.08823968942402913
prelude_all_maps,"Prelude on, every recorded map",Cloud Seeding,16276,2757,13519,16.93905136397149,-0.13989923814204963,-0.8893725063474791,0.012944744433759894,7.954511417138815,7.727658903202903,7.991639803677216,-0.25483195771931655,-1.004305225924746,-0.10198797514350699
prelude_all_maps,"Prelude on, every recorded map",Colonizer Training Camp,16259,11028,5231,67.82704963404883,-0.255919798265576,-0.36253173739572,-0.031160389982794877,8.010096799620616,7.763978918759237,8.502051499777151,-0.3708525178428429,-0.4774644569729869,-0.14609310956006177
prelude_all_maps,"Prelude on, every recorded map",Comet,16183,14119,2064,87.24587530124204,0.16369029228202434,0.2187123733975494,-0.2126937984496124,7.981297600264707,8.136586418510847,6.814757852393396,0.048757572704757446,0.10377965382028251,-0.32762651802687925
prelude_all_maps,"Prelude on, every recorded map",Commercial District,16228,10489,5739,64.63519842247966,0.1401281735272369,0.07569835065306511,0.25788464889353546,7.896396331956144,7.894843634760176,7.89856319709703,0.025195453949969998,-0.039234368924201776,0.14295192931626857
prelude_all_maps,"Prelude on, every recorded map",Convoy From Europa,16138,13956,2182,86.4791176106085,0.05552113025158012,0.03181427343078246,0.2071494042163153,7.901176872072043,7.935704883637374,7.676708387027964,-0.05941158932568677,-0.08311844614648442,0.09221668463904842
prelude_all_maps,"Prelude on, every recorded map",Corporate Stronghold,16079,7837,8242,48.74059332048013,0.16649045338640464,0.2379737144315427,0.09851977675321524,7.972747558765,7.991087261956364,7.955158897287449,0.05155773380913775,0.1230409948542758,-0.016412942824051646
prelude_all_maps,"Prelude on, every recorded map",Cupola City,15997,13856,2141,86.6162405451022,0.08607863974495218,0.06553117782909931,0.21905651564689396,7.935893078715599,7.8970573513084155,8.183419026292654,-0.028854079832314708,-0.04940154174816758,0.10412379606962707
prelude_all_maps,"Prelude on, every recorded map",Decomposers,16209,11773,4436,72.6324881238818,-0.12024184095255722,-0.03040856196381551,-0.3586564472497746,7.879618737722948,8.018227587428552,7.495002131709082,-0.2351745605298241,-0.1453412815410824,-0.47358916682704144
prelude_all_maps,"Prelude on, every recorded map",Deep Well Heating,16302,10912,5390,66.9365721997301,0.09176788124156546,-0.04435483870967742,0.3673469387755102,7.89718575992699,7.689443075091006,8.295756035819233,-0.023164838335701432,-0.1592875582869443,0.25241421919824336
prelude_all_maps,"Prelude on, every recorded map",Deimos Down,16239,14631,1608,90.0979124330316,0.6052096803990393,0.7196363884901921,-0.43594527363184077,7.953538562538459,8.11009323838574,6.2609407594243045,0.4902769608217724,0.6047036689129252,-0.5508779932091077
prelude_all_maps,"Prelude on, every recorded map",Designed Microorganisms,16198,13013,3185,80.33707865168539,0.32639832078034325,0.29900868362406824,0.43830455259026685,7.8265340703667166,7.834220088615449,7.795278795297483,0.21146560120307636,0.18407596404680135,0.323371833013
prelude_all_maps,"Prelude on, every recorded map",Development Center,16089,15084,1005,93.75349617751259,0.9906147056995462,1.0898965791567223,-0.49950248756218907,7.996516765703184,8.079783903384445,6.444155583666319,0.8756819861222793,0.9749638595794554,-0.614435207139456
prelude_all_maps,"Prelude on, every recorded map",Domed Crater,16004,13210,2794,82.54186453386653,0.03092976755811047,-0.0651778955336866,0.4853256979241231,7.962660822013893,7.894138720349116,8.265291102224811,-0.08400295201915642,-0.1801106151109535,0.37039297834685625
prelude_all_maps,"Prelude on, every recorded map",Dust Seals,16160,2587,13573,16.008663366336634,-0.1999381188118812,-0.761886354851179,-0.09283135636926251,7.873021456641885,6.894165180232007,8.041865809305989,-0.3148708383891481,-0.8768190744284459,-0.2077640759465294
prelude_all_maps,"Prelude on, every recorded map",Earth Catapult,16176,16021,155,99.0417903066271,2.271080613254204,2.287435241245865,0.5806451612903226,7.998548212592922,8.012168339018032,6.229247070199061,2.156147893676937,2.1725025216685983,0.4657124417130557
prelude_all_maps,"Prelude on, every recorded map",Earth Office,16112,15525,587,96.35675273088381,0.7513033763654419,0.8138486312399356,-0.9028960817717206,8.043448801709845,8.090771200760377,6.460362878873387,0.636370656788175,0.6989159116626686,-1.0178288013489876
prelude_all_maps,"Prelude on, every recorded map",Ecological Zone,16273,13911,2362,85.48515946660112,0.021262213482455602,0.1271655524405147,-0.6024555461473328,7.913831363392437,8.103198701595348,6.658096113894113,-0.09367050609481128,0.012232832863247806,-0.7173882657245997
prelude_all_maps,"Prelude on, every recorded map",Electro Catapult,16186,15105,1081,93.32138885456567,0.8789076980106265,0.9404832836809004,0.018501387604070305,7.856878000688811,7.908421707463124,7.0448056759104905,0.7639749784333596,0.8255505641036335,-0.09643133197319659
prelude_all_maps,"Prelude on, every recorded map",Energy Saving,16224,882,15342,5.436390532544379,-0.20309418145956606,-1.0374149659863945,-0.15512970929474645,7.941457362040466,6.017923032350488,8.035580186907328,-0.31802690103683295,-1.1523476855636614,-0.27006242887201337
prelude_all_maps,"Prelude on, every recorded map",Energy Tapping,16260,12242,4018,75.28905289052891,0.381549815498155,0.6168109785982683,-0.3352414136386262,7.904633561726042,8.139516737874176,7.094536247321443,0.2666170959208881,0.5018782590210014,-0.45017413321589306
prelude_all_maps,"Prelude on, every recorded map",Eos Chasma National Park,16314,4389,11925,26.903273262228762,-0.026541620693882554,-0.4554568238778765,0.13132075471698113,7.886468004180477,7.947849359222205,7.858198741575754,-0.14147434027114944,-0.5703895434551434,0.016388035139714235
prelude_all_maps,"Prelude on, every recorded map",Equatorial Magnetizer,16041,593,15448,3.696777008914656,-0.26295118758182157,-1.178752107925801,-0.2277964785085448,7.824504604918625,6.866124772102592,7.857033965023203,-0.3778839071590885,-1.293684827503068,-0.3427291980858117
prelude_all_maps,"Prelude on, every recorded map",Extreme-Cold Fungus,16164,4937,11227,30.54318238059886,-0.10275921801534274,-0.5321045169131051,0.08604257593301862,7.881101210583489,7.243131791645693,8.13898556023588,-0.21769193759260963,-0.647037236490372,-0.028890143644248273
prelude_all_maps,"Prelude on, every recorded map",Farming,16176,5478,10698,33.86498516320475,-0.14416419386745796,-0.15133260313983204,-0.14049355019629836,7.861835540045753,7.95341495424207,7.814897444093855,-0.25909691344472485,-0.2662653227170989,-0.25542626977356525
prelude_all_maps,"Prelude on, every recorded map",Fish,16136,8357,7779,51.79102627664849,-0.133242439266237,-0.11894220414024172,-0.14860521917984318,7.848027899564212,7.939724546827676,7.748789604852556,-0.24817515884350388,-0.23387492371750862,-0.26353793875711007
prelude_all_maps,"Prelude on, every recorded map",Flooding,16313,11451,4862,70.19554956169925,0.09195120456077975,0.21465374203126364,-0.19703825586178528,8.03589022487861,8.369315869961335,7.182306389109324,-0.02298151501648714,0.09972102245399675,-0.31197097543905217
prelude_all_maps,"Prelude on, every recorded map",Food Factory,16172,2158,14014,13.344051446945338,-0.17864209745238685,-0.7405004633920297,-0.09212216355073498,7.847145648123236,6.905504320536974,7.978992212453066,-0.2935748170296537,-0.8554331829692966,-0.20705488312800185
prelude_all_maps,"Prelude on, every recorded map",Fuel Factory,16245,13619,2626,83.83502616189597,0.35610957217605416,0.3990748219399369,0.13328255902513328,7.882450631400989,7.903590151613305,7.769570708355126,0.24117685259878727,0.28414210236267,0.01834983944786639
prelude_all_maps,"Prelude on, every recorded map",Fueled Generators,16257,9591,6666,58.99612474626315,-0.1151503967521683,-0.1275153790011469,-0.09735973597359736,7.972742220055823,8.14678329587936,7.716019457516303,-0.23008311632943518,-0.2424480985784138,-0.21229245555086423
prelude_all_maps,"Prelude on, every recorded map",Fusion Power,16105,7000,9105,43.46476249611922,-0.12126668736417262,-0.37685714285714284,0.07523338824821527,7.905624110921472,7.607737870396425,8.122168731584763,-0.2361994069414395,-0.4917898624344097,-0.039699331329051624
prelude_all_maps,"Prelude on, every recorded map",GHG Factories,16440,9547,6893,58.071776155717764,-0.0869221411192214,-0.24981669634440137,0.1386914260844335,7.9395979533952055,8.097672578713002,7.710213348010001,-0.20185486069648828,-0.36474941592166826,0.023758706507166605
prelude_all_maps,"Prelude on, every recorded map",GHG Producing Bacteria,16209,4497,11712,27.743846011475107,-0.06422357949287433,-0.06270847231487658,-0.06480532786885246,7.912684217353365,8.003979162343525,7.877693131768655,-0.17915629907014122,-0.17764119189214347,-0.17973804744611935
prelude_all_maps,"Prelude on, every recorded map",Ganymede Colony,16280,11145,5135,68.45823095823096,-0.0010442260442260441,-0.12077164647824136,0.25881207400194745,8.017583807893846,7.935249454075552,8.188196379192739,-0.11597694562149294,-0.23570436605550826,0.14387935442468056
prelude_all_maps,"Prelude on, every recorded map",Gene Repair,15988,9820,6168,61.42106579934951,-0.01638729046785089,-0.045926680244399186,0.0306420233463035,8.057720504686829,7.988102767882274,8.167764302920169,-0.13132001004511779,-0.16085939982166608,-0.08429069623096339
prelude_all_maps,"Prelude on, every recorded map",Geothermal Power,16292,12939,3353,79.41934691873313,0.1458998281365087,0.10982301568900224,0.2851178049507903,7.9624070544543075,7.95157968778551,8.003717576308448,0.030967108559241813,-0.0051097038882646495,0.17018508537352342
prelude_all_maps,"Prelude on, every recorded map",Giant Ice Asteroid,16090,14677,1413,91.21814791796146,0.8436295835922933,0.9698848538529672,-0.4677990092002831,8.009661376754496,8.134007634994346,6.438078605418371,0.7286968640150264,0.8549521342757003,-0.58273172877755
prelude_all_maps,"Prelude on, every recorded map",Giant Space Mirror,16423,10695,5728,65.12208488095963,0.20775741338366924,0.18167367928938757,0.2564594972067039,7.919785449449427,7.737922520045899,8.249093277353667,0.09282469380640235,0.06674095971212068,0.14152677762943702
prelude_all_maps,"Prelude on, every recorded map",Grass,15974,9438,6536,59.08351070489545,-0.05540252910980343,-0.05509641873278237,-0.05584455324357405,7.95447341610202,8.036853164054454,7.8346006025247545,-0.1703352486870703,-0.17002913831004926,-0.17077727282084093
prelude_all_maps,"Prelude on, every recorded map",Great Dam,16245,3880,12365,23.884272083718066,-0.20689442905509386,-0.8368556701030928,-0.00921957137080469,7.951425528047983,7.477451360246388,8.084612742555668,-0.3218271486323607,-0.9517883896803597,-0.12415229094807158
prelude_all_maps,"Prelude on, every recorded map",Great Escarpment Consortium,16162,11419,4743,70.65338448211855,0.37767603019428286,0.506436640686575,0.06767868437697659,7.9913892521142165,7.935202840202707,8.117536966262147,0.26274331061701595,0.3915039211093081,-0.0472540352002903
prelude_all_maps,"Prelude on, every recorded map",Greenhouses,15805,10331,5474,65.36539069914583,-0.043024359379943054,-0.02661891394831091,-0.07398611618560468,7.966388609103196,8.062724094598607,7.781961972651031,-0.15795707895720995,-0.1415516335255778,-0.18891883576287155
prelude_all_maps,"Prelude on, every recorded map",Hackers,16217,8703,7514,53.66590614786952,0.4738237651846827,0.8277605423417213,0.06388075592227842,7.857509151184444,8.04394112728483,7.615889653956227,0.3588910456074158,0.7128278227644543,-0.05105196365498847
prelude_all_maps,"Prelude on, every recorded map",Heat Trappers,15716,9982,5734,63.51488928480529,0.11376940697378468,0.301342416349429,-0.2127659574468085,8.022433469458944,8.443186736384934,7.220897555646576,-0.0011633126034822083,0.1864096967721621,-0.3276986770240754
prelude_all_maps,"Prelude on, every recorded map",Heather,16142,9195,6947,56.963201585924914,-0.17383223887994054,-0.3281131049483415,0.030372822801209155,7.896856253372745,7.968812132328434,7.796473389472572,-0.2887649584572074,-0.44304582452560837,-0.08455989677605774
prelude_all_maps,"Prelude on, every recorded map",Herbivores,15975,8271,7704,51.774647887323944,-0.14309859154929577,-0.032523274090194655,-0.2618120456905504,7.902287946554882,8.184985304225249,7.585806052963112,-0.25803131112656263,-0.14745599366746154,-0.3767447652678173
prelude_all_maps,"Prelude on, every recorded map",Hired Raiders,16300,14161,2139,86.87730061349693,0.07460122699386502,0.17442271026057482,-0.5862552594670407,7.870942275815516,8.042635224183023,6.5865056048419035,-0.040331492583401865,0.05948999068330793,-0.7011879790443076
prelude_all_maps,"Prelude on, every recorded map",House Printing,16071,11193,4878,69.64719059174911,-0.03409868707609981,-0.1658179219154829,0.26814268142681424,7.948282245921221,7.7745681622024305,8.326154278122091,-0.1490314066533667,-0.28075064149274975,0.15320996184954735
prelude_all_maps,"Prelude on, every recorded map",Ice Asteroid,16277,14511,1766,89.15033482828531,0.28549487006205077,0.3192061194955551,0.008493771234428085,7.86616323527034,7.975425026879295,6.898982664807154,0.17056215048478388,0.20427339991828822,-0.1064389483428388
prelude_all_maps,"Prelude on, every recorded map",Ice cap Melting,15983,932,15051,5.831195645373209,-0.20021272602139772,-0.09656652360515021,-0.2066307886519168,7.957264937039218,8.543143117203782,7.919819867105239,-0.31514544559866464,-0.21149924318241708,-0.32156350822918367
prelude_all_maps,"Prelude on, every recorded map",Immigrant City,16239,12393,3846,76.31627563273601,-0.6605702321571525,-1.0019365770999757,0.43941757670306814,7.93621054456031,7.747528987785148,8.423253841502119,-0.7755029517344194,-1.1168692966772427,0.3244848571258012
prelude_all_maps,"Prelude on, every recorded map",Immigration Shuttles,16436,8557,7879,52.06254563154052,0.044901435872475054,-0.08858244711931752,0.18987181114354615,7.973056478922191,7.637846932390861,8.319892321844327,-0.07003128370479184,-0.20351516669658443,0.07493909156627926
prelude_all_maps,"Prelude on, every recorded map",Import of Advanced GHG,15961,10790,5171,67.60228055886223,-0.10632165904391955,-0.16218721037998146,0.01024946818797138,7.866582393608182,7.875362467000347,7.847709774185241,-0.22125437862118644,-0.2771199299572483,-0.10468325138929552
prelude_all_maps,"Prelude on, every recorded map",Imported GHG,16056,10457,5599,65.1283009466866,-0.009653712007972097,-0.18810366261834177,0.3236292195034828,7.918840515440239,7.848879910340227,8.037976846528414,-0.124586431585239,-0.3030363821956087,0.2086964999262159
prelude_all_maps,"Prelude on, every recorded map",Imported Hydrogen,16284,14337,1947,88.04347826086956,0.08800049127978384,0.21371277115156587,-0.8376990241397021,7.886223789521605,8.090901939910962,6.095872986491338,-0.026932228297483055,0.09878005157429898,-0.952631743716969
prelude_all_maps,"Prelude on, every recorded map",Imported Nitrogen,16157,11153,5004,69.02890388067091,-0.13009840935817293,-0.0028691831794136107,-0.4136690647482014,8.000094906683303,8.224161246531073,7.4695692197473536,-0.24503112893543982,-0.1178019027566805,-0.5286017843254683
prelude_all_maps,"Prelude on, every recorded map",Indentured Workers,16001,11872,4129,74.19536278982564,0.015624023498531342,0.32345013477088946,-0.8694599176556067,7.8989559990313145,8.23152852074014,6.776838670657884,-0.09930869607873555,0.20851741519362257,-0.9843926372328736
prelude_all_maps,"Prelude on, every recorded map",Industrial Center,16038,12198,3840,76.05686494575383,-0.01926674148896371,-0.08304640104935235,0.18333333333333332,8.1300194095697,8.115985448964286,8.172198139815162,-0.1341994610662306,-0.19797912062661924,0.06840061375606643
prelude_all_maps,"Prelude on, every recorded map",Industrial Microbes,16106,14489,1617,89.96026325592946,0.440705327207252,0.41479743253502654,0.6728509585652442,7.9259295036345,7.83886181254545,8.666323312147371,0.32577260762998506,0.2998647129577596,0.5579182389879773
prelude_all_maps,"Prelude on, every recorded map",Insects,16189,13238,2951,81.7715732905059,0.11501636913953919,0.20826408823085057,-0.30328702134869534,8.008913058683934,8.138934913901823,7.384398535710338,8.364956227230325e-05,0.09333136865358369,-0.41821974092596226
prelude_all_maps,"Prelude on, every recorded map",Insulation,16344,768,15576,4.698972099853157,-0.11961576113558492,-0.9309895833333334,-0.07960965588084232,7.926392815444865,6.552898027033113,7.986052384144036,-0.2345484807128518,-1.0459223029106002,-0.1945423754581092
prelude_all_maps,"Prelude on, every recorded map",Interstellar Colony Ship,15898,6224,9674,39.1495785633413,-0.12278273996729148,0.10363110539845759,-0.26845151953690305,7.96533633207246,7.914903326693331,7.994634245485565,-0.23771545954455836,-0.011301614178809302,-0.38338423911416997
prelude_all_maps,"Prelude on, every recorded map",Invention Contest,16309,14887,1422,91.28088785333252,0.2566067815316696,0.31954053872506216,-0.4022503516174402,7.902750444955673,7.997728019688478,6.797146853463915,0.1416740619544027,0.20460781914779527,-0.5171830711947071
prelude_all_maps,"Prelude on, every recorded map",Inventors' Guild,16170,15332,838,94.81756338899196,0.5693877551020409,0.6494912601095747,-0.89618138424821,7.996723952490834,8.063743690165676,6.483870971288472,0.45445503552477395,0.5345585405323078,-1.011114103825477
prelude_all_maps,"Prelude on, every recorded map",Investment Loan,16161,12027,4134,74.4198997586783,-0.029824887073819688,0.21036002328095119,-0.7285921625544267,7.861603111985059,8.166200318092576,6.852591923305874,-0.14475760665108658,0.0954273037036843,-0.8435248821316936
prelude_all_maps,"Prelude on, every recorded map",Io Mining Industries,16189,13896,2293,85.83606152325653,0.5439495954042869,0.49870466321243523,0.8181421718273005,8.035472304927762,8.031522891884194,8.055684401200832,0.42901687582702,0.3837719436351683,0.7032094522500336
prelude_all_maps,"Prelude on, every recorded map",Ironworks,16142,2300,13842,14.248544170486928,-0.09112873249907075,0.08478260869565217,-0.12035832972113857,7.956868074761937,8.077012618325108,7.936646238592117,-0.20606145207633764,-0.03015011088161472,-0.23529104929840544
prelude_all_maps,"Prelude on, every recorded map",Kelp Farming,16324,13772,2552,84.366576819407,0.7111614800294046,0.9431455126343306,-0.5407523510971787,7.984374582866725,8.101125802400103,7.195749914962664,0.5962287604521377,0.8282127930570636,-0.6556850706744456
prelude_all_maps,"Prelude on, every recorded map",Lagrange Observatory,16235,13758,2477,84.74283954419464,-0.020449645826917155,0.016717546154964385,-0.2268873637464675,7.894076742935647,7.906942940974811,7.820597707738851,-0.13538236540418405,-0.0982151734223025,-0.34182008332373437
prelude_all_maps,"Prelude on, every recorded map",Lake Marineris,16052,4218,11834,26.277099426862698,-0.15723897333665587,-0.008060692271218587,-0.2104106810883894,7.841306247066811,8.346278039392887,7.652934261187567,-0.27217169291392274,-0.12299341184848547,-0.32534340066565626
prelude_all_maps,"Prelude on, every recorded map",Land Claim,16033,1925,14108,12.006486621343479,-0.06349404353520863,-0.4155844155844156,-0.015452225687553162,7.902266671934787,7.821339634190148,7.912304805580643,-0.17842676311247552,-0.5305171351616825,-0.13038494526482006
prelude_all_maps,"Prelude on, every recorded map",Large Convoy,16055,13847,2208,86.24727499221426,0.21432575521644348,0.2982595508052286,-0.3120471014492754,7.983996954370898,8.141826516136463,6.890890197575614,0.09939303563917659,0.1833268312279617,-0.4269798210265423
prelude_all_maps,"Prelude on, every recorded map",Lava Flows,16390,12892,3498,78.65771812080537,0.19658328248932275,0.27257213775985106,-0.08347627215551744,7.867405224220862,7.948696043552951,7.55476857002006,0.08165056291205586,0.15763941818258417,-0.1984089917327843
prelude_all_maps,"Prelude on, every recorded map",Lava Tube Settlement,15990,9379,6611,58.65540963101939,-0.2571607254534084,-0.6262927817464549,0.26652548782332475,7.892202285020481,7.70719458621948,8.119310595873428,-0.3720934450306753,-0.7412255013237218,0.15159276824605786
prelude_all_maps,"Prelude on, every recorded map",Lichen,16065,10311,5754,64.18300653594771,-0.13918456271397447,-0.3260595480554747,0.19568995481404242,7.942933224227845,7.921779256927308,7.970435257290668,-0.25411728229124136,-0.4409922676327416,0.08075723523677553
prelude_all_maps,"Prelude on, every recorded map",Lightning Harvest,16083,4684,11399,29.123919666728845,-0.14431387179008892,-0.447267292912041,-0.01982630055268006,7.933093116257899,7.465544386273422,8.114451089352535,-0.25924659136735584,-0.5622000124893078,-0.13475902012994695
prelude_all_maps,"Prelude on, every recorded map",Livestock,16324,3488,12836,21.36731193334967,-0.1934574859103161,-0.731651376146789,-0.04721096914926769,8.094193154917038,8.028855789620875,8.105995271516877,-0.308390205487583,-0.8465840957240559,-0.16214368872653456
prelude_all_maps,"Prelude on, every recorded map",Local Heat Trapping,16104,3366,12738,20.901639344262296,-0.11742424242424243,-0.2599524658348188,-0.07976134401004867,7.868780981676117,7.942915607534081,7.848955678468312,-0.23235696200150932,-0.3748851854120857,-0.19469406358731556
prelude_all_maps,"Prelude on, every recorded map",Lunar Beam,15965,8401,7564,52.62135922330097,-0.1111807077983088,-0.22759195333888824,0.018112109994711793,7.90031880521176,8.010995748294489,7.774034346971321,-0.2261134273755757,-0.3425246729161551,-0.09682060958255509
prelude_all_maps,"Prelude on, every recorded map",Magnetic Field Dome,16003,872,15131,5.448978316565644,-0.16878085358995187,-1.2178899082568808,-0.10832066618201044,7.920809793113393,6.007324358167943,8.013147913668325,-0.2837135731672188,-1.3328226278341477,-0.22325338575927733
prelude_all_maps,"Prelude on, every recorded map",Magnetic Field Generators,16314,947,15367,5.804830207184014,-0.2033835969106289,-1.0654699049630412,-0.15025704431574152,7.840058018280068,6.161664616959819,7.928976905501308,-0.3183163164878958,-1.180402624540308,-0.2651897638930084
prelude_all_maps,"Prelude on, every recorded map",Mangrove,16113,6711,9402,41.64959970210389,-0.060323962018246136,0.2656832066756072,-0.29302276111465647,7.886906066902938,8.264311858717381,7.5979700056598425,-0.17525668159551303,0.1507504870983403,-0.40795548069192333
prelude_all_maps,"Prelude on, every recorded map",Mars University,16385,15702,683,95.83155324992372,0.7694842844064693,0.8316774933129537,-0.6603221083455344,7.968092582188526,8.046265032318368,5.711951088142954,0.6545515648292024,0.7167447737356868,-0.7752548279228013
prelude_all_maps,"Prelude on, every recorded map",Martian Rails,16298,1750,14548,10.737513805374892,-0.16713707203337833,-0.8594285714285714,-0.08386032444322243,8.119712088752454,6.436274213030694,8.295529942970937,-0.2820697916106452,-0.9743612910058383,-0.1987930440204893
prelude_all_maps,"Prelude on, every recorded map",Martian Survey,16125,11728,4397,72.73178294573644,-0.08824806201550388,-0.16396657571623466,0.11371389583807141,8.016168475092774,7.917960496796551,8.269944362942805,-0.20318078159277075,-0.27889929529350155,-0.0012188237391954765
prelude_all_maps,"Prelude on, every recorded map",Mass Converter,16332,14593,1739,89.35219201567475,0.7409380357580211,0.8534228739806756,-0.20299022426682,7.993969731517339,8.07234741142707,7.236723268552701,0.6260053161807542,0.7384901544034087,-0.3179229438440869
prelude_all_maps,"Prelude on, every recorded map",Media Archives,16072,5758,10314,35.826281732205075,-0.09071677451468392,0.07589440778047933,-0.1837308512701183,7.829254561524868,7.863630949165439,7.808833171512766,-0.20564949409195082,-0.03903831179678756,-0.29866357084738515
prelude_all_maps,"Prelude on, every recorded map",Media Group,16124,15574,550,96.58893574795336,0.9988836516993302,1.0749967895209966,-1.1563636363636363,7.9333262532830595,8.000491234796979,5.279881175056783,0.8839509321220633,0.9600640699437297,-1.2712963559409032
prelude_all_maps,"Prelude on, every recorded map",Medical Lab,16186,13392,2794,82.73816878784135,0.1369084393920672,0.13739545997610514,0.13457408732999285,7.858780641587227,7.876829767896224,7.773084192266662,0.021975719814800315,0.02246274039883825,0.019641367752725958
prelude_all_maps,"Prelude on, every recorded map",Methane From Titan,16006,11031,4975,68.9179057853305,0.13769836311383232,0.03444837276765479,0.36663316582914574,7.978495436408081,7.939417651183414,8.060552665252299,0.022765643536565433,-0.0804843468096121,0.2517004462518788
prelude_all_maps,"Prelude on, every recorded map",Micro-Mills,16268,2557,13711,15.717973936562577,-0.18361199901647407,-0.9714509190457568,-0.036685872656990734,7.798598070135923,6.587348449260589,7.995862109142523,-0.298544718593741,-1.0863836386230237,-0.1516185922342576
prelude_all_maps,"Prelude on, every recorded map",Mine,16138,15734,404,97.49659189490643,0.6282067170653117,0.6449726706495488,-0.024752475247524754,8.012806723825376,8.008206309281343,8.173332002187598,0.5132739974880448,0.5300399510722819,-0.13968519482479164
prelude_all_maps,"Prelude on, every recorded map",Mineral Deposit,16130,14399,1731,89.2684438933664,0.05889646621202728,0.14584346135148274,-0.6643558636626228,8.043198392693101,8.125533218876503,7.284554519083233,-0.05603625336523961,0.03091074177421585,-0.7792885832398897
prelude_all_maps,"Prelude on, every recorded map",Mining Area,16211,15798,413,97.45234717167355,0.980383690086978,1.0016457779465755,0.16707021791767554,7.8343104111561495,7.849706964247769,7.182346236676709,0.8654509705097111,0.8867130583693086,0.05213749834040865
prelude_all_maps,"Prelude on, every recorded map",Mining Expedition,16224,4360,11864,26.873767258382642,-0.17283037475345167,-0.853440366972477,0.07729265003371544,7.980309953482876,7.628434576276884,8.091725910379648,-0.28776309433071856,-0.968373086549744,-0.03764006954355145
prelude_all_maps,"Prelude on, every recorded map",Mining Rights,16312,16159,153,99.06204021579205,1.0004291319274154,1.015099944303484,-0.5490196078431373,7.874050686104924,7.891242714177254,5.581856388607115,0.8854964123501485,0.9001672247262171,-0.6639523274204042
prelude_all_maps,"Prelude on, every recorded map",Miranda Resort,16239,11680,4559,71.92561118295461,0.21916374160970503,0.29006849315068495,0.037508225488045624,8.075137494958444,8.07949865274867,8.061993593165123,0.10423102203243814,0.17513577357341806,-0.07742449408922127
prelude_all_maps,"Prelude on, every recorded map",Mohole Area,16380,13038,3342,79.59706959706959,0.5554945054945055,0.6277803344071177,0.27348892878515857,7.929179151287885,8.070747512052666,7.345210647828072,0.4405617859172386,0.5128476148298508,0.15855620920789168
prelude_all_maps,"Prelude on, every recorded map",Moss,16213,9836,6377,60.667365694196015,-0.15247023993091963,-0.1642944286295242,-0.13423239767915948,7.924394050573805,8.18215661384056,7.510084156115041,-0.2674029595081865,-0.27922714820679106,-0.24916511725642637
prelude_all_maps,"Prelude on, every recorded map",Natural Preserve,16086,15774,312,98.06042521447222,0.7755812507770732,0.8048053759350831,-0.7019230769230769,7.98082037347759,8.005521757262558,6.452716680591222,0.6606485311998063,0.6898726563578161,-0.8168557965003438
prelude_all_maps,"Prelude on, every recorded map",Nitrite Reducing Bacteria,16083,3980,12103,24.746626873095817,-0.1480445190573898,-0.4851758793969849,-0.037180864248533424,7.913553684906534,7.368383130749858,8.082020809865748,-0.2629772386346567,-0.6001085989742518,-0.1521135838258003
prelude_all_maps,"Prelude on, every recorded map",Nitrogen-Rich Asteroid,16009,14354,1655,89.66206508838778,0.6251483540508463,0.7636895638846315,-0.5764350453172206,7.973475186596215,8.090998320020965,6.754284813468816,0.5102156344735794,0.6487568443073646,-0.6913677648944875
prelude_all_maps,"Prelude on, every recorded map",Nitrophilic Moss,15933,11029,4904,69.22111341241448,0.033766396786543654,0.06392238643576027,-0.03405383360522023,7.949595770527954,8.103116352636865,7.593368955381606,-0.08116632279072324,-0.05101033314150662,-0.1489865531824871
prelude_all_maps,"Prelude on, every recorded map",Noctis City,16283,13529,2754,83.08665479334275,-0.04176134618927716,-0.1666050705891049,0.5715323166303559,7.923707282666065,7.903021715157767,7.997738695426871,-0.15669406576654404,-0.2815377901663718,0.45659959705308895
prelude_all_maps,"Prelude on, every recorded map",Noctis Farming,16135,9557,6578,59.23148435079021,-0.01375890920359467,-0.03798263053259391,0.021435086652477956,7.874515360375406,7.954290803299634,7.757617293250495,-0.12869162878086157,-0.1529153501098608,-0.09349763292478894
prelude_all_maps,"Prelude on, every recorded map",Nuclear Power,15931,7167,8764,44.98775971376561,-0.158747096855188,-0.23984930933444956,-0.09242355089000456,7.930447530144655,7.967652813296467,7.899727755467037,-0.27367981643245487,-0.35478202891171645,-0.20735627046727145
prelude_all_maps,"Prelude on, every recorded map",Nuclear Zone,16337,15132,1205,92.62410479280162,1.0654955010099774,1.1785619878403384,-0.35435684647302906,7.973848968567559,8.054854258172863,6.718577014403307,0.9505627814327104,1.0636292682630715,-0.4692895660502959
prelude_all_maps,"Prelude on, every recorded map",Olympus Conference,16001,15537,464,97.10018123867258,0.8903818511343041,0.938662547467336,-0.7262931034482759,8.07629915929509,8.134088616368315,5.588912045211483,0.7754491315570372,0.8237298278900691,-0.8412258230255428
prelude_all_maps,"Prelude on, every recorded map",Open City,16338,3514,12824,21.508140531276776,-0.21936589545844046,-0.17814456459874786,-0.23066126013724267,7.931594489039475,7.955764434170538,7.925232104264093,-0.33429861503570735,-0.29307728417601475,-0.34559397971450956
prelude_all_maps,"Prelude on, every recorded map",Optimal Aerobraking,16056,15227,829,94.8368211260588,0.5685724962630793,0.6246141721941288,-0.46079613992762364,7.852432598038269,7.920498069951006,6.393306421425924,0.45363977668581235,0.5096814526168619,-0.5757288595048905
prelude_all_maps,"Prelude on, every recorded map",Ore Processor,16132,2836,13296,17.579965286387306,-0.11108356062484503,-0.346262341325811,-0.06092057761732852,7.926342995900387,7.93789763282525,7.923271830807096,-0.22601628020211192,-0.46119506090307794,-0.17585329719459541
prelude_all_maps,"Prelude on, every recorded map",Permafrost extraction,16172,2083,14089,12.88028691565669,-0.20745733366312144,-0.4829572731637062,-0.1667258144651856,7.902218344713064,8.463861839879668,7.815252858828814,-0.32239005324038833,-0.5978899927409731,-0.2816585340424525
prelude_all_maps,"Prelude on, every recorded map",Peroxide Power,16115,10242,5873,63.55569345330437,-0.03636363636363636,-0.04159343878148799,-0.027243316873829387,7.860032436242824,8.04014364866273,7.536306774583299,-0.15129635594090324,-0.15652615835875489,-0.14217603645109628
prelude_all_maps,"Prelude on, every recorded map",Pets,16198,9970,6228,61.55080874181998,-0.29818496110630943,-0.47953861584754265,-0.007867694283879255,7.905511665303039,7.600744943175376,8.36276642568151,-0.41311768068357635,-0.5944713354248096,-0.12280041386114615
prelude_all_maps,"Prelude on, every recorded map",Phobos Space Haven,16184,8457,7727,52.25531389026199,-0.3175358378645576,-0.8294903630128887,0.24278503947198135,7.917595987852388,7.547861516359143,8.267644122137021,-0.43246855744182444,-0.9444230825901556,0.12785231989471446
prelude_all_maps,"Prelude on, every recorded map",Physics Complex,16199,3204,12995,19.77899870362368,-0.20093832952651397,-0.5480649188514357,-0.11535205848403232,7.958028813962923,7.295330964922737,8.111088449198212,-0.31587104910378083,-0.6629976384287026,-0.2302847780612992
prelude_all_maps,"Prelude on, every recorded map",Plantation,16111,11090,5021,68.8349574824654,-0.20563590093724785,-0.08872858431018936,-0.4638518223461462,7.891779378987776,8.011864967489498,7.614264882596467,-0.32056862051451473,-0.20366130388745624,-0.5787845419234131
prelude_all_maps,"Prelude on, every recorded map",Power Grid,16021,1072,14949,6.691217776668123,-0.08782223331876912,-1.271455223880597,-0.0029433406916850625,7.905723499610403,6.643236595579495,7.982042120939867,-0.202754952896036,-1.3863879434578639,-0.11787606026895195
prelude_all_maps,"Prelude on, every recorded map",Power Infrastructure,16101,1505,14596,9.347245512701074,-0.15365505248121233,-0.48372093023255813,-0.11962181419567004,7.939624102841391,7.602834506185917,7.973015213017611,-0.2685877720584792,-0.598653649809825,-0.23455453377293695
prelude_all_maps,"Prelude on, every recorded map",Power Plant,16217,13978,2239,86.19350064746871,0.08965899981500894,0.0979396194019173,0.03796337650736936,7.879885919853665,7.898371255411141,7.765030485575123,-0.02527371976225795,-0.016993100175349593,-0.07696934306989753
prelude_all_maps,"Prelude on, every recorded map",Power Supply Consortium,16189,6310,9879,38.977083204645126,-0.16838594107109767,-0.3416798732171157,-0.057698147585788034,7.811210525853805,7.670659281995896,7.898072018744164,-0.28331866064836453,-0.4566125927943826,-0.17263086716305492
prelude_all_maps,"Prelude on, every recorded map",Predators,16196,4815,11381,29.729562855025932,-0.09594961718942949,-0.29968847352024924,-0.00975309726737545,7.942689494885049,8.107997528133913,7.870480081550149,-0.21088233676669638,-0.4146211930975161,-0.12468581684464233
prelude_all_maps,"Prelude on, every recorded map",Protected Habitats,16096,15182,914,94.32157057654075,-0.3690979125248509,-0.3881570280595442,-0.0525164113785558,7.869083310840434,7.878906954626411,7.70140164567818,-0.48403063210211783,-0.5030897476368111,-0.1674491309558227
prelude_all_maps,"Prelude on, every recorded map",Protected Valley,16214,11998,4216,73.99777969655852,0.27611940298507465,0.41331888648108017,-0.11432637571157495,7.983734209674348,8.092969377294745,7.651838174352523,0.16118668340780776,0.29838616690381325,-0.22925909528884184
prelude_all_maps,"Prelude on, every recorded map",Psychrophiles,15985,15045,940,94.11948701908038,0.7792305286205818,0.8310402126952476,-0.05,8.017708693021655,8.058763275413863,7.283301835225778,0.6642978090433149,0.7161074931179807,-0.1649327195772669
prelude_all_maps,"Prelude on, every recorded map",Quantum Extractor,16162,13892,2270,85.95470857567133,0.4433238460586561,0.5791102792974374,-0.3876651982378855,8.017810848448399,8.051719193697686,7.757191594281279,0.32839112648138924,0.4641775597201705,-0.5025979178151524
prelude_all_maps,"Prelude on, every recorded map",Rad-Chem Factory,16317,5868,10449,35.96249310535025,-0.21670650242078812,-0.7518745739604635,0.08383577375825438,7.802593710296458,7.534328339324365,7.93381986748624,-0.331639221998055,-0.8668072935377304,-0.03109694581901251
prelude_all_maps,"Prelude on, every recorded map",Rad-Suits,15889,1891,13998,11.901315375416955,-0.20378878469381334,-1.0423056583818087,-0.09051293041863123,7.847192636261183,6.34637819252904,8.021931430543523,-0.31872150427108026,-1.1572383779590756,-0.20544564999589812
prelude_all_maps,"Prelude on, every recorded map",Regolith Eaters,15957,3536,12421,22.159553800839756,-0.08792379519959892,0.12386877828054299,-0.14821672973190564,7.892982669092756,7.747897382796573,7.933074189940806,-0.2028565147768658,0.0089360587032761,-0.2631494493091725
prelude_all_maps,"Prelude on, every recorded map",Release of Inert Gases,16208,4183,12025,25.808242843040475,-0.09637216189536031,-0.8013387520918002,0.14885654885654886,7.955634783161894,6.887632518364466,8.281181857212436,-0.21130488147262722,-0.9162714716690671,0.033923829279281975
prelude_all_maps,"Prelude on, every recorded map",Research,16359,15872,487,97.0230454184241,0.5776025429427226,0.5735887096774194,0.7084188911704312,7.946580240656771,7.9477931094192105,7.913965813822956,0.4626698233654557,0.45865599010015246,0.5934861715931643
prelude_all_maps,"Prelude on, every recorded map",Research Coordination,16129,13788,2341,85.48577097154194,0.13956227912455824,0.18088192631273572,-0.10380179410508329,7.9856752847724195,7.999976791852605,7.898224840155851,0.024629559547291346,0.06594920673546883,-0.2187345136823502
prelude_all_maps,"Prelude on, every recorded map",Research Outpost,16125,16075,50,99.68992248062015,1.5514418604651163,1.5542146189735615,0.66,7.8646631211688325,7.871429769544397,5.231810082055147,1.4365091408878494,1.4392818993962946,0.5450672804227331
prelude_all_maps,"Prelude on, every recorded map",Restricted Area,16330,16043,287,98.24249846907531,1.5930189834660136,1.633547341519666,-0.6724738675958188,7.986497286297843,8.008896004529573,6.218406172574442,1.4780862638887466,1.518614621942399,-0.7874065871730858
prelude_all_maps,"Prelude on, every recorded map",Robotic Workforce,16008,13969,2039,87.26261869065468,0.38749375312343826,0.4610208318419357,-0.11623344776851398,7.868163779753985,7.845456664901783,8.005807897685358,0.27256103354617134,0.34608811226466885,-0.23116616734578088
prelude_all_maps,"Prelude on, every recorded map",Rover Construction,16099,10213,5886,63.43872290204361,-0.23585315858127834,-0.5419563301674336,0.29527692830445124,7.8575079672021,7.597823144861415,8.262605865204117,-0.35078587815854523,-0.6568890497447005,0.18034420872718435
prelude_all_maps,"Prelude on, every recorded map",SF Memorial,15800,8138,7662,51.50632911392405,-0.23715189873417722,-0.5260506266896043,0.0696945967110415,7.901709592497855,7.68402495805397,8.115781914242154,-0.3520846183114441,-0.6409833462668713,-0.04523812286622539
prelude_all_maps,"Prelude on, every recorded map",Sabotage,16039,13625,2414,84.94918635825177,0.2588690067959349,0.43288073394495413,-0.7232808616404308,7.984979257649444,8.247016175260498,6.215735803355375,0.143936287218668,0.31794801436768727,-0.8382135812176977
prelude_all_maps,"Prelude on, every recorded map",Satellites,15950,7426,8524,46.557993730407524,-0.08808777429467085,-0.05669270131968759,-0.11543876114500234,7.875907736307798,7.694968686128898,8.030567615173545,-0.20302049387193774,-0.17162542089695448,-0.23037148072226923
prelude_all_maps,"Prelude on, every recorded map",Search For Life,16286,10868,5418,66.7321625936387,-0.25494289573867124,-0.2549687154950313,-0.25489110372831303,7.925906024699436,7.891836202683305,7.994540727563101,-0.36987561531593816,-0.3699014350722982,-0.36982382330557995
prelude_all_maps,"Prelude on, every recorded map",Security Fleet,16126,932,15194,5.779486543470172,-0.21406424407788666,-1.453862660944206,-0.1380150059233908,7.954993752079531,5.150684946517508,8.08938408248581,-0.3289969636551535,-1.568795380521473,-0.2529477255006577
prelude_all_maps,"Prelude on, every recorded map",Shuttles,16334,6473,9861,39.62899473490878,-0.17533978204971226,-0.25336011123126834,-0.12412534225737755,7.896392658197896,7.692587990018381,8.02733710719586,-0.29027250162697915,-0.36829283080853525,-0.23905806183464445
prelude_all_maps,"Prelude on, every recorded map",Small Animals,16145,8356,7789,51.75596159801796,-0.0258284298544441,0.2332455720440402,-0.30376171523944023,7.945546174458546,8.13022674956928,7.733402126267038,-0.14076114943171097,0.11831285246677331,-0.4186944348167071
prelude_all_maps,"Prelude on, every recorded map",Soil Factory,16213,1280,14933,7.894899154999075,-0.1089866156787763,-1.4203125,0.00341525480479475,7.894764998095895,6.14025998709727,8.017522105782815,-0.22391933525604318,-1.535245219577267,-0.11151746477247214
prelude_all_maps,"Prelude on, every recorded map",Solar Power,16253,6477,9776,39.85110441149326,-0.21522180520519288,-0.68704647213216,0.09738134206219312,7.856668699565045,7.297340627554685,8.191688713929434,-0.33015452478245977,-0.8019791917094269,-0.01755137751507377
prelude_all_maps,"Prelude on, every recorded map",Solar Wind Power,16025,15382,643,95.98751950078002,0.3352262090483619,0.3541151995839293,-0.1166407465007776,7.958325538845385,7.958510736808807,7.94669271750436,0.22029348947109503,0.2391824800066624,-0.2315734660780445
prelude_all_maps,"Prelude on, every recorded map",Soletta,16259,6962,9297,42.81936158435328,-0.266314041453964,-0.5940821602987647,-0.020866946326772075,7.7368488499348285,7.7826278959405535,7.693669524638247,-0.3812467610312309,-0.7090148798760316,-0.13579966590403897
prelude_all_maps,"Prelude on, every recorded map",Space Elevator,16110,15101,1009,93.73680943513345,1.0360024829298573,1.0864181180054302,0.2814667988107037,7.837251055108995,7.830109251121819,7.908960123007271,0.9210697633525904,0.9714853984281633,0.1665340792334368
prelude_all_maps,"Prelude on, every recorded map",Space Hotels,16053,13597,2456,84.70067900080981,0.7794804709400112,0.983672869015224,-0.3509771986970684,8.028370455741808,8.014826908971145,8.010925778892085,0.6645477513627442,0.8687401494379571,-0.46590991827433526
prelude_all_maps,"Prelude on, every recorded map",Space Mirrors,16214,2862,13352,17.651412359689157,-0.19335142469470828,-0.7103424178895877,-0.08253445176752547,7.921205917911386,6.967615553600236,8.106978193267935,-0.30828414427197515,-0.8252751374668547,-0.19746717134479236
prelude_all_maps,"Prelude on, every recorded map",Space Station,15972,11963,4009,74.89982469321312,-0.0608564988730278,-0.15347320906127226,0.2155150910451484,8.077921992113383,8.002320675714683,8.29429671667741,-0.1757892184502947,-0.2684059286385392,0.10058237146788152
prelude_all_maps,"Prelude on, every recorded map",Special Design,16281,1777,14504,10.914562987531479,-0.2136232418156133,-0.5250422059651098,-0.1754688361831219,7.805289496592174,8.036765729487987,7.775882425894738,-0.3285559613928802,-0.6399749255423767,-0.2904015557603888
prelude_all_maps,"Prelude on, every recorded map",Sponsors,16019,15623,396,97.5279355765029,0.46969224046444846,0.48870255392690265,-0.2803030303030303,7.925092696170711,7.937898106394908,7.3725262083461125,0.35475952088718155,0.37376983434963573,-0.3952357498802972
prelude_all_maps,"Prelude on, every recorded map",Standard Technology,15987,12851,3136,80.38406205041596,-0.06949396384562458,-0.052447280367286596,-0.13934948979591838,7.958841767486042,8.018784612163312,7.709190113642316,-0.18442668342289148,-0.1673799999445535,-0.25428220937318524
prelude_all_maps,"Prelude on, every recorded map",Steelworks,16320,3540,12780,21.691176470588236,-0.09283088235294118,0.22429378531073446,-0.18067292644757432,7.837104516010956,7.979025746326644,7.795370973140182,-0.20776360193020807,0.10936106573346757,-0.2956056460248412
prelude_all_maps,"Prelude on, every recorded map",Strip Mine,16259,12972,3287,79.78350452057322,0.3348914447382988,0.35445575084798026,0.25768177669607545,7.9402194869852805,7.892052783922199,8.128284130229844,0.2199587251610319,0.23952303127071337,0.14274905711880856
prelude_all_maps,"Prelude on, every recorded map",Subterranean Reservoir,16119,10901,5218,67.6282647806936,0.07705192629815745,-0.020823777635079352,0.2815254886929858,7.922499266885221,7.971729135706461,7.815456283611887,-0.03788079327910944,-0.13575649721234623,0.16659276911571894
prelude_all_maps,"Prelude on, every recorded map",Symbiotic Fungus,16213,1230,14983,7.586504656756923,-0.1114537716647135,-0.6707317073170732,-0.06554094640592671,7.952120488968394,7.067249114179734,8.01890720110593,-0.2263864912419804,-0.7856644268943401,-0.1804736659831936
prelude_all_maps,"Prelude on, every recorded map",Tardigrades,16079,4744,11335,29.504322408109957,-0.10454630263076062,-0.22913153456998314,-0.052404058226731366,7.914627416012718,7.850515882737605,7.941070632297462,-0.2194790222080275,-0.34406425414725006,-0.16733677780399825
prelude_all_maps,"Prelude on, every recorded map",Technology Demonstration,16123,15147,976,93.94653600446567,0.292253302735223,0.32171387073347857,-0.16495901639344263,7.990725078913852,8.029143109133303,7.357566598728746,0.1773205831579561,0.20678115115621168,-0.2798917359707095
prelude_all_maps,"Prelude on, every recorded map",Tectonic Stress Power,16189,5783,10406,35.721786398171595,-0.09160541108159861,-0.15355351893480892,-0.05717855083605612,7.98742351105209,7.62938261952884,8.17978532209995,-0.2065381306588655,-0.2684862385120758,-0.17211127041332303
prelude_all_maps,"Prelude on, every recorded map",Terraforming Ganymede,16146,11300,4846,69.98637433420042,0.10429827821132169,0.02761061946902655,0.2831200990507635,7.944411865096439,7.866571305780136,8.121034356180411,-0.0106344413659452,-0.08732210010824035,0.16818737947349663
prelude_all_maps,"Prelude on, every recorded map",Titanium Mine,16110,15814,296,98.16263190564867,0.6214773432650528,0.6242569874794486,0.47297297297297297,8.124793961446771,8.119550880183949,8.413021340792081,0.5065446236877859,0.5093242679021817,0.3580402533957061
prelude_all_maps,"Prelude on, every recorded map",Toll Station,16285,2372,13913,14.565551120663187,-0.1986490635554191,-1.0084317032040473,-0.06059081434629483,7.937177995949711,6.736087600085473,8.116407616374016,-0.313581783132686,-1.1233644227813142,-0.17552353392356174
prelude_all_maps,"Prelude on, every recorded map",Towing a Comet,16076,13971,2105,86.90594675292361,-0.16030106991789003,-0.10192541693507981,-0.5477434679334917,7.942945476293214,8.075098737986034,6.99230469810879,-0.2752337894951569,-0.2168581365123467,-0.6626761875107586
prelude_all_maps,"Prelude on, every recorded map",Trans-Neptune Probe,15977,12269,3708,76.79163797959566,-0.06715904112161232,-0.04629554160893308,-0.13619201725997843,8.004149440083784,8.021255306470747,7.947973242936209,-0.18209176069887922,-0.16122826118619998,-0.25112473683724534
prelude_all_maps,"Prelude on, every recorded map",Trees,16089,9424,6665,58.57418111753372,0.1077754987879918,0.12266553480475383,0.08672168042010503,8.025045939897343,8.114472043635045,7.89743179786368,-0.0071572207892750955,0.007732815227486936,-0.02821103915716186
prelude_all_maps,"Prelude on, every recorded map",Tropical Resort,16080,1114,14966,6.9278606965174125,-0.14732587064676617,-1.3662477558348294,-0.05659494855004677,7.9110594303516955,6.420050221596103,8.003712236261407,-0.2622585902240331,-1.4811804754120963,-0.17152766812731365
prelude_all_maps,"Prelude on, every recorded map",Tundra Farming,16354,2501,13853,15.29289470465941,-0.2609147609147609,-0.9512195121951219,-0.13628816862773407,7.890531217283008,7.117416631910423,8.016076684561204,-0.37584748049202776,-1.0661522317723888,-0.251220888205001
prelude_all_maps,"Prelude on, every recorded map",Underground City,16333,7497,8836,45.9009367538113,-0.21337170146329518,-0.7433640122715753,0.23630602082390223,7.892824674253262,7.338607070141948,8.308147064375785,-0.32830442104056207,-0.8582967318488423,0.12137330124663534
prelude_all_maps,"Prelude on, every recorded map",Underground Detonations,16067,534,15533,3.3235824982884172,-0.16256924130204767,-1.5,-0.11659048477435138,7.871720532183111,6.162511488216595,7.92007076362671,-0.27750196087931456,-1.614932719577267,-0.23152320435161827
prelude_all_maps,"Prelude on, every recorded map",Urbanized Area,15944,4573,11371,28.681635725037633,-0.1823883592574009,-0.9070631970260223,0.1090493360302524,7.9351382333654445,7.076811137413107,8.237539716597798,-0.2973210788346678,-1.0219959166032893,-0.005883383547014495
prelude_all_maps,"Prelude on, every recorded map",Vesta Shipyard,15997,14034,1963,87.72894917797088,0.14552728636619366,0.09398603391762862,0.5140091696383087,8.023359293551676,7.9481817500604075,8.534643819833043,0.030594566788926775,-0.020946685659638267,0.39907645006104175
prelude_all_maps,"Prelude on, every recorded map",Viral Enhancers,16139,15476,663,95.89193878183282,0.17597124976764358,0.22299043680537606,-0.9215686274509803,7.807679636067198,7.862992643514316,6.287416287950647,0.061038530190376694,0.10805771722810917,-1.0365013470282471
prelude_all_maps,"Prelude on, every recorded map",Virus,16111,11943,4168,74.1294767550121,0.12506982806777978,0.3584526500879176,-0.5436660268714012,7.913251676640582,8.26306339872098,6.768623754246068,0.010137108490512886,0.2435199305106507,-0.6585987464486681
prelude_all_maps,"Prelude on, every recorded map",Water Import From Europa,16094,9686,6408,60.183919473095564,-0.15328693923201192,-0.325831096427834,0.10752184769038702,7.994673089488985,7.878056655743676,8.161482028068262,-0.2682196588092788,-0.44076381600510084,-0.0074108718868798745
prelude_all_maps,"Prelude on, every recorded map",Water Splitting Plant,16308,1471,14837,9.020112828059847,-0.1834682364483689,-0.5207341944255608,-0.15003032958145177,7.884013332003136,7.515657923190423,7.9190602173976075,-0.29840095602563577,-0.6356669140028277,-0.26496304915871866
prelude_all_maps,"Prelude on, every recorded map",Wave Power,16107,2974,13133,18.464021853852362,-0.07574346557397404,-0.832212508406187,0.09556080103555928,7.968613119206266,7.356321353452571,8.091292383003724,-0.19067618515124093,-0.9471452279834539,-0.01937191854170761
prelude_all_maps,"Prelude on, every recorded map",Windmills,16122,1656,14466,10.271678451804988,-0.06512839598064757,-0.7922705314009661,0.018111433706622423,8.022777941239374,7.197622176290554,8.107953168573395,-0.18006111555791446,-0.9072032509782331,-0.09682128587064447
prelude_all_maps,"Prelude on, every recorded map",Worms,16273,1041,15232,6.397099489952683,-0.13015424322497388,-0.7829010566762729,-0.08554359243697479,7.9753735903502925,7.269333349421285,8.019637839537758,-0.24508696280224077,-0.8978337762535398,-0.20047631201424168
prelude_all_maps,"Prelude on, every recorded map",Zeppelins,16115,1324,14791,8.215947874650947,-0.10784982935153584,-0.8549848942598187,-0.04097086065850855,8.037590708876161,6.248818911815782,8.175497171419888,-0.22278254892880273,-0.9699176138370856,-0.15590358023577544
prelude_without_amazonis_random,"Prelude on, excluding Amazonis and Random",AI Central,15939,15324,615,96.14153961980048,1.8425246251333207,1.935917515009136,-0.4845528455284553,8.039816279185404,8.074495993223918,6.719799522471099,1.7277605846674375,1.8211534745432527,-0.5993168859943385
prelude_without_amazonis_random,"Prelude on, excluding Amazonis and Random",Acquired Company,16198,15761,437,97.302136066181,0.7479318434374614,0.7804073345599899,-0.4233409610983982,7.894390765058762,7.9155079337523535,6.998800998591299,0.6331678029715782,0.6656432940941066,-0.5381050015642814
prelude_without_amazonis_random,"Prelude on, excluding Amazonis and Random",Adaptation Technology,16196,6277,9919,38.75648308224253,-0.052358607063472465,-0.2496415485104349,0.07248714588164129,8.020764961725202,7.869228860407505,8.113114924067968,-0.16712264752935574,-0.36440558897631814,-0.04227689458424197
prelude_without_amazonis_random,"Prelude on, excluding Amazonis and Random",Adapted Lichen,16174,8143,8031,50.346234697662915,-0.15784592555954,-0.48986859879651234,0.1788071224006973,7.971305194752387,7.653296316291565,8.26816452299762,-0.27260996602542326,-0.6046326392623956,0.06404308193481403
prelude_without_amazonis_random,"Prelude on, excluding Amazonis and Random",Advanced Alloys,15953,15538,415,97.39860841221088,1.5600200589230866,1.5874629939503153,0.5325301204819277,8.056606016251642,8.039211835443625,8.63054216580751,1.4452560184572034,1.4726989534844321,0.4177660800160444
prelude_without_amazonis_random,"Prelude on, excluding Amazonis and Random",Advanced Ecosystems,15918,10325,5593,64.8636763412489,-0.15812287975876366,0.003099273607748184,-0.4557482567495083,7.939889316084784,8.115985899662613,7.595826748540188,-0.2728869202246469,-0.11166476685813508,-0.5705122972153915
prelude_without_amazonis_random,"Prelude on, excluding Amazonis and Random",Aerobraked Ammonia Asteroid,16265,2502,13763,15.382723639717184,-0.25336612357823546,-0.7861710631494804,-0.15650657560124973,7.894061843149485,7.190741123441467,8.011730630899258,-0.3681301640441187,-0.9009351036153637,-0.271270616067133
prelude_without_amazonis_random,"Prelude on, excluding Amazonis and Random",Algae,16151,12000,4151,74.29880502755248,-0.0004334096959940561,0.09525,-0.2770416767044086,7.9805452181744485,8.184319928694418,7.353736892380568,-0.11519745016187731,-0.01951404046588326,-0.3918057171702919
prelude_without_amazonis_random,"Prelude on, excluding Amazonis and Random",Anti-Gravity Technology,15940,13972,1968,87.65370138017566,0.5191969887076537,0.695319209848268,-0.7311991869918699,7.98014635127589,8.075825139066731,7.142773922186432,0.40443294824177045,0.5805551693823847,-0.8459632274577532
prelude_without_amazonis_random,"Prelude on, excluding Amazonis and Random",Ants,15930,1976,13954,12.404268675455116,-0.13145009416195857,-0.7024291497975709,-0.05059481152357747,7.951887559416371,7.589300541145966,7.998872385515766,-0.24621413462784184,-0.8171931902634542,-0.16535885198946074
prelude_without_amazonis_random,"Prelude on, excluding Amazonis and Random",Aquifer Pumping,16186,3043,13143,18.800197701717533,0.033423946620536264,0.08051265198816956,0.022521494331583354,7.980408965485587,7.762950715634304,8.030167466038233,-0.08134009384534699,-0.034251388477713696,-0.09224254613429991
prelude_without_amazonis_random,"Prelude on, excluding Amazonis and Random",Archaebacteria,16174,13022,3152,80.51193273154445,0.0907011252627674,0.025495315619720474,0.36008883248730966,7.891679725004077,7.845933799081698,8.073612042763187,-0.02406291520311586,-0.08926872484616279,0.2453247920214264
prelude_without_amazonis_random,"Prelude on, excluding Amazonis and Random",Arctic Algae,16103,15283,820,94.90778115879029,0.4167546419921754,0.47438330170777987,-0.6573170731707317,7.912773444218524,7.975155773410952,6.555735132140794,0.3019906015262921,0.3596192612418966,-0.772081113636615
prelude_without_amazonis_random,"Prelude on, excluding Amazonis and Random",Artificial Lake,16115,884,15231,5.485572448029786,-0.09692832764505119,-0.9762443438914027,-0.045893244041756945,7.89796462544541,7.548896939005134,7.9149903931297665,-0.21169236811093445,-1.091008384357286,-0.16065728450764022
prelude_without_amazonis_random,"Prelude on, excluding Amazonis and Random",Artificial Photosynthesis,16074,12623,3451,78.53054622371532,0.014930944382232176,0.047294620930048326,-0.10344827586206896,8.031638181692722,7.973398795158886,8.241254810984199,-0.09983309608365108,-0.06746941953583493,-0.21821231632795224
prelude_without_amazonis_random,"Prelude on, excluding Amazonis and Random",Asteroid,16385,13998,2387,85.43179737564846,-0.11241989624656698,-0.08394056293756251,-0.2794302471721827,8.017646106026938,8.128848997756752,7.331013820179175,-0.22718393671245024,-0.19870460340344576,-0.39419428763806597
prelude_without_amazonis_random,"Prelude on, excluding Amazonis and Random",Asteroid Mining,16004,13871,2133,86.67208197950512,0.18120469882529366,0.13791363275899357,0.46272855133614627,7.960544875938304,7.919417382697097,8.219328308464284,0.0664406583594104,0.02314959229311031,0.34796451087026303
prelude_without_amazonis_random,"Prelude on, excluding Amazonis and Random",Asteroid Mining Consortium,15963,14058,1905,88.06615297876338,0.8836058385015348,1.0097453407312562,-0.047244094488188976,7.990627496102979,7.9731607874284585,8.059643345513384,0.7688417980356516,0.8949813002653729,-0.16200813495407224
prelude_without_amazonis_random,"Prelude on, excluding Amazonis and Random",Beam From a Thorium Asteroid,16221,8807,7414,54.29381665741939,0.037482276061895074,-0.1370500738049279,0.24480712166172106,8.001676807839978,7.74930546850851,8.287240733440141,-0.07728176440398818,-0.25181411427081113,0.1300430811958378
prelude_without_amazonis_random,"Prelude on, excluding Amazonis and Random",Big Asteroid,16117,14200,1917,88.10572687224669,0.2752373270459763,0.34401408450704224,-0.23422013562858635,8.031486835595667,8.16983130025916,6.9017045472225025,0.16047328658009305,0.22925004404115898,-0.34898417609446963
prelude_without_amazonis_random,"Prelude on, excluding Amazonis and Random",Biomass Combustors,16052,3491,12561,21.74806877647645,-0.22321206080239223,-0.21455170438269835,-0.22561897938062256,7.839622072364331,8.086500491124468,7.769943497837598,-0.3379761012682755,-0.3293157448485816,-0.3403830198465058
prelude_without_amazonis_random,"Prelude on, excluding Amazonis and Random",Birds,16114,9408,6706,58.38401390095569,0.053431798436142486,0.21014030612244897,-0.16641813301521025,7.960855775421692,8.256669415625652,7.5213866326288334,-0.061332242029740774,0.0953762656565657,-0.28118217348109353
prelude_without_amazonis_random,"Prelude on, excluding Amazonis and Random",Black Polar Dust,16054,4503,11551,28.049084340351314,-0.16052074249408246,-0.46568954030646237,-0.04155484373647303,7.914525543163513,7.990755001222048,7.881756312476595,-0.2752847829599657,-0.5804535807723457,-0.1563188842023563
prelude_without_amazonis_random,"Prelude on, excluding Amazonis and Random",Breathing Filters,15985,2438,13547,15.251798561151078,-0.15846105724116358,-0.7760459392945037,-0.047316749095740754,7.9371184306937455,7.354154949947925,8.03275936035509,-0.27322509770704684,-0.890809979760387,-0.16208078956162403
prelude_without_amazonis_random,"Prelude on, excluding Amazonis and Random",Bribed Committee,16222,11912,4310,73.43114289236838,0.22808531623720874,0.3425957018132975,-0.08839907192575407,7.894346115649482,7.9805766377384595,7.64295673433907,0.11332127577132547,0.22783166134741425,-0.2031631123916373
prelude_without_amazonis_random,"Prelude on, excluding Amazonis and Random",Building Industries,16056,13754,2302,85.66268061783757,0.43690832087693077,0.4343463719645194,0.4522154648132059,7.96179795047035,7.966378555413173,7.93608331507441,0.3221442804110475,0.31958233149863613,0.33745142434732267
prelude_without_amazonis_random,"Prelude on, excluding Amazonis and Random",Bushes,16181,11403,4778,70.47154069587788,-0.08794264878561275,-0.03411382969394019,-0.21640853913771452,7.931707338960868,8.08909197787418,7.542111674989275,-0.20270668925149601,-0.14887787015982346,-0.3311725796035978
prelude_without_amazonis_random,"Prelude on, excluding Amazonis and Random",Business Contacts,16103,14650,1453,90.97683661429548,0.2603862634291747,0.3310580204778157,-0.4521679284239504,7.971525840166037,8.082795533126426,6.708816085723033,0.14562222296329144,0.21629398001193242,-0.5669319688898337
prelude_without_amazonis_random,"Prelude on, excluding Amazonis and Random",Business Network,15998,14511,1487,90.705088136017,0.25596949618702336,0.323340913789539,-0.4014794889038332,8.045087690716024,8.174369874287612,6.61930151810347,0.1412054557211401,0.20857687332365574,-0.5162435293697165
prelude_without_amazonis_random,"Prelude on, excluding Amazonis and Random",CEO's Favourite Project,16080,1687,14393,10.49129353233831,-0.10478855721393035,-0.17605216360403084,-0.09643576738692419,8.020026054608874,7.997356936883899,8.022914597610706,-0.2195525976798136,-0.2908162040699141,-0.21119980785280745
prelude_without_amazonis_random,"Prelude on, excluding Amazonis and Random",Callisto Penal Mines,16091,9283,6808,57.69063451618917,-0.07942328009446274,-0.3711084778627599,0.31830199764982375,8.055149008354947,7.803367049427937,8.37050829248993,-0.194187320560346,-0.4858725183286432,0.2035379571839405
prelude_without_amazonis_random,"Prelude on, excluding Amazonis and Random",Capital,16078,4664,11414,29.008583157109094,-0.22291329767384002,-0.7894511149228131,0.008585947082530226,7.740388115717805,7.3570039688426725,7.880287823172681,-0.3376773381397233,-0.9042151553886963,-0.10617809338335303
prelude_without_amazonis_random,"Prelude on, excluding Amazonis and Random",Carbonate Processing,15978,7329,8649,45.86932031543372,-0.2127925898109901,-0.5221721926592987,0.049369869349057696,7.9061850143919115,8.023799946821457,7.795993294977932,-0.3275566302768734,-0.636936233125182,-0.06539417111682556
prelude_without_amazonis_random,"Prelude on, excluding Amazonis and Random",Caretaker Contract,16016,225,15791,1.4048451548451548,-0.28715034965034963,-1.751111111111111,-0.26629092521056297,7.879217777047596,5.28561990477728,7.908186115760868,-0.40191439011623287,-1.8658751515769942,-0.38105496567644626
prelude_without_amazonis_random,"Prelude on, excluding Amazonis and Random",Cartel,15983,11954,4029,74.79196646436839,0.5052868672965025,0.6704032123138698,0.01538843385455448,7.92999538990891,7.950546704066507,7.8492664999454,0.39052282683061923,0.5556391718479865,-0.09937560661132878
prelude_without_amazonis_random,"Prelude on, excluding Amazonis and Random",Cloud Seeding,16189,2740,13449,16.925072580147013,-0.14676632281178578,-0.9135036496350365,0.009443081269982898,7.964995086440417,7.709884230430833,8.00725522776815,-0.26153036327766904,-1.0282676901009198,-0.10532095919590036
prelude_without_amazonis_random,"Prelude on, excluding Amazonis and Random",Colonizer Training Camp,16182,10957,5225,67.71103695464096,-0.2574465455444321,-0.36369444190928174,-0.034641148325358855,8.023370927418897,7.781903427891219,8.503970898792074,-0.3722105860103153,-0.478458482375165,-0.14940518879124212
prelude_without_amazonis_random,"Prelude on, excluding Amazonis and Random",Comet,16106,14068,2038,87.34633056003973,0.15869862163169005,0.2123969292010236,-0.21197252208047104,7.983179951850438,8.132553995537645,6.854273429523166,0.043934581165806785,0.09763288873514034,-0.3267365625463543
prelude_without_amazonis_random,"Prelude on, excluding Amazonis and Random",Commercial District,16150,10419,5731,64.51393188854489,0.1436532507739938,0.08042998368365487,0.25859361367998607,7.903148975497821,7.904574614379565,7.899949900039146,0.028889210308110536,-0.034334056782228395,0.1438295732141028
prelude_without_amazonis_random,"Prelude on, excluding Amazonis and Random",Convoy From Europa,16053,13882,2171,86.47604809069956,0.05500529496044353,0.03155164961821063,0.20497466605251036,7.919324520908657,7.953851570145371,7.694985687730741,-0.05975874550543973,-0.08321239084767262,0.0902106255866271
prelude_without_amazonis_random,"Prelude on, excluding Amazonis and Random",Corporate Stronghold,15990,7770,8220,48.592870544090054,0.16841776110068793,0.24092664092664093,0.09987834549878345,7.987636057514984,8.013415393869538,7.9630717824821415,0.05365372063480467,0.12616260046075767,-0.014885694967099808
prelude_without_amazonis_random,"Prelude on, excluding Amazonis and Random",Cupola City,15914,13776,2138,86.56528842528591,0.08250596958652759,0.06380662020905924,0.2029934518241347,7.932381984488466,7.894839289265327,8.171016631639477,-0.03225807087935567,-0.050957420256824024,0.08822941135825144
prelude_without_amazonis_random,"Prelude on, excluding Amazonis and Random",Decomposers,16117,11702,4415,72.60656449711485,-0.1195011478563008,-0.030849427448299434,-0.35447338618346547,7.892268542970248,8.030153535965942,7.510395290208377,-0.23426518832218407,-0.1456134679141827,-0.46923742664934875
prelude_without_amazonis_random,"Prelude on, excluding Amazonis and Random",Deep Well Heating,16216,10863,5353,66.98939319190923,0.09231623088307844,-0.04078063150142686,0.3624135998505511,7.910019729730266,7.702169502253983,8.310052505777785,-0.022447809582804817,-0.15554467196731012,0.24764955938466784
prelude_without_amazonis_random,"Prelude on, excluding Amazonis and Random",Deimos Down,16161,14567,1594,90.13674896355424,0.6056555906193923,0.7190224479989016,-0.43036386449184444,7.957000168133829,8.111051949606109,6.287162978901008,0.49089155015350905,0.6042584075330183,-0.5451279049577277
prelude_without_amazonis_random,"Prelude on, excluding Amazonis and Random",Designed Microorganisms,16125,12956,3169,80.34728682170542,0.3283720930232558,0.30155912318616857,0.4379930577469233,7.837376931247857,7.846141116077943,7.801718634229195,0.21360805255737256,0.1867950827202853,0.32322901728104003
prelude_without_amazonis_random,"Prelude on, excluding Amazonis and Random",Development Center,16010,15012,998,93.76639600249844,0.9864459712679575,1.0849986677324808,-0.49599198396793587,7.994587379633131,8.076484450089968,6.46644637758626,0.8716819308020742,0.9702346272665975,-0.6107560244338192
prelude_without_amazonis_random,"Prelude on, excluding Amazonis and Random",Domed Crater,15921,13138,2783,82.519942214685,0.03121663212109792,-0.06408890242045974,0.48113546532518864,7.976281915740038,7.907588532144899,8.279550471321723,-0.08354740834478534,-0.178852942886343,0.3663714248593054
prelude_without_amazonis_random,"Prelude on, excluding Amazonis and Random",Dust Seals,16067,2567,13500,15.97684695338271,-0.1972365718553557,-0.7576938059992209,-0.09066666666666667,7.888807579776244,6.912302381951822,8.056935996131006,-0.312000612321239,-0.8724578464651042,-0.20543070713254993
prelude_without_amazonis_random,"Prelude on, excluding Amazonis and Random",Earth Catapult,16084,15930,154,99.04252673464312,2.2847550360606816,2.3011299435028247,0.5909090909090909,8.010756548366835,8.02431517200054,6.248255846949324,2.1699909955947985,2.1863659030369416,0.47614505044320765
prelude_without_amazonis_random,"Prelude on, excluding Amazonis and Random",Earth Office,16029,15445,584,96.35660365587373,0.749766049036122,0.8123017157656199,-0.9041095890410958,8.046220173040254,8.093138473857477,6.476852852773279,0.6350020085702387,0.6975376752997366,-1.0188736295069791
prelude_without_amazonis_random,"Prelude on, excluding Amazonis and Random",Ecological Zone,16181,13843,2338,85.5509548235585,0.018354860639021073,0.12396156902405547,-0.606928999144568,7.924510757267691,8.111290995192743,6.6803593150185545,-0.09640917982686219,0.009197528558172213,-0.7216930396104513
prelude_without_amazonis_random,"Prelude on, excluding Amazonis and Random",Electro Catapult,16112,15033,1079,93.30312810327706,0.8816410129096326,0.9434577263353955,0.020389249304911955,7.870441230478246,7.922597962773042,7.051200994856533,0.7668769724437493,0.8286936858695122,-0.0943747911609713
prelude_without_amazonis_random,"Prelude on, excluding Amazonis and Random",Energy Saving,16151,863,15288,5.3433223948981485,-0.20295956906693083,-1.0428736964078795,-0.1555468341182627,7.952368646623581,5.986393472993172,8.046579374510925,-0.3177236095328141,-1.1576377368737627,-0.27031087458414593
prelude_without_amazonis_random,"Prelude on, excluding Amazonis and Random",Energy Tapping,16165,12167,3998,75.26755335601608,0.38125579956696565,0.6163392783759349,-0.3341670835417709,7.919819520295601,8.156436688701904,7.1049805598371485,0.26649175910108236,0.5015752379100517,-0.4489311240076541
prelude_without_amazonis_random,"Prelude on, excluding Amazonis and Random",Eos Chasma National Park,16229,4333,11896,26.699118861297677,-0.03450613100006162,-0.4719593814908839,0.12483187626092804,7.895541672027024,7.978847888921401,7.8592688157955735,-0.14927017146594487,-0.5867234219567672,0.010067835795044777
prelude_without_amazonis_random,"Prelude on, excluding Amazonis and Random",Equatorial Magnetizer,15964,588,15376,3.6832873966424455,-0.2655975945878226,-1.185374149659864,-0.23042403746097814,7.835965772895855,6.891319159461337,7.867903751298228,-0.3803616350537059,-1.3001381901257472,-0.3451880779268614
prelude_without_amazonis_random,"Prelude on, excluding Amazonis and Random",Extreme-Cold Fungus,16079,4876,11203,30.325268984389577,-0.1095839293488401,-0.5465545529122231,0.08060340980094617,7.88867416407561,7.280158241679584,8.132309603201302,-0.22434796981472338,-0.6613185933781064,-0.03416063066493709
prelude_without_amazonis_random,"Prelude on, excluding Amazonis and Random",Farming,16101,5445,10656,33.81777529346003,-0.14402832122228432,-0.16014692378328743,-0.13579204204204204,7.870666502920299,7.960066938500222,7.824953220701249,-0.25879236168816755,-0.2749109642491707,-0.25055608250792527
prelude_without_amazonis_random,"Prelude on, excluding Amazonis and Random",Fish,16056,8293,7763,51.65047334329846,-0.13234927752864972,-0.11986012299529723,-0.14569109880200953,7.860524102402489,7.957457880421725,7.75612418854573,-0.24711331799453298,-0.23462416346118048,-0.26045513926789277
prelude_without_amazonis_random,"Prelude on, excluding Amazonis and Random",Flooding,16244,11413,4831,70.25978822950012,0.09006402363949766,0.2108998510470516,-0.19540467812047196,8.036360898619055,8.365800915711255,7.191200310199898,-0.024700016826385604,0.09613581058116835,-0.3101687185863552
prelude_without_amazonis_random,"Prelude on, excluding Amazonis and Random",Food Factory,16086,2141,13945,13.30971030709934,-0.18115131169961457,-0.7529191966370855,-0.09336679813553245,7.8556376508810635,6.928617826015647,7.985044273172373,-0.2959153521654978,-0.8676832371029688,-0.2081308386014157
prelude_without_amazonis_random,"Prelude on, excluding Amazonis and Random",Fuel Factory,16137,13518,2619,83.7702175125488,0.35768730247257857,0.40057700843320015,0.13631156930126,7.901740035782734,7.924758414210646,7.779582314081747,0.2429232620066953,0.2858129679673169,0.02154752883537675
prelude_without_amazonis_random,"Prelude on, excluding Amazonis and Random",Fueled Generators,16191,9560,6631,59.04514853931197,-0.1162991785559879,-0.12740585774058577,-0.10028653295128939,7.984914779136133,8.156005950505405,7.732171235456275,-0.23106321902187116,-0.24216989820646903,-0.21505057341717265
prelude_without_amazonis_random,"Prelude on, excluding Amazonis and Random",Fusion Power,16035,6943,9092,43.299033364515125,-0.12185843467415029,-0.3749099812761054,0.07138143422789266,7.901854814280333,7.6225142768453615,8.10378907458954,-0.23662247514003354,-0.4896740217419887,-0.043382606237990604
prelude_without_amazonis_random,"Prelude on, excluding Amazonis and Random",GHG Factories,16353,9525,6828,58.246193359016694,-0.08542775025989115,-0.24272965879265093,0.13400702987697716,7.9528625100201005,8.101588870905932,7.735865724660961,-0.20019179072577442,-0.3574936992585342,0.019242989411093897
prelude_without_amazonis_random,"Prelude on, excluding Amazonis and Random",GHG Producing Bacteria,16120,4479,11641,27.785359801488834,-0.06488833746898263,-0.05737887921411029,-0.06777768232969676,7.919229513753681,8.015871003659381,7.882075032759347,-0.17965237793486588,-0.17214291967999357,-0.18254172279558
prelude_without_amazonis_random,"Prelude on, excluding Amazonis and Random",Ganymede Colony,16203,11080,5123,68.38239832129852,-6.171696599395174e-05,-0.12093862815884476,0.2613702908452079,8.030366850293653,7.9494518578094775,8.197329890469335,-0.11482575743187722,-0.23570266862472802,0.14660625037932465
prelude_without_amazonis_random,"Prelude on, excluding Amazonis and Random",Gene Repair,15899,9752,6147,61.33719101830304,-0.015346877162085666,-0.04716981132075472,0.03513909224011713,8.07396091432307,8.008880710020595,8.176546208542788,-0.13011091762796892,-0.161933851786638,-0.07962494822576613
prelude_without_amazonis_random,"Prelude on, excluding Amazonis and Random",Geothermal Power,16205,12862,3343,79.37056464054304,0.1433508176488738,0.10674856165448608,0.2841758899192342,7.967155160156044,7.961987065039658,7.986636671436671,0.028586777182990547,-0.008015478811397178,0.16941184945335094
prelude_without_amazonis_random,"Prelude on, excluding Amazonis and Random",Giant Ice Asteroid,16006,14612,1394,91.29076596276397,0.8494939397725852,0.9748152203668218,-0.46413199426111906,8.023701343459994,8.14483200642681,6.480115180246074,0.734729899306702,0.8600511799009385,-0.5788960347270024
prelude_without_amazonis_random,"Prelude on, excluding Amazonis and Random",Giant Space Mirror,16346,10628,5718,65.01896488437538,0.20653370855255107,0.17698532179149418,0.2614550542147604,7.93275787020777,7.754357138753379,8.25452340671597,0.09176966808666781,0.062221281325610917,0.14669101374887714
prelude_without_amazonis_random,"Prelude on, excluding Amazonis and Random",Grass,15888,9387,6501,59.08232628398792,-0.052870090634441085,-0.05465004793863854,-0.050299953853253344,7.967334286361597,8.04759550208394,7.850610480084578,-0.16763413110032435,-0.1694140884045218,-0.1650639943191366
prelude_without_amazonis_random,"Prelude on, excluding Amazonis and Random",Great Dam,16171,3857,12314,23.85133881639973,-0.20258487415744234,-0.8242157116930257,-0.007877212928374209,7.962948879134964,7.478787745639514,8.0991392054108,-0.3173489146233256,-0.9389797521589089,-0.12264125339425747
prelude_without_amazonis_random,"Prelude on, excluding Amazonis and Random",Great Escarpment Consortium,16080,11348,4732,70.57213930348259,0.37661691542288556,0.5081071554458936,0.06128486897717667,8.000844255316009,7.954707060979,8.102574117653253,0.26185287495700227,0.3933431149800103,-0.05347917148870659
prelude_without_amazonis_random,"Prelude on, excluding Amazonis and Random",Greenhouses,15726,10272,5454,65.31858069439146,-0.041968714231209465,-0.02823208722741433,-0.06784011734506784,7.982278864829585,8.08099523290966,7.793630393032891,-0.15673275469709272,-0.1429961276932976,-0.1826041578109511
prelude_without_amazonis_random,"Prelude on, excluding Amazonis and Random",Hackers,16125,8639,7486,53.57519379844961,0.4666046511627907,0.8238222016437088,0.05436815388725621,7.859183275580054,8.068557949816462,7.590072552852455,0.3518406106969074,0.7090581611778255,-0.06039588657862705
prelude_without_amazonis_random,"Prelude on, excluding Amazonis and Random",Heat Trappers,15641,9943,5698,63.570104213285596,0.1095837862029282,0.2974957256361259,-0.21832221832221832,8.028697622335658,8.451965924368103,7.220011090539784,-0.005180254262955056,0.18273168517024266,-0.3330862587881016
prelude_without_amazonis_random,"Prelude on, excluding Amazonis and Random",Heather,16060,9139,6921,56.90535491905355,-0.17440846824408468,-0.3320932268300689,0.033810143042912875,7.91169774435993,7.986426279119816,7.807622705790299,-0.2891725087099679,-0.4468572672959522,-0.08095389742297038
prelude_without_amazonis_random,"Prelude on, excluding Amazonis and Random",Herbivores,15913,8233,7680,51.737573053478286,-0.14704958210268335,-0.03291631240131179,-0.2694010416666667,7.9021475337191145,8.20053625731861,7.567843166626782,-0.2618136225685666,-0.14768035286719505,-0.38416508213254996
prelude_without_amazonis_random,"Prelude on, excluding Amazonis and Random",Hired Raiders,16213,14097,2116,86.94874483439216,0.07617344106581139,0.17627864084557,-0.5907372400756143,7.884939772497121,8.054594096872485,6.608096561449442,-0.03859059940007187,0.06151460037968673,-0.7055012805414976
prelude_without_amazonis_random,"Prelude on, excluding Amazonis and Random",House Printing,15985,11121,4864,69.57147325617767,-0.04085079762277135,-0.1719269849833648,0.25884046052631576,7.9450153269435155,7.783198074481387,8.296196748973339,-0.15561483808865462,-0.28669102544924807,0.1440764200604325
prelude_without_amazonis_random,"Prelude on, excluding Amazonis and Random",Ice Asteroid,16201,14463,1738,89.27226714400345,0.28597000185173754,0.31985065339141255,0.004027617951668585,7.880739534849321,7.985216473209008,6.946334785940118,0.17120596138585428,0.2050866129255293,-0.11073642251421467
prelude_without_amazonis_random,"Prelude on, excluding Amazonis and Random",Ice cap Melting,15876,928,14948,5.845301083396322,-0.2043965734441925,-0.10021551724137931,-0.21086432967621085,7.958188901388566,8.560822428008969,7.919526320774364,-0.3191606139100758,-0.21497955770726257,-0.3256283701420941
prelude_without_amazonis_random,"Prelude on, excluding Amazonis and Random",Immigrant City,16156,12311,3845,76.20079227531568,-0.6593216142609557,-1.0016245633985865,0.4366710013003901,7.951092013104863,7.766703743787565,8.422626811205445,-0.774085654726839,-1.1163886038644697,0.3219069608345069
prelude_without_amazonis_random,"Prelude on, excluding Amazonis and Random",Immigration Shuttles,16366,8493,7873,51.89417084198949,0.046804350482708056,-0.08583539385376192,0.1898894957449511,7.984740058885834,7.658441246536158,8.3205220262378,-0.0679596899831752,-0.20059943431964516,0.07512545527906783
prelude_without_amazonis_random,"Prelude on, excluding Amazonis and Random",Import of Advanced GHG,15890,10752,5138,67.66519823788546,-0.11126494650723726,-0.16378348214285715,-0.0013623978201634877,7.87141486513164,7.874696399874176,7.864174372189561,-0.22602898697312052,-0.2785475226087404,-0.11612643828604675
prelude_without_amazonis_random,"Prelude on, excluding Amazonis and Random",Imported GHG,15967,10410,5557,65.19696874804283,-0.012024801152376778,-0.19231508165225744,0.32571531401835524,7.927185267685253,7.853061321606248,8.054065589060706,-0.12678884161826004,-0.3070791221181407,0.21095127355247198
prelude_without_amazonis_random,"Prelude on, excluding Amazonis and Random",Imported Hydrogen,16202,14266,1936,88.05085791877546,0.0863473645228984,0.2129538763493621,-0.8465909090909091,7.897647044532435,8.103082138412596,6.097800573536766,-0.02841667594298486,0.09818983588347885,-0.9613549495567923
prelude_without_amazonis_random,"Prelude on, excluding Amazonis and Random",Imported Nitrogen,16071,11086,4985,68.9813950594238,-0.1327235392943812,0.0007216308858019123,-0.42948846539618857,7.995440131288015,8.23293053363011,7.432379287760022,-0.24748757976026445,-0.11404240958008134,-0.5442525058620719
prelude_without_amazonis_random,"Prelude on, excluding Amazonis and Random",Indentured Workers,15921,11818,4103,74.22900571572137,0.012247974373469004,0.322051108478592,-0.880087740677553,7.900816587006683,8.244252351394353,6.737340787686419,-0.10251606609241426,0.20728706801270871,-0.9948517811434363
prelude_without_amazonis_random,"Prelude on, excluding Amazonis and Random",Industrial Center,15957,12132,3825,76.02932882120699,-0.02111925800589083,-0.08473458621826574,0.18065359477124182,8.14414773423223,8.131223729812895,8.182799216929682,-0.1358832984717741,-0.199498626684149,0.06588955430535856
prelude_without_amazonis_random,"Prelude on, excluding Amazonis and Random",Industrial Microbes,16025,14414,1611,89.94695787831513,0.4415600624024961,0.41570695157485776,0.6728739913097455,7.93838416478322,7.851723270191991,8.674536327251596,0.32679602193661283,0.30094291110897453,0.5581099508438622
prelude_without_amazonis_random,"Prelude on, excluding Amazonis and Random",Insects,16110,13180,2930,81.81253879577902,0.11235257603972688,0.20493171471927163,-0.30409556313993175,8.01750460092846,8.145489588741873,7.4015226131691625,-0.002411464426156376,0.09016767425338837,-0.418859603605815
prelude_without_amazonis_random,"Prelude on, excluding Amazonis and Random",Insulation,16261,762,15499,4.686058667978599,-0.11979583051472849,-0.9291338582677166,-0.08000516162333053,7.93912353580279,6.577963972545634,7.998139840517773,-0.23455987098061176,-1.0438978987335998,-0.19476920208921378
prelude_without_amazonis_random,"Prelude on, excluding Amazonis and Random",Interstellar Colony Ship,15815,6163,9652,38.969332911792606,-0.12380651280429972,0.09995132240791822,-0.2666804807293825,7.965936978431893,7.9053803795910715,8.001499473779178,-0.23857055327018298,-0.014812718057965038,-0.38144452119526573
prelude_without_amazonis_random,"Prelude on, excluding Amazonis and Random",Invention Contest,16225,14810,1415,91.2788906009245,0.25738058551617876,0.3200540175557056,-0.39858657243816253,7.915531860980008,8.01032044123453,6.813083198407258,0.1426165450502955,0.20528997708982236,-0.5133506129040458
prelude_without_amazonis_random,"Prelude on, excluding Amazonis and Random",Inventors' Guild,16087,15258,829,94.84677068440355,0.5694660284701933,0.6491021103683313,-0.8962605548854041,8.010910911302103,8.076668135962358,6.518561236119055,0.45470198800431005,0.534338069902448,-1.0110245953512873
prelude_without_amazonis_random,"Prelude on, excluding Amazonis and Random",Investment Loan,16080,11971,4109,74.44651741293532,-0.03731343283582089,0.20006682816807284,-0.7288878072523728,7.872592381115488,8.177918390512517,6.860800925699822,-0.15207747330170415,0.08530278770218958,-0.8436518477182561
prelude_without_amazonis_random,"Prelude on, excluding Amazonis and Random",Io Mining Industries,16093,13803,2290,85.77021065059343,0.5379978872801839,0.49177714989495036,0.8165938864628821,8.031305321585432,8.025922610918277,8.059818122398836,0.42323384681430065,0.3770131094290671,0.7018298459969988
prelude_without_amazonis_random,"Prelude on, excluding Amazonis and Random",Ironworks,16054,2288,13766,14.251899838046592,-0.08957269216394668,0.0930944055944056,-0.11993316867644922,7.973040580354138,8.09689816535535,7.9521589423517804,-0.20433673262982993,-0.02166963487147766,-0.2346972091423325
prelude_without_amazonis_random,"Prelude on, excluding Amazonis and Random",Kelp Farming,16247,13723,2524,84.46482427525082,0.7043146427032683,0.9434525978284631,-0.595879556259905,7.96969487569271,8.107957080751847,7.031997452204473,0.589550602237385,0.8286885573625798,-0.7106435967257883
prelude_without_amazonis_random,"Prelude on, excluding Amazonis and Random",Lagrange Observatory,16151,13683,2468,84.71921243266671,-0.021670484799702804,0.01447051085288314,-0.22204213938411668,7.907125036082505,7.9199378468300035,7.834276617054852,-0.13643452526558605,-0.10029352961300012,-0.33680617984999994
prelude_without_amazonis_random,"Prelude on, excluding Amazonis and Random",Lake Marineris,15978,4206,11772,26.323695080736012,-0.160533233195644,-0.008321445553970519,-0.2149167516139993,7.837074894146861,8.345151158580022,7.647000533698395,-0.27529727366152723,-0.12308548601985378,-0.32968079207988255
prelude_without_amazonis_random,"Prelude on, excluding Amazonis and Random",Land Claim,15957,1917,14040,12.013536379018612,-0.055774895030394185,-0.3917579551382368,-0.009900284900284901,7.908778772418619,7.798104454101848,7.922939021391655,-0.17053893549627744,-0.50652199560412,-0.12466432536616816
prelude_without_amazonis_random,"Prelude on, excluding Amazonis and Random",Large Convoy,15969,13775,2194,86.26088045588327,0.21385183793600102,0.2966969147005445,-0.3062898814949863,7.999024145037087,8.155916733461012,6.912328749178806,0.09908779747011776,0.18193287423466123,-0.42105392196086955
prelude_without_amazonis_random,"Prelude on, excluding Amazonis and Random",Lava Flows,16297,12844,3453,78.81205129778486,0.19795054304473217,0.27608221737776395,-0.09267303793802491,7.873421059297185,7.952699321211015,7.5652883400038755,0.08318650257884891,0.1613181769118807,-0.20743707840390818
prelude_without_amazonis_random,"Prelude on, excluding Amazonis and Random",Lava Tube Settlement,15895,9322,6573,58.64737338785782,-0.25423089021704937,-0.6331259386397768,0.2831279476646889,7.901143223379477,7.717585748360747,8.124732299437456,-0.36899493068293265,-0.7478899791056601,0.16836390719880565
prelude_without_amazonis_random,"Prelude on, excluding Amazonis and Random",Lichen,15992,10279,5713,64.27588794397198,-0.13894447223611806,-0.32921490417355775,0.20339576404691057,7.946774606808076,7.918439668510268,7.986789404596718,-0.25370851270200134,-0.443978944639441,0.0886317235810273
prelude_without_amazonis_random,"Prelude on, excluding Amazonis and Random",Lightning Harvest,16008,4625,11383,28.891804097951024,-0.14805097451274363,-0.46075675675675676,-0.02099622243696741,7.931916193963035,7.481712527962485,8.104570375098879,-0.2628150149786269,-0.57552079722264,-0.13576026290285068
prelude_without_amazonis_random,"Prelude on, excluding Amazonis and Random",Livestock,16239,3436,12803,21.158938358273293,-0.18991317199334934,-0.7357392316647264,-0.04342732172147153,8.11019343648093,8.06837684222946,8.11544694861851,-0.3046772124592326,-0.8505032721306097,-0.1581913621873548
prelude_without_amazonis_random,"Prelude on, excluding Amazonis and Random",Local Heat Trapping,16038,3354,12684,20.912832023943135,-0.11715924678887642,-0.25521765056648776,-0.08065279091769158,7.880019644329369,7.94897862410338,7.861593932874534,-0.2319232872547597,-0.369981691032371,-0.19541683138357485
prelude_without_amazonis_random,"Prelude on, excluding Amazonis and Random",Lunar Beam,15887,8366,7521,52.659407062378044,-0.11090828979668911,-0.22926129572077455,0.020741922616673316,7.909075784687655,8.010306248616823,7.793347922625721,-0.22567233026257238,-0.3440253361866578,-0.09402211784920994
prelude_without_amazonis_random,"Prelude on, excluding Amazonis and Random",Magnetic Field Dome,15919,864,15055,5.427476600288963,-0.16866637351592437,-1.21875,-0.10840252407837928,7.932512055153667,6.034629330683746,8.023816543916661,-0.2834304139818076,-1.3335140404658832,-0.22316656454426254
prelude_without_amazonis_random,"Prelude on, excluding Amazonis and Random",Magnetic Field Generators,16234,943,15291,5.808796353332512,-0.20832820007391895,-1.0657476139978792,-0.1554509188411484,7.83855545642195,6.1745594449831565,7.926879263440056,-0.32309224053980223,-1.1805116544637624,-0.27021495930703165
prelude_without_amazonis_random,"Prelude on, excluding Amazonis and Random",Mangrove,16034,6680,9354,41.66146937757266,-0.058438318573032305,0.2687125748502994,-0.29206756467821254,7.883769589868931,8.277043955690303,7.582273154100662,-0.17320235903891557,0.15394853438441616,-0.4068316051440958
prelude_without_amazonis_random,"Prelude on, excluding Amazonis and Random",Mars University,16300,15623,677,95.84662576687117,0.7725766871165645,0.8346028291621328,-0.6587887740029542,7.981587890068927,8.059131317965651,5.7371131905803106,0.6578126466506812,0.7198387886962495,-0.7735528144688375
prelude_without_amazonis_random,"Prelude on, excluding Amazonis and Random",Martian Rails,16227,1704,14523,10.501016823812165,-0.16564984285450177,-0.8890845070422535,-0.08076843627349721,8.134147121318192,6.517334804106234,8.299293433371304,-0.280413883320385,-1.0038485475081367,-0.19553247673938046
prelude_without_amazonis_random,"Prelude on, excluding Amazonis and Random",Martian Survey,16050,11660,4390,72.64797507788163,-0.09109034267912773,-0.1676672384219554,0.11230068337129841,8.021634192055863,7.923865845109183,8.273184188386521,-0.20585438314501098,-0.2824312788878387,-0.002463357094584853
prelude_without_amazonis_random,"Prelude on, excluding Amazonis and Random",Mass Converter,16249,14520,1729,89.35934519047326,0.7405994215028617,0.8514462809917356,-0.1902834008097166,7.994673057850608,8.072023102585163,7.248419238633301,0.6258353810369784,0.7366822405258523,-0.30504744127559985
prelude_without_amazonis_random,"Prelude on, excluding Amazonis and Random",Media Archives,16006,5714,10292,35.69911283268774,-0.08771710608521804,0.0840042002100105,-0.18305479984453946,7.838134597168352,7.874093214432442,7.816854168471908,-0.2024811465511013,-0.030759840255872764,-0.2978188403104227
prelude_without_amazonis_random,"Prelude on, excluding Amazonis and Random",Media Group,16043,15501,542,96.62157950508009,1.0084148849965717,1.084317140829624,-1.1623616236162362,7.942953098602592,8.008683986358227,5.317934670799072,0.8936508445306884,0.9695531003637406,-1.2771256640821194
prelude_without_amazonis_random,"Prelude on, excluding Amazonis and Random",Medical Lab,16106,13320,2786,82.70209859679622,0.14044455482428908,0.13821321321321323,0.1511127063890883,7.868518713080181,7.888319447960836,7.7745471919409175,0.02568051435840582,0.023449172747329966,0.03634866592320504
prelude_without_amazonis_random,"Prelude on, excluding Amazonis and Random",Methane From Titan,15930,10966,4964,68.83866917765224,0.13898305084745763,0.034561371511946014,0.36966156325543914,7.992707657609389,7.9560345779299055,8.069148453607498,0.02421901038157437,-0.08020266895393724,0.2548975227895559
prelude_without_amazonis_random,"Prelude on, excluding Amazonis and Random",Micro-Mills,16187,2542,13645,15.703959967875456,-0.1846543522579848,-0.9653815892997639,-0.03920850128252107,7.808402660946503,6.599910365742526,8.005229635283346,-0.29941839272386805,-1.080145629765647,-0.15397254174840433
prelude_without_amazonis_random,"Prelude on, excluding Amazonis and Random",Mine,16066,15662,404,97.48537283704718,0.6298394124237521,0.646724556250798,-0.024752475247524754,8.02074673271569,8.016330974114956,8.173332002187596,0.5150753719578688,0.5319605157849148,-0.139516515713408
prelude_without_amazonis_random,"Prelude on, excluding Amazonis and Random",Mineral Deposit,16052,14329,1723,89.26613506105159,0.06086468975828557,0.14795170632982063,-0.6633778293673824,8.059214591334328,8.141512308391134,7.301168472067365,-0.05389935070759769,0.03318766586393737,-0.7781418698332657
prelude_without_amazonis_random,"Prelude on, excluding Amazonis and Random",Mining Area,16121,15710,411,97.45053036412133,0.9805223001054525,1.0015276893698282,0.17761557177615572,7.848012993145793,7.863401743385367,7.198244037782009,0.8657582596395692,0.8867636489039449,0.06285153131027246
prelude_without_amazonis_random,"Prelude on, excluding Amazonis and Random",Mining Expedition,16118,4338,11780,26.91400918228068,-0.17278818711999008,-0.8460119870908253,0.07512733446519525,7.999898339999322,7.6428089389704015,8.113699373496274,-0.28755222758587334,-0.9607760275567085,-0.03963670600068801
prelude_without_amazonis_random,"Prelude on, excluding Amazonis and Random",Mining Rights,16211,16061,150,99.0747023625933,1.003454444512985,1.017869373015379,-0.54,7.888355009726432,7.905063526501788,5.637399086136782,0.8886904040471016,0.9031053325494957,-0.6547640404658833
prelude_without_amazonis_random,"Prelude on, excluding Amazonis and Random",Miranda Resort,16149,11607,4542,71.87441946869775,0.21858938633971145,0.2879296975962781,0.041391457507705856,8.080833798195195,8.081832770677241,8.076465362782073,0.10382534587382819,0.17316565713039486,-0.0733725829581774
prelude_without_amazonis_random,"Prelude on, excluding Amazonis and Random",Mohole Area,16282,12982,3300,79.7322196290382,0.5560741923596609,0.6262517331690033,0.28,7.947772303811293,8.08438362296308,7.38055907901864,0.44131015189377765,0.51148769270312,0.16523595953411677
prelude_without_amazonis_random,"Prelude on, excluding Amazonis and Random",Moss,16135,9817,6318,60.84288813139138,-0.1504803222807561,-0.16104716308444536,-0.13406141183918963,7.939169347478826,8.18626366786265,7.539788920624711,-0.2652443627466394,-0.2758112035503286,-0.2488254523050729
prelude_without_amazonis_random,"Prelude on, excluding Amazonis and Random",Natural Preserve,15996,15686,310,98.06201550387597,0.7775068767191798,0.8053040928216244,-0.6290322580645161,7.991614654194377,8.017431593275466,6.408514438843992,0.6627428362532966,0.6905400523557411,-0.7437962985303994
prelude_without_amazonis_random,"Prelude on, excluding Amazonis and Random",Nitrite Reducing Bacteria,15991,3928,12063,24.56381714714527,-0.15227315364892752,-0.514511201629328,-0.03431982094006466,7.923667316607205,7.382854293917219,8.088764064739431,-0.26703719411481075,-0.6292752420952112,-0.14908386140594793
prelude_without_amazonis_random,"Prelude on, excluding Amazonis and Random",Nitrogen-Rich Asteroid,15942,14299,1643,89.69389035252792,0.6235729519508217,0.7620113294635988,-0.581253804017042,7.979382115342142,8.095929274511242,6.765783307347012,0.5088089114849385,0.6472472889977156,-0.6960178444829253
prelude_without_amazonis_random,"Prelude on, excluding Amazonis and Random",Nitrophilic Moss,15852,10990,4862,69.32879131970729,0.036336109008327025,0.06606005459508645,-0.030851501439736733,7.9606512519633235,8.113401598818996,7.604465121962938,-0.07842793145755624,-0.048703985870796815,-0.14561554190561998
prelude_without_amazonis_random,"Prelude on, excluding Amazonis and Random",Noctis City,16210,13460,2750,83.03516347933375,-0.037754472547809996,-0.16092124814264488,0.5650909090909091,7.9342449059334275,7.915790566393012,7.998086546524816,-0.15251851301369326,-0.27568528860852815,0.4503268686250258
prelude_without_amazonis_random,"Prelude on, excluding Amazonis and Random",Noctis Farming,16051,9494,6557,59.14896268145287,-0.019001931343841504,-0.043185169580787865,0.016013420771694372,7.877944307073677,7.976753687904652,7.733110260037784,-0.13376597180972477,-0.15794921004667112,-0.09875061969418888
prelude_without_amazonis_random,"Prelude on, excluding Amazonis and Random",Nuclear Power,15853,7120,8733,44.912634832523814,-0.1588973695830442,-0.24002808988764046,-0.09275163174166953,7.9438190126064665,7.987776797726779,7.907641334628732,-0.27366141004892747,-0.35479213035352375,-0.2075156722075528
prelude_without_amazonis_random,"Prelude on, excluding Amazonis and Random",Nuclear Zone,16267,15066,1201,92.61695457060306,1.0673756685313827,1.180605336519315,-0.3530391340549542,7.987772517505941,8.069074401149932,6.729679995311855,0.9526116280654994,1.0658412960534318,-0.4678031745208374
prelude_without_amazonis_random,"Prelude on, excluding Amazonis and Random",Olympus Conference,15926,15471,455,97.14303654401607,0.8871656410900415,0.9345226552905436,-0.7230769230769231,8.079620414234732,8.135562286657947,5.642645147108256,0.7724016006241582,0.8197586148246603,-0.8378409635428063
prelude_without_amazonis_random,"Prelude on, excluding Amazonis and Random",Open City,16263,3483,12780,21.416712783619257,-0.22086945827953022,-0.17025552684467413,-0.23466353677621282,7.938480394224756,7.963047166862179,7.9320281460962505,-0.3356334987454135,-0.2850195673105574,-0.34942757724209605
prelude_without_amazonis_random,"Prelude on, excluding Amazonis and Random",Optimal Aerobraking,15983,15158,825,94.83826565726083,0.5733591941437778,0.6295685446628843,-0.4593939393939394,7.862452158502587,7.930260397875631,6.408513157853442,0.4585951536778945,0.514804504197001,-0.5741579798598226
prelude_without_amazonis_random,"Prelude on, excluding Amazonis and Random",Ore Processor,16058,2830,13228,17.623614397807945,-0.11421098517872712,-0.3424028268551237,-0.06539159358935591,7.919350190078317,7.9454487676307295,7.913202094620328,-0.22897502564461036,-0.457166867321007,-0.18015563405523916
prelude_without_amazonis_random,"Prelude on, excluding Amazonis and Random",Permafrost extraction,16092,2078,14014,12.913248819289088,-0.20942083022619937,-0.4836381135707411,-0.16875981161695447,7.91713442167567,8.471906722379092,7.831031027881736,-0.3241848706920826,-0.5984021540366243,-0.2835238520828377
prelude_without_amazonis_random,"Prelude on, excluding Amazonis and Random",Peroxide Power,16030,10184,5846,63.5308796007486,-0.038615096693699315,-0.045463472113118616,-0.02668491276086213,7.876610583005918,8.058023586697674,7.550840935198919,-0.15337913715958257,-0.16022751257900186,-0.1414489532267454
prelude_without_amazonis_random,"Prelude on, excluding Amazonis and Random",Pets,16095,9879,6216,61.37931034482759,-0.3018328673501087,-0.4834497418767082,-0.013191763191763193,7.922216049893886,7.626433422087043,8.363339129551298,-0.416596907815992,-0.5982137823425915,-0.12795580365764644
prelude_without_amazonis_random,"Prelude on, excluding Amazonis and Random",Phobos Space Haven,16099,8385,7714,52.083980371451645,-0.32045468662649856,-0.8450805008944544,0.24980554835364271,7.925928105398614,7.558406165692915,8.269821175054675,-0.43521872709238185,-0.9598445413603377,0.13504150788775945
prelude_without_amazonis_random,"Prelude on, excluding Amazonis and Random",Physics Complex,16115,3163,12952,19.627676078188024,-0.20726031647533355,-0.574454631678786,-0.11758801729462631,7.966721114178296,7.302863845510154,8.118342860931248,-0.3220243569412168,-0.6892186721446693,-0.23235205776050957
prelude_without_amazonis_random,"Prelude on, excluding Amazonis and Random",Plantation,16042,11062,4980,68.9564892158085,-0.20521132028425385,-0.09067076478032905,-0.45963855421686745,7.902199887720899,8.015456416356477,7.6392724194712995,-0.3199753607501371,-0.20543480524621233,-0.5744025946827507
prelude_without_amazonis_random,"Prelude on, excluding Amazonis and Random",Power Grid,15945,1056,14889,6.622765757290686,-0.0894324239573534,-1.2897727272727273,-0.004298475384512056,7.907885343905668,6.690258146852099,7.980538378212593,-0.20419646442323666,-1.4045367677386105,-0.11906251585039532
prelude_without_amazonis_random,"Prelude on, excluding Amazonis and Random",Power Infrastructure,16033,1465,14568,9.137404104035427,-0.15231085885361442,-0.48668941979522184,-0.11868478857770456,7.95138695110953,7.682301285116633,7.977424873550096,-0.2670748993194977,-0.6014534602611051,-0.23344882904358782
prelude_without_amazonis_random,"Prelude on, excluding Amazonis and Random",Power Plant,16116,13885,2231,86.156614544552,0.08866964507321916,0.09823550594166366,0.029134917077543704,7.893725897015501,7.913862139988932,7.76871691047836,-0.026094395392664102,-0.016528534524219596,-0.08562912338833956
prelude_without_amazonis_random,"Prelude on, excluding Amazonis and Random",Power Supply Consortium,16091,6244,9847,38.80430054067491,-0.16910073954384439,-0.3449711723254324,-0.05758098913374632,7.826604708357822,7.692522670021974,7.908811180574604,-0.28386478000972765,-0.4597352127913157,-0.17234502959962958
prelude_without_amazonis_random,"Prelude on, excluding Amazonis and Random",Predators,16118,4774,11344,29.619059436654673,-0.0948628862141705,-0.3070800167574361,-0.005553596614950635,7.952369355177745,8.118154041141857,7.880211843874976,-0.20962692668005375,-0.4218440572233194,-0.1203176370808339
prelude_without_amazonis_random,"Prelude on, excluding Amazonis and Random",Protected Habitats,16031,15122,909,94.32973613623604,-0.3734015345268542,-0.39300357095622274,-0.047304730473047306,7.8800933618857005,7.889326802764641,7.721827142817747,-0.4881655749927375,-0.507767611422106,-0.16206877093893057
prelude_without_amazonis_random,"Prelude on, excluding Amazonis and Random",Protected Valley,16139,11951,4188,74.05043683003903,0.2779602205836793,0.4177056313279223,-0.12082139446036294,7.995603383702795,8.101762882125925,7.671560829681716,0.16319618011779605,0.3029415908620391,-0.2355854349262462
prelude_without_amazonis_random,"Prelude on, excluding Amazonis and Random",Psychrophiles,15913,14984,929,94.16200590711996,0.7842015961792246,0.8343566470902296,-0.024757804090419805,8.029330299934104,8.069059170139676,7.3155796322744395,0.6694375557133413,0.7195926066243463,-0.13952184455630307
prelude_without_amazonis_random,"Prelude on, excluding Amazonis and Random",Quantum Extractor,16080,13820,2260,85.94527363184079,0.44415422885572137,0.5795947901591896,-0.384070796460177,8.036021314411537,8.070253102962349,7.7739940171450295,0.32939018838983813,0.4648307496933063,-0.49883483692606023
prelude_without_amazonis_random,"Prelude on, excluding Amazonis and Random",Rad-Chem Factory,16235,5836,10399,35.94702802587003,-0.21835540498922082,-0.7486291980808774,0.07923838830656794,7.80977222464868,7.547691714688686,7.937924603192329,-0.3331194454551041,-0.8633932385467606,-0.035525652159315316
prelude_without_amazonis_random,"Prelude on, excluding Amazonis and Random",Rad-Suits,15809,1877,13932,11.872983743437283,-0.20437725346321717,-1.0522109749600426,-0.09015216767154752,7.855502730324289,6.355951969569496,8.0295233035283,-0.3191412939291004,-1.1669750154259257,-0.20491620813743078
prelude_without_amazonis_random,"Prelude on, excluding Amazonis and Random",Regolith Eaters,15870,3507,12363,22.09829867674858,-0.09508506616257088,0.1151981750784146,-0.15473590552454905,7.902261974987188,7.753906325338872,7.94313733306032,-0.20984910662845413,0.0004341346125313339,-0.2694999459904323
prelude_without_amazonis_random,"Prelude on, excluding Amazonis and Random",Release of Inert Gases,16130,4145,11985,25.697458152510848,-0.09590824550526969,-0.8024125452352232,0.14843554443053816,7.970256840687685,6.915289560058675,8.290248210058854,-0.21067228597115295,-0.9171765857011065,0.0336715039646549
prelude_without_amazonis_random,"Prelude on, excluding Amazonis and Random",Research,16268,15784,484,97.02483402999754,0.5820629456601918,0.5778003041054233,0.7210743801652892,7.95796205163216,7.958823182665118,7.936777229944706,0.4672989051943085,0.46303626363954,0.606310339699406
prelude_without_amazonis_random,"Prelude on, excluding Amazonis and Random",Research Coordination,16042,13716,2326,85.50056102730333,0.1411295349707019,0.1815398075240595,-0.09716251074806535,8.00117846633377,8.014150654273267,7.9217691429247,0.02636549450481865,0.06677576705817623,-0.2119265512139486
prelude_without_amazonis_random,"Prelude on, excluding Amazonis and Random",Research Outpost,16040,15991,49,99.69451371571073,1.5565461346633416,1.558876868238384,0.7959183673469388,7.871167546782802,7.877963492062748,5.196070598044637,1.4417820941974584,1.4441128277725008,0.6811543268810555
prelude_without_amazonis_random,"Prelude on, excluding Amazonis and Random",Restricted Area,16246,15961,285,98.2457220238828,1.5983626738889574,1.638869745003446,-0.6701754385964912,7.994143425870995,8.016307178344743,6.239638309767527,1.4835986334230742,1.5241057045375628,-0.7849394790623745
prelude_without_amazonis_random,"Prelude on, excluding Amazonis and Random",Robotic Workforce,15929,13899,2030,87.25594827045012,0.3862766024232532,0.4588099863299518,-0.1103448275862069,7.881755153098888,7.85864636486165,8.02255576882355,0.27151256195736995,0.34404594586406856,-0.22510886805209016
prelude_without_amazonis_random,"Prelude on, excluding Amazonis and Random",Rover Construction,16021,10140,5881,63.29192934273766,-0.23350602334436052,-0.5411242603550296,0.2968882843053902,7.8651773409543,7.6102790936188836,8.260075614612502,-0.3482700638102438,-0.6558883008209129,0.18212424383950696
prelude_without_amazonis_random,"Prelude on, excluding Amazonis and Random",SF Memorial,15722,8104,7618,51.5456048848747,-0.24322605266505534,-0.5365251727541954,0.06878445786295616,7.903486839895142,7.670551965962295,8.132872828644599,-0.3579900931309386,-0.6512892132200787,-0.0459795826029271
prelude_without_amazonis_random,"Prelude on, excluding Amazonis and Random",Sabotage,15955,13556,2399,84.96396114070824,0.2619241617047947,0.43619061670109177,-0.7228011671529804,7.996867017403447,8.257993254533321,6.232319872987212,0.14716012123891145,0.32142657623520854,-0.8375652076188637
prelude_without_amazonis_random,"Prelude on, excluding Amazonis and Random",Satellites,15866,7359,8507,46.3822009328123,-0.08363796798184797,-0.052452778910178015,-0.11061478782179382,7.890592931962197,7.71907329821534,8.036368891299672,-0.19840200844773123,-0.16721681937606128,-0.22537882828767708
prelude_without_amazonis_random,"Prelude on, excluding Amazonis and Random",Search For Life,16205,10806,5399,66.6831224930577,-0.25615550755939526,-0.25707940033314824,-0.2543063530283386,7.940035769021294,7.9063223866249634,8.007821266784925,-0.3709195480252785,-0.37184344079903153,-0.3690703934942219
prelude_without_amazonis_random,"Prelude on, excluding Amazonis and Random",Security Fleet,16038,910,15128,5.674024192542711,-0.21442823294675145,-1.478021978021978,-0.13841882601797992,7.964227486419527,5.2069451419510475,8.094046884051034,-0.3291922734126347,-1.5927860184878613,-0.2531828664838632
prelude_without_amazonis_random,"Prelude on, excluding Amazonis and Random",Shuttles,16239,6398,9841,39.39897776956709,-0.1773508220949566,-0.24585808065020318,-0.13281170612742607,7.902258987628041,7.720519377136078,8.018280784420947,-0.29211486256083985,-0.36062212111608644,-0.24757574659330933
prelude_without_amazonis_random,"Prelude on, excluding Amazonis and Random",Small Animals,16066,8302,7764,51.67434333374829,-0.02439935267023528,0.23247410262587329,-0.2990726429675425,7.959891815386181,8.151907688498664,7.740406530215241,-0.13916339313611853,0.11771006215999003,-0.4138366834334257
prelude_without_amazonis_random,"Prelude on, excluding Amazonis and Random",Soil Factory,16125,1266,14859,7.851162790697674,-0.1110077519379845,-1.4202211690363349,0.0005383942391816407,7.906373866253503,6.171363315219491,8.027203360285382,-0.22577179240386774,-1.534985209502218,-0.11422564622670162
prelude_without_amazonis_random,"Prelude on, excluding Amazonis and Random",Solar Power,16182,6445,9737,39.828204177481155,-0.21400321344703993,-0.6833204034134989,0.09664167608092841,7.869768058641835,7.3111508177051965,8.20427907684701,-0.32876725391292316,-0.7980844438793822,-0.018122364384954848
prelude_without_amazonis_random,"Prelude on, excluding Amazonis and Random",Solar Wind Power,15948,15307,641,95.9806872335089,0.3409204915976925,0.35977003985104855,-0.10920436817472699,7.969487082295478,7.969691978077765,7.9575392410110615,0.22615645113180924,0.2450059993851653,-0.22396840864061024
prelude_without_amazonis_random,"Prelude on, excluding Amazonis and Random",Soletta,16174,6946,9228,42.94546803511809,-0.2678990973166811,-0.5915634897782897,-0.024273948851322065,7.743133191339882,7.790935140002367,7.698407477452562,-0.38266313778256433,-0.7063275302441729,-0.13903798931720532
prelude_without_amazonis_random,"Prelude on, excluding Amazonis and Random",Space Elevator,16019,15015,1004,93.73244272426494,1.0379549285223797,1.0882450882450883,0.2858565737051793,7.847206937751913,7.839454388440381,7.928202191756117,0.9231908880564964,0.973481047779205,0.17109253323929605
prelude_without_amazonis_random,"Prelude on, excluding Amazonis and Random",Space Hotels,15972,13522,2450,84.66065614825945,0.7754194840971701,0.9790711433219937,-0.3485714285714286,8.031999701375508,8.017523321515599,8.020551389376445,0.6606554436312868,0.8643071028561105,-0.4633354690373118
prelude_without_amazonis_random,"Prelude on, excluding Amazonis and Random",Space Mirrors,16139,2846,13293,17.634302001363157,-0.19864923477291035,-0.7290934645115952,-0.08508237418190025,7.926172584074033,6.942346839134915,8.117065777348042,-0.3134132752387936,-0.8438575049774785,-0.19984641464778352
prelude_without_amazonis_random,"Prelude on, excluding Amazonis and Random",Space Station,15882,11878,4004,74.7890693867271,-0.06258657599798514,-0.15777066846270416,0.21978021978021978,8.084839905117681,8.010014873976536,8.29744013037217,-0.1773506164638684,-0.27253470892858744,0.10501617931433652
prelude_without_amazonis_random,"Prelude on, excluding Amazonis and Random",Special Design,16210,1775,14435,10.950030845157311,-0.21764342998149291,-0.5346478873239436,-0.17866297194319364,7.813871192190536,8.031702234664754,7.786058837487869,-0.3324074704473762,-0.6494119277898269,-0.29342701240907687
prelude_without_amazonis_random,"Prelude on, excluding Amazonis and Random",Sponsors,15948,15552,396,97.51693002257336,0.46871081013293203,0.4877829218106996,-0.2803030303030303,7.93053725329315,7.943532947867423,7.3725262083461125,0.35394676966704874,0.3730188813448163,-0.39506707076891356
prelude_without_amazonis_random,"Prelude on, excluding Amazonis and Random",Standard Technology,15908,12784,3124,80.36208197133517,-0.07260497862710585,-0.057180851063829786,-0.1357234314980794,7.972382475249046,8.032668185519977,7.721713861468042,-0.18736901909298911,-0.17194489152971304,-0.25048747196396265
prelude_without_amazonis_random,"Prelude on, excluding Amazonis and Random",Steelworks,16244,3527,12717,21.712632356562423,-0.08673971928096529,0.2285228239296853,-0.17417629944169222,7.844243391729541,7.980581413331585,7.804070930027542,-0.20150375974684853,0.11375878346380203,-0.2889403399075755
prelude_without_amazonis_random,"Prelude on, excluding Amazonis and Random",Strip Mine,16176,12896,3280,79.72304648862513,0.33549703264094954,0.3544509925558313,0.26097560975609757,7.944351497598441,7.8949324061572534,8.136540737608538,0.22073299217506628,0.23968695208994803,0.1462115692902143
prelude_without_amazonis_random,"Prelude on, excluding Amazonis and Random",Subterranean Reservoir,16039,10865,5174,67.74113099320407,0.07887025375646861,-0.01840773124712379,0.28314650173946654,7.930971792650622,7.969348949905505,7.846613215101782,-0.03589378670941465,-0.13317177171300704,0.16838246127358328
prelude_without_amazonis_random,"Prelude on, excluding Amazonis and Random",Symbiotic Fungus,16141,1198,14943,7.422092807137104,-0.10495012700576173,-0.656093489148581,-0.06076423743558857,7.960373569491074,7.094205014887678,8.024344009265775,-0.219714167471645,-0.7708575296144643,-0.17552827790147182
prelude_without_amazonis_random,"Prelude on, excluding Amazonis and Random",Tardigrades,15998,4706,11292,29.416177022127766,-0.10063757969746218,-0.2110072248193795,-0.05464045341834927,7.920748813567084,7.8572745262611114,7.946946162615446,-0.21540162016334544,-0.3257712652852628,-0.16940449388423254
prelude_without_amazonis_random,"Prelude on, excluding Amazonis and Random",Technology Demonstration,16032,15058,974,93.92465069860279,0.2943488023952096,0.323947403373622,-0.16324435318275154,8.008782715647698,8.047980678263233,7.365026947692056,0.17958476192932635,0.20918336290773873,-0.27800839364863483
prelude_without_amazonis_random,"Prelude on, excluding Amazonis and Random",Tectonic Stress Power,16115,5729,10386,35.55072913434688,-0.0910952528699969,-0.14609879560132658,-0.060754862314654344,7.99469335046395,7.6550855237816195,8.17619325403255,-0.20585929333588016,-0.26086283606720984,-0.1755189027805376
prelude_without_amazonis_random,"Prelude on, excluding Amazonis and Random",Terraforming Ganymede,16069,11234,4835,69.91100877465928,0.10374012072935465,0.028662987359800607,0.2781799379524302,7.953280563475409,7.879188666392051,8.120967513803459,-0.011023919736528609,-0.08610105310608265,0.16341589748654692
prelude_without_amazonis_random,"Prelude on, excluding Amazonis and Random",Titanium Mine,16043,15748,295,98.16119179704545,0.6212678426728168,0.6238887477774956,0.48135593220338985,8.136002752806297,8.130724089958584,8.426078617974241,0.5065038022069335,0.5091247073116123,0.3665918917375066
prelude_without_amazonis_random,"Prelude on, excluding Amazonis and Random",Toll Station,16206,2351,13855,14.506972726150808,-0.19844502036282857,-1.0114844746916205,-0.0604835799350415,7.953854108243658,6.754374151494414,8.132018971380285,-0.3132090608287118,-1.1262485151575037,-0.17524762040092476
prelude_without_amazonis_random,"Prelude on, excluding Amazonis and Random",Towing a Comet,15995,13928,2067,87.07721162863395,-0.15961237886839638,-0.10145031591039633,-0.5515239477503628,7.955828369924228,8.085329958914874,7.010407927679441,-0.27437641933427964,-0.2162143563762796,-0.6662879882162461
prelude_without_amazonis_random,"Prelude on, excluding Amazonis and Random",Trans-Neptune Probe,15911,12212,3699,76.75193262522782,-0.061844007290553706,-0.03922371437929905,-0.13652338469856717,8.015882825166695,8.033955719581865,7.95654870557233,-0.17660804775643696,-0.15398775484518232,-0.25128742516445046
prelude_without_amazonis_random,"Prelude on, excluding Amazonis and Random",Trees,16016,9372,6644,58.51648351648352,0.10801698301698302,0.12249253094323517,0.08759783263094521,8.039362771361443,8.132147930409369,7.907193679581148,-0.006747057448900237,0.0077284904773519125,-0.027166207834938047
prelude_without_amazonis_random,"Prelude on, excluding Amazonis and Random",Tropical Resort,15998,1108,14890,6.925865733216652,-0.1428303537942243,-1.3637184115523466,-0.05198119543317663,7.922763656047635,6.436853403220224,8.015088223717841,-0.25759439426010755,-1.4784824520182298,-0.16674523589905987
prelude_without_amazonis_random,"Prelude on, excluding Amazonis and Random",Tundra Farming,16281,2470,13811,15.171058288802898,-0.26669123518211413,-0.9842105263157894,-0.1383679675620882,7.882825960678155,7.1131679615328816,8.006146167342902,-0.3814552756479974,-1.0989745667816726,-0.2531320080279714
prelude_without_amazonis_random,"Prelude on, excluding Amazonis and Random",Underground City,16248,7419,8829,45.66100443131462,-0.21239537173806006,-0.7475400997439008,0.23728621587948806,7.89976919870179,7.345626520894794,8.310794901298634,-0.3271594122039433,-0.8623041402097841,0.1225221754136048
prelude_without_amazonis_random,"Prelude on, excluding Amazonis and Random",Underground Detonations,15979,524,15455,3.2793040866136804,-0.1628387258276488,-1.5095419847328244,-0.11717890650274992,7.887160667463263,6.220141263862275,7.933701880828603,-0.2776027662935321,-1.6243060251987076,-0.23194294696863318
prelude_without_amazonis_random,"Prelude on, excluding Amazonis and Random",Urbanized Area,15869,4515,11354,28.451698279664754,-0.18262020291133657,-0.9193798449612403,0.11035758323057954,7.948840573572747,7.107919510998017,8.241492504967452,-0.2973842433772198,-1.0341438854271234,-0.0044064572353037235
prelude_without_amazonis_random,"Prelude on, excluding Amazonis and Random",Vesta Shipyard,15924,13962,1962,87.67897513187641,0.14462446621451897,0.09260850880962612,0.5147808358817533,8.02097956364926,7.944759756748086,8.53675113952816,0.029860425748635705,-0.022155531656257138,0.40001679541587
prelude_without_amazonis_random,"Prelude on, excluding Amazonis and Random",Viral Enhancers,16059,15406,653,95.93374431782802,0.1775328476243851,0.22413345449824743,-0.9218989280245024,7.819162257491615,7.872693109638344,6.334371236770775,0.06276880715850183,0.10936941403236417,-1.0366629684903856
prelude_without_amazonis_random,"Prelude on, excluding Amazonis and Random",Virus,16037,11893,4144,74.15975556525535,0.1301989150090416,0.3633229630875305,-0.5388513513513513,7.927010764931493,8.27524870481326,6.786274588701039,0.015434874543158339,0.24855892262164722,-0.6536153918172346
prelude_without_amazonis_random,"Prelude on, excluding Amazonis and Random",Water Import From Europa,16010,9614,6396,60.04996876951905,-0.15933791380387258,-0.3357603494903266,0.10584740462789244,7.998573054160042,7.881007839872119,8.165559563668214,-0.2741019542697558,-0.4505243899562099,-0.008916635837990822
prelude_without_amazonis_random,"Prelude on, excluding Amazonis and Random",Water Splitting Plant,16216,1463,14753,9.021953626048347,-0.18401578687715836,-0.51742993848257,-0.1509523486748458,7.883576596327775,7.535928785838656,7.916699709789239,-0.29877982734304165,-0.6321939789484533,-0.26571638914072904
prelude_without_amazonis_random,"Prelude on, excluding Amazonis and Random",Wave Power,16013,2952,13061,18.43502154499469,-0.07550115531130956,-0.8218157181571816,0.09317816399969374,7.976035643445475,7.376551524367407,8.096128062220755,-0.1902651957771928,-0.9365797586230649,-0.02158587646618952
prelude_without_amazonis_random,"Prelude on, excluding Amazonis and Random",Windmills,16047,1644,14403,10.244905589829875,-0.06356328285660871,-0.7737226277372263,0.01749635492605707,8.026548112435341,7.184374097523734,8.113397427176547,-0.17832732332249196,-0.8884866682031096,-0.09726768553982619
prelude_without_amazonis_random,"Prelude on, excluding Amazonis and Random",Worms,16182,1034,15148,6.389815844765789,-0.1281670992460759,-0.793036750483559,-0.08278320570372326,7.987816650800502,7.290919830145334,8.031397545136745,-0.24293113971195915,-0.9078007909494423,-0.1975472461696065
prelude_without_amazonis_random,"Prelude on, excluding Amazonis and Random",Zeppelins,16033,1307,14726,8.151936630699183,-0.10883802158049023,-0.8638102524866106,-0.041830775499117206,8.043897300792693,6.286166916816769,8.17848530499546,-0.2236020620463735,-0.9785742929524939,-0.15659481596500047
prelude_standard_maps,"Prelude on, three-map comparison",AI Central,14546,13972,574,96.05389797882579,1.8594802694898942,1.9551961064987118,-0.47038327526132406,8.032508621358962,8.064135020029314,6.8235037439166915,1.7422221004335052,1.8379379374423228,-0.587641444317713
prelude_standard_maps,"Prelude on, three-map comparison",Acquired Company,14835,14412,423,97.14863498483317,0.7637344118638355,0.7961421038023869,-0.3404255319148936,7.910970196387515,7.9325493606337245,7.056807194516426,0.6464762428074465,0.678883934745998,-0.45768370097128264
prelude_standard_maps,"Prelude on, three-map comparison",Adaptation Technology,14832,5737,9095,38.679881337648325,-0.04436353829557713,-0.25553425135088026,0.08884002199010445,8.029658162574208,7.8620359052366355,8.131224027501792,-0.16162170735196615,-0.3727924204072693,-0.028418147066284566
prelude_standard_maps,"Prelude on, three-map comparison",Adapted Lichen,14774,7356,7418,49.79017192364965,-0.17192364965479898,-0.5133224578575313,0.16662173092477756,7.996518711883457,7.648495445717307,8.313965628764718,-0.289181818711188,-0.6305806269139203,0.04936356186838854
prelude_standard_maps,"Prelude on, three-map comparison",Advanced Alloys,14520,14133,387,97.33471074380165,1.5910468319559228,1.6223024127927546,0.4496124031007752,8.112303368788186,8.093153913577638,8.717763332287316,1.4737886628995338,1.5050442437363656,0.3323542340443862
prelude_standard_maps,"Prelude on, three-map comparison",Advanced Ecosystems,14574,9423,5151,64.6562371346233,-0.1500617538081515,-0.0016979730446779156,-0.42147155892059796,7.960018181466951,8.123175940000333,7.645875660170841,-0.26731992286454054,-0.11895614210106693,-0.5387297279769869
prelude_standard_maps,"Prelude on, three-map comparison",Aerobraked Ammonia Asteroid,14880,2303,12577,15.477150537634408,-0.24684139784946235,-0.7894051237516283,-0.14749145265166574,7.906641359574281,7.223046349010669,8.02180454954999,-0.3640995669058514,-0.9066632928080173,-0.26474962170805477
prelude_standard_maps,"Prelude on, three-map comparison",Algae,14668,10874,3794,74.13416962094355,-0.0029997272975184073,0.10134265219790325,-0.30205587770163417,7.968968365391966,8.161392359504099,7.382614087369394,-0.12025789635390742,-0.01591551685848576,-0.4193140467580232
prelude_standard_maps,"Prelude on, three-map comparison",Anti-Gravity Technology,14627,12785,1842,87.40685034525193,0.5304573733506529,0.7087211576065702,-0.7068403908794788,7.980923777886393,8.083038983625197,7.112416704627817,0.4131992042942639,0.5914629885501812,-0.8240985599358678
prelude_standard_maps,"Prelude on, three-map comparison",Ants,14539,1793,12746,12.332347479193892,-0.1007634637870555,-0.683212493028444,-0.018829436686019142,7.94869962104087,7.569103694993096,7.997535325196839,-0.2180216328434445,-0.800470662084833,-0.13608760574240816
prelude_standard_maps,"Prelude on, three-map comparison",Aquifer Pumping,14822,2814,12008,18.98529213331534,0.0721899878558899,0.1439232409381663,0.055379746835443035,7.977681051579527,7.7464878246851345,8.03112009746158,-0.045068181200499116,0.02666507188177729,-0.06187842222094598
prelude_standard_maps,"Prelude on, three-map comparison",Archaebacteria,14759,11920,2839,80.76427942272511,0.07371773155362829,0.009312080536912752,0.3441352588939767,7.901831084219598,7.8522729180121,8.102427007699752,-0.04354043750276072,-0.10794608851947626,0.2268770898375877
prelude_standard_maps,"Prelude on, three-map comparison",Arctic Algae,14740,13965,775,94.74219810040705,0.38907734056987786,0.45127103472968133,-0.7316129032258064,7.92546885775391,7.993687040897671,6.478764305796735,0.27181917151348883,0.3340128656732923,-0.8488710722821954
prelude_standard_maps,"Prelude on, three-map comparison",Artificial Lake,14755,825,13930,5.591324974584887,-0.10992883768214165,-0.96,-0.05958363244795405,7.9374148769728965,7.566507704017188,7.956250832900895,-0.22718700673853065,-1.077258169056389,-0.17684180150434306
prelude_standard_maps,"Prelude on, three-map comparison",Artificial Photosynthesis,14693,11530,3163,78.47274212209896,-0.0018376097461376166,0.03607979184735473,-0.14005690799873538,8.0135373754457,7.93975598561835,8.276739290293786,-0.11909577880252663,-0.08117837720903429,-0.2573150770551244
prelude_standard_maps,"Prelude on, three-map comparison",Asteroid,14983,12808,2175,85.48354802109057,-0.12948007742107723,-0.10665209244222361,-0.2639080459770115,8.026416507029776,8.127528050245118,7.403364459982173,-0.24673824647746623,-0.22391026149861262,-0.38116621503340054
prelude_standard_maps,"Prelude on, three-map comparison",Asteroid Mining,14592,12612,1980,86.43092105263158,0.16940789473684212,0.13328575959403743,0.3994949494949495,7.982226262350987,7.937753167862244,8.258243450565454,0.052149725680453105,0.01602759053764842,0.2822367804385605
prelude_standard_maps,"Prelude on, three-map comparison",Asteroid Mining Consortium,14558,12814,1744,88.02033246325044,0.8687319686770161,1.0003901982206962,-0.09862385321100918,7.993334392474068,7.9659140680130935,8.129158071814025,0.7514737996206271,0.8831320291643072,-0.2158820222673982
prelude_standard_maps,"Prelude on, three-map comparison",Beam From a Thorium Asteroid,14771,7978,6793,54.01123823708618,0.04474984767449733,-0.10290799699172724,0.2181657588694244,8.011744173955872,7.773321979938477,8.28021360412878,-0.07250832138189169,-0.22016616604811626,0.1009075898130354
prelude_standard_maps,"Prelude on, three-map comparison",Big Asteroid,14683,12894,1789,87.8158414492951,0.25710004767418104,0.3187529083294556,-0.18725544997205143,8.075225462250469,8.207953786137475,7.031101783891843,0.13984187861779201,0.20149473927306655,-0.30451361902844043
prelude_standard_maps,"Prelude on, three-map comparison",Biomass Combustors,14689,3173,11516,21.60119817550548,-0.18762339165361835,-0.18153167349511504,-0.18930184091698507,7.8748677666933515,8.098414167540758,7.812508324542264,-0.3048815607100074,-0.29878984255150404,-0.30656000997337407
prelude_standard_maps,"Prelude on, three-map comparison",Birds,14698,8516,6182,57.9398557626888,0.06810450401415158,0.22322686707374353,-0.1455839534131349,8.011757483251406,8.310918228441817,7.57580441678547,-0.049153665042237435,0.10596869801735452,-0.26284212246952393
prelude_standard_maps,"Prelude on, three-map comparison",Black Polar Dust,14630,4214,10416,28.803827751196174,-0.14107997265892003,-0.439250118652112,-0.02044930875576037,7.9313687914187465,8.00788757896994,7.897389496173481,-0.25833814171530906,-0.556508287708501,-0.13770747781214937
prelude_standard_maps,"Prelude on, three-map comparison",Breathing Filters,14607,2282,12325,15.622646676251113,-0.14486205244061068,-0.7607361963190185,-0.030831643002028397,7.949370255803469,7.415677137688084,8.039410613349341,-0.2621202214969997,-0.8779943653754074,-0.14808981205841742
prelude_standard_maps,"Prelude on, three-map comparison",Bribed Committee,14817,10873,3944,73.38192616589053,0.21900519673348182,0.3373493975903614,-0.10725152129817445,7.897520970673134,7.971069622119765,7.682674854880661,0.1017470276770928,0.2200912285339724,-0.22450969035456347
prelude_standard_maps,"Prelude on, three-map comparison",Building Industries,14721,12581,2140,85.4629440934719,0.4215746212893146,0.4120499165408155,0.47757009345794393,7.961676668495162,7.971132002921603,7.90748053536931,0.3043164522329256,0.2947917474844265,0.3603119244015549
prelude_standard_maps,"Prelude on, three-map comparison",Bushes,14756,10379,4377,70.33748983464353,-0.11175115207373272,-0.06436072839387225,-0.22412611377655928,7.962631814402854,8.112828176459713,7.594335608657633,-0.22900932113012173,-0.18161889745026127,-0.3413842828329483
prelude_standard_maps,"Prelude on, three-map comparison",Business Contacts,14713,13328,1385,90.58655610684428,0.2552844423299123,0.32713085234093636,-0.43610108303249095,7.977576784394583,8.092739778277563,6.733392916144523,0.1380262732735233,0.20987268328454733,-0.5533592520888799
prelude_standard_maps,"Prelude on, three-map comparison",Business Network,14615,13216,1399,90.42764283270613,0.2627437564146425,0.3353510895883777,-0.42315939957112225,8.07076214405017,8.207587290972226,6.603716907352728,0.14548558735825345,0.2180929205319887,-0.5404175686275112
prelude_standard_maps,"Prelude on, three-map comparison",CEO's Favourite Project,14702,1520,13182,10.338729424568086,-0.09515712148007074,-0.10394736842105264,-0.09414352905477166,8.019523636028712,8.005658643722496,8.021423442253846,-0.21241529053645974,-0.22120553747744165,-0.21140169811116066
prelude_standard_maps,"Prelude on, three-map comparison",Callisto Penal Mines,14677,8497,6180,57.89330244600395,-0.10329086325543367,-0.4240320112981052,0.3377022653721683,8.07996713093348,7.803127335718089,8.426526363598938,-0.22054903231182268,-0.5412901803544942,0.22044409631577927
prelude_standard_maps,"Prelude on, three-map comparison",Capital,14724,4288,10436,29.122521054061398,-0.22459929367019832,-0.7642257462686567,-0.002874664622460713,7.7233117856867395,7.288589972718156,7.884637272082984,-0.34185746272658735,-0.8814839153250457,-0.12013283367884972
prelude_standard_maps,"Prelude on, three-map comparison",Carbonate Processing,14632,6761,7871,46.20694368507381,-0.21282121377802077,-0.4768525366070108,0.013975352560030492,7.911794487959379,8.04352644466177,7.790233212710261,-0.3300793828344098,-0.5941107056633999,-0.10328281649635852
prelude_standard_maps,"Prelude on, three-map comparison",Caretaker Contract,14646,202,14444,1.3792161682370614,-0.2953024716646183,-1.7277227722772277,-0.27527000830794796,7.913262360670541,5.1745765575192815,7.943159590886717,-0.41256064072100734,-1.8449809413336167,-0.392528177364337
prelude_standard_maps,"Prelude on, three-map comparison",Cartel,14592,10857,3735,74.40378289473684,0.5229577850877193,0.6893248595376255,0.0393574297188755,7.957318417440987,7.965272663426437,7.915380241322025,0.40569961603133026,0.5720666904812365,-0.07790073933751351
prelude_standard_maps,"Prelude on, three-map comparison",Cloud Seeding,14765,2564,12201,17.36539112766678,-0.17555028784287166,-0.9028861154446178,-0.022703057126465045,8.001858078272603,7.705737601243756,8.05466320109334,-0.29280845689926066,-1.020144284501007,-0.13996122618285406
prelude_standard_maps,"Prelude on, three-map comparison",Colonizer Training Camp,14778,10065,4713,68.10799837596427,-0.2960481797266207,-0.38181818181818183,-0.11287927010396775,8.031742320326366,7.801018496287456,8.501497274353333,-0.4133063487830097,-0.49907635087457086,-0.23013743916035678
prelude_standard_maps,"Prelude on, three-map comparison",Comet,14715,12853,1862,87.34624532789671,0.14835202174651715,0.19730802147358592,-0.1895810955961332,8.011125994476046,8.155247580051421,6.927585749496955,0.03109385269012814,0.0800498524171969,-0.3068392646525222
prelude_standard_maps,"Prelude on, three-map comparison",Commercial District,14786,9395,5391,63.53983497903422,0.14960097389422428,0.07780734433209154,0.2747171211278056,7.912426850033771,7.894827910199717,7.942186087036426,0.03234280483783526,-0.03945082472429748,0.15745895207141658
prelude_standard_maps,"Prelude on, three-map comparison",Convoy From Europa,14666,12763,1903,87.02441020046366,0.05536615300695486,0.023270390973908955,0.27062532842879666,7.940294775637763,7.972547753688045,7.719096587840968,-0.06189201604943415,-0.09398777808248006,0.15336715937240764
prelude_standard_maps,"Prelude on, three-map comparison",Corporate Stronghold,14648,6965,7683,47.54915346805024,0.2103358820316767,0.32203876525484565,0.10907197709228166,8.010852180365118,8.038576103991135,7.984808846159724,0.09307771297528768,0.20478059619845662,-0.008186191964107359
prelude_standard_maps,"Prelude on, three-map comparison",Cupola City,14518,12535,1983,86.341093814575,0.11778481884557102,0.09644994016753092,0.2526475037821483,7.931417937853842,7.900845513175679,8.122747257385823,0.0005266497891820016,-0.020808228888858096,0.13538933472575926
prelude_standard_maps,"Prelude on, three-map comparison",Decomposers,14761,10639,4122,72.07506266513109,-0.10812275591084615,-0.006955540934298336,-0.36923823386705484,7.935023373657165,8.073218971975505,7.561380622943894,-0.22538092496723516,-0.12421370999068734,-0.48649640292344387
prelude_standard_maps,"Prelude on, three-map comparison",Deep Well Heating,14774,9973,4801,67.50372275619331,0.08041153377555164,-0.023964704702697282,0.2972297438033743,7.913481899212572,7.734560934891724,8.269407137601528,-0.03684663528083737,-0.1412228737590863,0.17997157474698527
prelude_standard_maps,"Prelude on, three-map comparison",Deimos Down,14807,13315,1492,89.9236847437023,0.5974201391233875,0.7106271122793841,-0.4128686327077748,7.975679047222626,8.1302028731127,6.347825185765244,0.4801619700669985,0.5933689432229952,-0.5301268017641638
prelude_standard_maps,"Prelude on, three-map comparison",Designed Microorganisms,14717,11843,2874,80.47156349799552,0.32472650676088877,0.3036392805876889,0.4116214335421016,7.851594454200963,7.859205411918076,7.82091700015589,0.20746833770449974,0.18638111153129988,0.2943632644857126
prelude_standard_maps,"Prelude on, three-map comparison",Development Center,14580,13655,925,93.6556927297668,0.9615912208504801,1.0593921640424753,-0.4821621621621622,8.017217270416992,8.098878254705639,6.532217498665017,0.8443330517940911,0.9421339949860863,-0.5994203312185512
prelude_standard_maps,"Prelude on, three-map comparison",Domed Crater,14510,11993,2517,82.65334252239835,0.034114403859407304,-0.057033269407154176,0.4684147794994041,7.961717077497579,7.885474171258241,8.303291505846898,-0.08314376519698172,-0.1742914384635432,0.35115661044301505
prelude_standard_maps,"Prelude on, three-map comparison",Dust Seals,14685,2408,12277,16.397684712291454,-0.19455226421518557,-0.7603820598006644,-0.0835709049442046,7.905302901185322,6.957188224317139,8.073829738205939,-0.3118104332715746,-0.8776402288570534,-0.20082907400059363
prelude_standard_maps,"Prelude on, three-map comparison",Earth Catapult,14666,14523,143,99.02495567980363,2.279830901404609,2.294360669283206,0.8041958041958042,7.99270710024835,8.005698838449035,6.392401674852601,2.1625727323482202,2.177102500226817,0.6869376351394152
prelude_standard_maps,"Prelude on, three-map comparison",Earth Office,14652,14098,554,96.21894621894621,0.7254982254982255,0.789119023975032,-0.8935018050541517,8.069285467244125,8.11691913038904,6.545806963253466,0.6082400564418365,0.671860854918643,-1.0107599741105406
prelude_standard_maps,"Prelude on, three-map comparison",Ecological Zone,14800,12592,2208,85.08108108108108,0.006148648648648648,0.11332592121982211,-0.605072463768116,7.961570821014815,8.159153151725821,6.6936194651594505,-0.11110952040774036,-0.003932247836566899,-0.7223306328245049
prelude_standard_maps,"Prelude on, three-map comparison",Electro Catapult,14743,13737,1006,93.17642270908227,0.8838770942142034,0.9481691781320521,0.005964214711729622,7.894515515612366,7.951774308393876,7.011147074353856,0.7666189251578144,0.8309110090756632,-0.11129395434465938
prelude_standard_maps,"Prelude on, three-map comparison",Energy Saving,14714,798,13916,5.423406279733587,-0.20164469212994426,-1.06265664160401,-0.15227076746191434,7.993075914215412,5.9969531335271595,8.090017885116978,-0.31890286118633326,-1.179914810660399,-0.26952893651830334
prelude_standard_maps,"Prelude on, three-map comparison",Energy Tapping,14749,11026,3723,74.7576106854702,0.4255881754695234,0.6883729366950844,-0.35267257587966694,7.956654606296972,8.193118341336588,7.155634194642073,0.30833000641313435,0.5711147676386954,-0.46993074493605597
prelude_standard_maps,"Prelude on, three-map comparison",Eos Chasma National Park,14743,3967,10776,26.907685003052297,-0.018245947229193517,-0.45576002016637257,0.1428173719376392,7.928361290670728,8.037889125537719,7.881919773122444,-0.13550411628558254,-0.5730181892227616,0.025559202881250173
prelude_standard_maps,"Prelude on, three-map comparison",Equatorial Magnetizer,14606,561,14045,3.8408873065863345,-0.24969190743530056,-1.1194295900178253,-0.21495194019223923,7.854393745114403,6.982503416380527,7.885448293813132,-0.3669500764916896,-1.2366877590742142,-0.33221010924862826
prelude_standard_maps,"Prelude on, three-map comparison",Extreme-Cold Fungus,14718,4425,10293,30.06522625356706,-0.12759885854056258,-0.5855367231638418,0.06927037792674633,7.911372776708516,7.25463427290502,8.169963914213746,-0.2448570275969516,-0.7027948922202307,-0.04798779112964269
prelude_standard_maps,"Prelude on, three-map comparison",Farming,14665,4985,9680,33.99249914763041,-0.12894647118990796,-0.1506519558676028,-0.11776859504132231,7.876965641220557,7.99149151745681,7.817725017218554,-0.24620464024629696,-0.2679101249239918,-0.23502676409771134
prelude_standard_maps,"Prelude on, three-map comparison",Fish,14614,7510,7104,51.38907896537567,-0.11625838237306692,-0.08681757656458056,-0.14738175675675674,7.88132862719737,7.999012748213078,7.755418385365648,-0.23351655142945593,-0.20407574562096958,-0.26463992581314577
prelude_standard_maps,"Prelude on, three-map comparison",Flooding,14835,10483,4352,70.66397034041118,0.04772497472194136,0.1724697128684537,-0.25275735294117646,8.07339683557895,8.41555794964361,7.174611877942842,-0.06953319433444766,0.05521154381206468,-0.3700155219975655
prelude_standard_maps,"Prelude on, three-map comparison",Food Factory,14698,1975,12723,13.437202340454483,-0.16988705946387264,-0.7275949367088608,-0.08331368387958815,7.880057831320271,6.972352626837173,8.008512643423353,-0.28714522852026164,-0.8448531057652497,-0.20057185293597718
prelude_standard_maps,"Prelude on, three-map comparison",Fuel Factory,14677,12306,2371,83.84547250800573,0.3491176670981808,0.39403542987160733,0.1159848165331084,7.93419343914011,7.960601492574034,7.793189284891591,0.2318594980417918,0.2767772608152183,-0.0012733525232806187
prelude_standard_maps,"Prelude on, three-map comparison",Fueled Generators,14818,8802,6016,59.400728843298694,-0.13139425023619922,-0.16802999318336742,-0.07779255319148937,8.005646820085786,8.182003105939113,7.740745076863635,-0.24865241929258824,-0.28528816223975645,-0.1950507222478784
prelude_standard_maps,"Prelude on, three-map comparison",Fusion Power,14590,6363,8227,43.61206305688828,-0.07141877998629198,-0.33034732044633036,0.12884405007900815,7.908984201151301,7.643622326187479,8.103057817217552,-0.188676949042681,-0.4476054895027194,0.011585881022619135
prelude_standard_maps,"Prelude on, three-map comparison",GHG Factories,14918,8783,6135,58.87518434106448,-0.09210349912856951,-0.2479790504383468,0.1310513447432763,7.993752377908558,8.1398607707321,7.775026220041885,-0.20936166818495852,-0.3652372194947358,0.013793175686887274
prelude_standard_maps,"Prelude on, three-map comparison",GHG Producing Bacteria,14684,4031,10653,27.451648052301824,-0.08437755380005448,-0.035475068221285044,-0.10288181732845209,7.935612546178454,8.039232693427158,7.896350478273087,-0.2016357228564435,-0.15273323727767407,-0.2201399863848411
prelude_standard_maps,"Prelude on, three-map comparison",Ganymede Colony,14752,10080,4672,68.32971800433839,0.032809110629067245,-0.1060515873015873,0.3324058219178082,8.017429493021956,7.921842834439367,8.212740463532025,-0.08444905842732177,-0.2233097563579763,0.21514765286141918
prelude_standard_maps,"Prelude on, three-map comparison",Gene Repair,14508,8927,5581,61.531568789633305,0.0057209815274331405,-0.055673798588551586,0.10392402795197993,8.103480990330565,8.062850595594384,8.167815631967427,-0.11153718752895588,-0.1729319676449406,-0.013334141104409086
prelude_standard_maps,"Prelude on, three-map comparison",Geothermal Power,14791,11755,3036,79.47400446217294,0.1507673585288351,0.12267120374308804,0.2595520421607378,7.999796265114007,7.997857400484573,8.007687266068913,0.03350918947244609,0.005413034686699028,0.14229387310434877
prelude_standard_maps,"Prelude on, three-map comparison",Giant Ice Asteroid,14587,13314,1273,91.27305134708988,0.9082744909851237,1.0377046717740723,-0.44540455616653574,8.081331361988966,8.209296806916862,6.444517416383756,0.7910163219287347,0.9204465027176834,-0.5626627252229247
prelude_standard_maps,"Prelude on, three-map comparison",Giant Space Mirror,14953,9656,5297,64.57567043402662,0.20912191533471544,0.19873653686826842,0.22805361525391732,7.964075790381477,7.77728320716752,8.294482196041423,0.09186374627832643,0.0814783678118794,0.1107954461975283
prelude_standard_maps,"Prelude on, three-map comparison",Grass,14537,8529,6008,58.670977505675175,-0.07828300199490953,-0.07292765857662094,-0.08588548601864181,7.979062938285671,8.039599452521543,7.89298832547251,-0.19554117105129853,-0.19018582763300995,-0.20314365507503082
prelude_standard_maps,"Prelude on, three-map comparison",Great Dam,14766,3556,11210,24.08235134769064,-0.18583231748611675,-0.7632170978627671,-0.0026761819803746653,7.973457815620209,7.470987086322297,8.118105794519485,-0.30309048654250575,-0.8804752669191561,-0.11993435103676368
prelude_standard_maps,"Prelude on, three-map comparison",Great Escarpment Consortium,14662,10309,4353,70.31100804801528,0.39264766061928796,0.538267533223397,0.047783138065701815,8.03083260837421,7.984913461144691,8.129072241761886,0.27538949156289894,0.421009364167008,-0.06947503099068719
prelude_standard_maps,"Prelude on, three-map comparison",Greenhouses,14375,9302,5073,64.7095652173913,-0.023930434782608697,-0.002902601591055687,-0.062487679873841906,8.004867414192459,8.073704409709427,7.8777277510718715,-0.1411886038389977,-0.1201607706474447,-0.17974584893023093
prelude_standard_maps,"Prelude on, three-map comparison",Hackers,14735,7795,6940,52.901255514082116,0.4897862232779097,0.8862091084028223,0.044524495677233426,7.8591692211143585,8.076457099899814,7.583623654603671,0.3725280542215207,0.7689509393464333,-0.0727336733791556
prelude_standard_maps,"Prelude on, three-map comparison",Heat Trappers,14283,9059,5224,63.425050759644336,0.13764615276902611,0.3583176951098355,-0.2450229709035222,8.037761790215667,8.46856499951383,7.214903239606985,0.0203879837126371,0.2410595260534465,-0.36228113995991124
prelude_standard_maps,"Prelude on, three-map comparison",Heather,14696,8328,6368,56.66848121937942,-0.176578660860098,-0.367195004803074,0.0727072864321608,7.937433025440234,7.999978366093843,7.848528091524708,-0.293836829916487,-0.484453173859463,-0.04455088262422821
prelude_standard_maps,"Prelude on, three-map comparison",Herbivores,14533,7442,7091,51.20759650450698,-0.15034748503406042,-0.029965063155065842,-0.27668876040050766,7.8678201325302,8.204403203766335,7.496845943773138,-0.26760565409044945,-0.14722323221145486,-0.3939469294568967
prelude_standard_maps,"Prelude on, three-map comparison",Hired Raiders,14763,12813,1950,86.79130258077626,0.08419697893382104,0.1903535471786467,-0.6133333333333333,7.924596989403597,8.08991157856038,6.698309035649351,-0.033061190122567974,0.07309537812225768,-0.7305915023897223
prelude_standard_maps,"Prelude on, three-map comparison",House Printing,14578,10178,4400,69.81753326930992,-0.01083824941692962,-0.14767144822165454,0.30568181818181817,7.976548116640158,7.830567046551843,8.296668179256468,-0.12809641847331862,-0.26492961727804354,0.18842364912542914
prelude_standard_maps,"Prelude on, three-map comparison",Ice Asteroid,14749,13196,1553,89.47047257441183,0.29113838226320427,0.31918763261594424,0.05280103026400515,7.934476427437018,8.036566589865824,7.005045600357769,0.17388021320681524,0.2019294635595552,-0.06445713879238386
prelude_standard_maps,"Prelude on, three-map comparison",Ice cap Melting,14507,857,13650,5.9074929344454405,-0.195285034810781,-0.11668611435239207,-0.2002197802197802,7.971459834568513,8.630277837207139,7.92858537612018,-0.31254320386717,-0.2339442834087811,-0.31747794927616924
prelude_standard_maps,"Prelude on, three-map comparison",Immigrant City,14740,11299,3441,76.65535956580733,-0.6662822252374491,-0.985573944596867,0.3821563498982854,7.962926522979049,7.790884418838551,8.419842020556501,-0.783540394293838,-1.102832113653256,0.26489818084189637
prelude_standard_maps,"Prelude on, three-map comparison",Immigration Shuttles,15006,7784,7222,51.872584299613486,0.05591096894575503,-0.08478931140801645,0.20756023262254222,8.006645401765155,7.678577998158967,8.343692776077809,-0.061347200110633986,-0.20204748046440546,0.09030206356615321
prelude_standard_maps,"Prelude on, three-map comparison",Import of Advanced GHG,14500,9828,4672,67.77931034482759,-0.12958620689655173,-0.1855921855921856,-0.011772260273972603,7.886442769176922,7.911857207168271,7.83224828197087,-0.24684437595294073,-0.3028503546485746,-0.12903042933036163
prelude_standard_maps,"Prelude on, three-map comparison",Imported GHG,14533,9469,5064,65.15516410926855,-0.025459299525218467,-0.22494455591931567,0.34755134281200634,7.95519978960201,7.866364224384555,8.106323742677949,-0.14271746858160747,-0.3422027249757047,0.2302931737556173
prelude_standard_maps,"Prelude on, three-map comparison",Imported Hydrogen,14765,12993,1772,87.99864544530985,0.0889265154080596,0.2195797737243131,-0.8690744920993227,7.918399191262439,8.12495992272024,6.114086875287141,-0.028331653648329416,0.10232160466792407,-0.9863326611557117
prelude_standard_maps,"Prelude on, three-map comparison",Imported Nitrogen,14656,10051,4605,68.57942139737992,-0.11981441048034934,0.013729977116704805,-0.41129207383279043,8.034009957313556,8.274182740681091,7.475662987375555,-0.23707257953673835,-0.10352819193968421,-0.5285502428891794
prelude_standard_maps,"Prelude on, three-map comparison",Indentured Workers,14511,10725,3786,73.90944800496176,-0.0017917441940596788,0.29818181818181816,-0.8515583729529846,7.9386341841331,8.272215094659362,6.836659589856911,-0.1190499132504487,0.18092364912542913,-0.9688165420093736
prelude_standard_maps,"Prelude on, three-map comparison",Industrial Center,14593,11005,3588,75.41286918385528,-0.006235866511341054,-0.07487505679236711,0.20429208472686733,8.167619464212395,8.148924541805561,8.222261897860255,-0.12349403556773007,-0.19213322584875614,0.08703391567047832
prelude_standard_maps,"Prelude on, three-map comparison",Industrial Microbes,14624,13146,1478,89.8933260393873,0.48817013129102843,0.45869465997261527,0.7503382949932341,7.980940305113126,7.90010891682561,8.665251145089972,0.3709119622346394,0.34143649091622624,0.6330801259368452
prelude_standard_maps,"Prelude on, three-map comparison",Insects,14764,12018,2746,81.40070441614739,0.1416960173394744,0.24280246297220837,-0.3008011653313911,8.04644940081532,8.181999732031654,7.409331443269663,0.024437848283085387,0.12554429391581934,-0.41805933438778015
prelude_standard_maps,"Prelude on, three-map comparison",Insulation,14839,714,14125,4.811644989554552,-0.11719118538985107,-0.9929971988795518,-0.07292035398230089,7.969518373873761,6.4784641603214865,8.03520332645977,-0.2344493544462401,-1.1102553679359408,-0.1901785230386899
prelude_standard_maps,"Prelude on, three-map comparison",Interstellar Colony Ship,14400,5565,8835,38.645833333333336,-0.11368055555555556,0.13584905660377358,-0.2708545557441992,7.976190805167503,7.92305849274386,8.005932576772608,-0.2309387246119446,0.01859088754738457,-0.3881127248005882
prelude_standard_maps,"Prelude on, three-map comparison",Invention Contest,14846,13522,1324,91.08177286811262,0.23676411154519736,0.3015086525661884,-0.4244712990936556,7.901987906612435,7.994375977920164,6.855568995413606,0.11950594248880834,0.1842504835097994,-0.5417294681500446
prelude_standard_maps,"Prelude on, three-map comparison",Inventors' Guild,14751,13987,764,94.82069012270354,0.5261338214358349,0.610280975191249,-1.0143979057591623,8.026007198685088,8.101355658534002,6.302430580565942,0.40887565237944584,0.49302280613486,-1.1316560748155513
prelude_standard_maps,"Prelude on, three-map comparison",Investment Loan,14614,10810,3804,73.97016559463528,-0.042698781989872724,0.19787234042553192,-0.7263406940063092,7.8582500872475425,8.16576884541158,6.865181572873348,-0.15995695104626173,0.08061417136914291,-0.8435988630626982
prelude_standard_maps,"Prelude on, three-map comparison",Io Mining Industries,14628,12543,2085,85.74651353568498,0.5404019688269073,0.48521087459140555,0.8724220623501199,8.039517163560127,8.044382382382624,8.004079582071563,0.42314379977051825,0.3679527055350165,0.7551638932937309
prelude_standard_maps,"Prelude on, three-map comparison",Ironworks,14610,2068,12542,14.154688569472963,-0.07932922655715263,0.10541586073500966,-0.10979110189762398,7.982221746928703,8.174885115898109,7.949926104436347,-0.19658739561354166,-0.01184230832137935,-0.227049270954013
prelude_standard_maps,"Prelude on, three-map comparison",Kelp Farming,14812,12510,2302,84.45854712395355,0.6922090197137456,0.9386091127098322,-0.6468288444830582,7.95269834115863,8.078561670844799,7.0837748468038315,0.5749508506573566,0.8213509436534432,-0.7640870135394472
prelude_standard_maps,"Prelude on, three-map comparison",Lagrange Observatory,14750,12438,2312,84.32542372881356,0.0008813559322033898,0.045344910757356485,-0.23832179930795847,7.894607957665311,7.9030489863953575,7.846418611263696,-0.11637681312418563,-0.07191325829903253,-0.35557996836434747
prelude_standard_maps,"Prelude on, three-map comparison",Lake Marineris,14595,3796,10799,26.008907159986297,-0.13771839671120248,0.002897787144362487,-0.18714695805167145,7.8714628742113995,8.389763637499394,7.680764600053272,-0.2549765657675915,-0.11436038191202652,-0.30440512710806045
prelude_standard_maps,"Prelude on, three-map comparison",Land Claim,14597,1619,12978,11.091320134274167,-0.055011303692539565,-0.423100679431748,-0.00909231006318385,7.936307955399936,7.798417323607746,7.9524426727800055,-0.17226947274892856,-0.540358848488137,-0.12635047911957287
prelude_standard_maps,"Prelude on, three-map comparison",Large Convoy,14623,12623,2000,86.32291595431855,0.1968132394173562,0.28551057593282103,-0.363,8.044056858228,8.198452709679943,6.9671731535017445,0.07955507036096719,0.168252406876432,-0.480258169056389
prelude_standard_maps,"Prelude on, three-map comparison",Lava Flows,14851,11644,3207,78.4054945794896,0.18140192579624267,0.2631398144967365,-0.1153726223885251,7.8773737407404205,7.967649847720744,7.53427005377464,0.06414375673985366,0.14588164544034748,-0.2326307914449141
prelude_standard_maps,"Prelude on, three-map comparison",Lava Tube Settlement,14527,8485,6042,58.408480759964206,-0.22427204515729332,-0.5889216263995286,0.28781860311155244,7.927409379730025,7.714970099068691,8.189755061887452,-0.34153021421368235,-0.7061797954559176,0.1705604340551634
prelude_standard_maps,"Prelude on, three-map comparison",Lichen,14569,9296,5273,63.8067128835198,-0.17537236598256573,-0.37123493975903615,0.16992224540109993,7.922455571305209,7.898085837396177,7.954247842396077,-0.29263053503895475,-0.4884931088154252,0.05266407634471092
prelude_standard_maps,"Prelude on, three-map comparison",Lightning Harvest,14625,4255,10370,29.094017094017094,-0.13504273504273503,-0.40047003525264396,-0.026133076181292188,7.938538740412753,7.525877611120637,8.099617963939183,-0.25230090409912403,-0.517728204309033,-0.1433912452376812
prelude_standard_maps,"Prelude on, three-map comparison",Livestock,14824,3187,11637,21.498920669185104,-0.23657582298974636,-0.7875745214935677,-0.08567500214832001,8.097993770636924,8.06274803169972,8.101430205012852,-0.35383399204613536,-0.9048326905499566,-0.20293317120470902
prelude_standard_maps,"Prelude on, three-map comparison",Local Heat Trapping,14624,3007,11617,20.562089715536104,-0.04697757111597374,-0.1775856335217825,-0.013170353791856762,7.918569040547075,8.028748438429943,7.889795913529787,-0.16423574017236275,-0.2948438025781715,-0.13042852284824577
prelude_standard_maps,"Prelude on, three-map comparison",Lunar Beam,14490,7646,6844,52.76742581090407,-0.0870255348516218,-0.1882029819513471,0.026008182349503216,7.921248023722884,8.057625808526872,7.765086060636221,-0.20428370390801082,-0.30546115100773613,-0.0912499867068858
prelude_standard_maps,"Prelude on, three-map comparison",Magnetic Field Dome,14512,796,13716,5.485115766262403,-0.1659316427783903,-1.236180904522613,-0.10382035578885973,7.959715420484205,6.047776033874902,8.052562286249213,-0.2831898118347793,-1.353439073579002,-0.22107852484524876
prelude_standard_maps,"Prelude on, three-map comparison",Magnetic Field Generators,14788,882,13906,5.964295374628077,-0.20347579118203948,-1.119047619047619,-0.14540486121098806,7.8649620302210215,6.183580102423465,7.956262999575874,-0.3207339602384285,-1.236305788104008,-0.2626630302673771
prelude_standard_maps,"Prelude on, three-map comparison",Mangrove,14671,6007,8664,40.944720877922435,-0.07954467998091473,0.23206259364075246,-0.29559095106186517,7.913860427650602,8.296520467774743,7.630325164979609,-0.19680284903730375,0.11480442458436345,-0.4128491201182542
prelude_standard_maps,"Prelude on, three-map comparison",Mars University,14830,14205,625,95.78556979096426,0.7900202292650034,0.8529391059486097,-0.64,8.009898972896007,8.08568669497069,5.861379464833276,0.6727620602086144,0.7356809368922207,-0.757258169056389
prelude_standard_maps,"Prelude on, three-map comparison",Martian Rails,14880,1600,13280,10.75268817204301,-0.12869623655913978,-0.865625,-0.039909638554216864,8.162706865145124,6.594106820665819,8.327593289335594,-0.24595440561552878,-0.982883169056389,-0.1571678076106059
prelude_standard_maps,"Prelude on, three-map comparison",Martian Survey,14649,10610,4039,72.42815209229299,-0.08096115775820875,-0.14797360980207352,0.09507303788066353,8.030500551577196,7.944973360543541,8.249356346234263,-0.19821932681459775,-0.26523177885846255,-0.022185131175725487
prelude_standard_maps,"Prelude on, three-map comparison",Mass Converter,14834,13234,1600,89.21396791155453,0.7352029122286639,0.857639413631555,-0.2775,8.034048578582109,8.122288502465835,7.185942342838316,0.6179447431722749,0.7403812445751661,-0.39475816905638905
prelude_standard_maps,"Prelude on, three-map comparison",Media Archives,14542,5093,9449,35.02269288956127,-0.09441617384128731,0.04025132534851757,-0.1670017991321833,7.842780511251937,7.804951754676808,7.862550110367282,-0.21167434289767634,-0.07700684370787145,-0.2842599681885723
prelude_standard_maps,"Prelude on, three-map comparison",Media Group,14661,14147,514,96.49409999317918,0.9439328831594025,1.0212765957446808,-1.1848249027237354,7.945920181623979,8.012743436759765,5.398982222012651,0.8266747141030135,0.9040184266882918,-1.3020830717801244
prelude_standard_maps,"Prelude on, three-map comparison",Medical Lab,14736,12259,2477,83.19082519001086,0.1347041259500543,0.15311199934741823,0.04360113039967703,7.892876319430292,7.922983459103707,7.74307995491285,0.01744595689366528,0.03585383029102922,-0.07365703865671198
prelude_standard_maps,"Prelude on, three-map comparison",Methane From Titan,14565,10000,4565,68.65774116031582,0.14898729831788535,0.0309,0.4076670317634173,8.020823530320866,7.975293456705657,8.114543857177333,0.03172912926149633,-0.08635816905638902,0.29040886270702826
prelude_standard_maps,"Prelude on, three-map comparison",Micro-Mills,14758,2318,12440,15.706735329990513,-0.1909472828296517,-0.9141501294219154,-0.056189710610932475,7.830806871443247,6.599130083387407,8.032521541501042,-0.3082054518860407,-1.0314082984783044,-0.1734478796673215
prelude_standard_maps,"Prelude on, three-map comparison",Mine,14722,14349,373,97.46637685097133,0.6793913870398044,0.6994215624782215,-0.09115281501340483,8.03533365879351,8.030323963268467,8.199610009787436,0.5621332179834154,0.5821633934218325,-0.20841098406979386
prelude_standard_maps,"Prelude on, three-map comparison",Mineral Deposit,14608,13006,1602,89.03340635268346,0.09713855421686747,0.19137321236352453,-0.6679151061173533,8.090773267255257,8.168989251795935,7.38329270317932,-0.020119614839521544,0.07411504330713552,-0.7851732751737422
prelude_standard_maps,"Prelude on, three-map comparison",Mining Area,14702,14314,388,97.36090327846551,0.9562644538158074,0.9749895207489171,0.2654639175257732,7.852722621539116,7.865249933628286,7.351924499141157,0.8390062847594184,0.8577313516925281,0.14820574846938417
prelude_standard_maps,"Prelude on, three-map comparison",Mining Expedition,14797,4044,10753,27.32986416165439,-0.15834290734608367,-0.8234421364985163,0.091788338138194,8.014045534506838,7.6368208904784165,8.137687009307074,-0.27560107640247267,-0.9407003055549052,-0.02546983091819502
prelude_standard_maps,"Prelude on, three-map comparison",Mining Rights,14787,14650,137,99.07351051599377,0.963751944275377,0.9786348122866895,-0.6277372262773723,7.909387121792263,7.925313155965975,5.768840360671532,0.846493775218988,0.8613766432303005,-0.7449953953337612
prelude_standard_maps,"Prelude on, three-map comparison",Miranda Resort,14722,10497,4225,71.30145360684689,0.20662953403070236,0.27398304277412594,0.03928994082840237,8.089344824608837,8.071812455902592,8.1312836696864,0.08937136497431335,0.1567248737177369,-0.07796822822798664
prelude_standard_maps,"Prelude on, three-map comparison",Mohole Area,14925,11957,2968,80.11390284757118,0.5829145728643216,0.6599481475286443,0.2725741239892183,7.977977608588278,8.10980467381479,7.416414071893128,0.46565640380793255,0.5426899784722553,0.1553159549328293
prelude_standard_maps,"Prelude on, three-map comparison",Moss,14713,8888,5825,60.40916196560865,-0.16346088493169306,-0.161003600360036,-0.16721030042918456,7.960401404629089,8.204408680780706,7.573644127187288,-0.28071905398808206,-0.278261769416425,-0.2844684694855736
prelude_standard_maps,"Prelude on, three-map comparison",Natural Preserve,14689,14397,292,98.01211791136224,0.7607733678262646,0.7885670625824824,-0.6095890410958904,7.995289657062866,8.020432706452244,6.503896043761631,0.6435151987698756,0.6713088935260935,-0.7268472101522794
prelude_standard_maps,"Prelude on, three-map comparison",Nitrite Reducing Bacteria,14585,3201,11384,21.94720603359616,-0.15310250257113472,-0.6232427366447985,-0.02090653548840478,7.945918759910321,7.395979286502432,8.089214314874681,-0.27036067162752375,-0.7405009057011874,-0.1381647045447938
prelude_standard_maps,"Prelude on, three-map comparison",Nitrogen-Rich Asteroid,14493,12971,1522,89.49837852756504,0.6411371006692886,0.7890679207462802,-0.6195795006570303,7.998639452950807,8.135224199143414,6.591825298793165,0.5238789316128997,0.6718097516898912,-0.7368376697134192
prelude_standard_maps,"Prelude on, three-map comparison",Nitrophilic Moss,14511,9992,4519,68.85810764247812,0.07504651643580731,0.13540832666132907,-0.05842000442575791,7.962062330214059,8.101163201299887,7.644702313751456,-0.0422116526205817,0.018150157604940056,-0.17567817348214693
prelude_standard_maps,"Prelude on, three-map comparison",Noctis City,14796,12361,2435,83.54284941876183,-0.02669640443363071,-0.13073375940457893,0.5014373716632443,7.939107794531034,7.914637285001716,8.043093286639404,-0.14395457349001972,-0.24799192846096796,0.3841792026068553
prelude_standard_maps,"Prelude on, three-map comparison",Noctis Farming,14704,8670,6034,58.96354733405876,-0.007412948857453754,-0.018685121107266434,0.008783559827643355,7.8879893666870435,7.959806263154788,7.784267311819056,-0.12467111791384276,-0.13594329016365544,-0.10847460922874566
prelude_standard_maps,"Prelude on, three-map comparison",Nuclear Power,14507,6557,7950,45.19886951127042,-0.16061211828772318,-0.2255604697270093,-0.1070440251572327,7.9825820905242475,8.026795006847468,7.946036906558601,-0.2778702873441122,-0.3428186387833983,-0.22430219421362171
prelude_standard_maps,"Prelude on, three-map comparison",Nuclear Zone,14860,13735,1125,92.4293405114401,1.0329744279946165,1.1473607571896614,-0.3635555555555556,7.996440096168291,8.07875779410483,6.761592508740134,0.9157162589382275,1.0301025881332724,-0.4808137246119446
prelude_standard_maps,"Prelude on, three-map comparison",Olympus Conference,14527,14101,426,97.06752942796173,0.9098230880429545,0.9578753279909227,-0.6807511737089202,8.087424469389184,8.144314372114554,5.684360827977555,0.7925649189865656,0.8406171589345337,-0.7980093427653092
prelude_standard_maps,"Prelude on, three-map comparison",Open City,14864,3196,11668,21.5016146393972,-0.18359795479009688,-0.10200250312891114,-0.2059478916695235,7.9624444852914475,8.029264689271676,7.944243577482352,-0.3008561238464859,-0.21926067218530015,-0.3232060607259125
prelude_standard_maps,"Prelude on, three-map comparison",Optimal Aerobraking,14586,13803,783,94.63183874948581,0.56588509529686,0.6226182713902775,-0.4342273307790549,7.890540086756264,7.959219065542187,6.486101874686929,0.448626926240471,0.5053601023338885,-0.5514854998354439
prelude_standard_maps,"Prelude on, three-map comparison",Ore Processor,14591,2572,12019,17.627304502775683,-0.12281543417174971,-0.30909797822706064,-0.08295199267825942,7.919903674366129,8.015234112075374,7.899120030698731,-0.24007360322813873,-0.42635614728344967,-0.20021016173464845
prelude_standard_maps,"Prelude on, three-map comparison",Permafrost extraction,14709,1921,12788,13.060031273370045,-0.2179617921000748,-0.5471108797501302,-0.16851736002502346,7.955287129713819,8.608377292927326,7.8516582448025805,-0.3352199611564638,-0.6643690488065191,-0.28577552908141246
prelude_standard_maps,"Prelude on, three-map comparison",Peroxide Power,14640,9322,5318,63.67486338797814,-0.031762295081967214,-0.04119287706500751,-0.015231289958631064,7.877200797624268,8.06799889385133,7.531811617742411,-0.14902046413835623,-0.15845104612139652,-0.13248945901502007
prelude_standard_maps,"Prelude on, three-map comparison",Pets,14721,8993,5728,61.08959989131173,-0.27898919910332176,-0.4410096741910375,-0.024615921787709497,7.954751414416962,7.654408136953758,8.399047992846613,-0.3962473681597108,-0.5582678432474265,-0.14187409084409852
prelude_standard_maps,"Prelude on, three-map comparison",Phobos Space Haven,14739,7767,6972,52.69692652147364,-0.3101974353755343,-0.8614651731685335,0.30393000573723467,7.936526323471112,7.570434451944174,8.282878628235606,-0.4274556044319233,-0.9787233422249225,0.18667183668084564
prelude_standard_maps,"Prelude on, three-map comparison",Physics Complex,14680,2912,11768,19.83651226158038,-0.2416893732970027,-0.6150412087912088,-0.1493031951053705,7.984292460320886,7.340832779736454,8.133315308337403,-0.3589475423533917,-0.7322993778475978,-0.2665613641617595
prelude_standard_maps,"Prelude on, three-map comparison",Plantation,14712,10071,4641,68.45432300163132,-0.19025285481239804,-0.08479793466388641,-0.4190907132083603,7.940856432887381,8.052407675396484,7.689108236078017,-0.30751102386878704,-0.20205610372027544,-0.5363488822647493
prelude_standard_maps,"Prelude on, three-map comparison",Power Grid,14601,985,13616,6.7461132799123344,-0.06951578658995959,-1.2416243654822334,0.01527614571092832,7.944983949898921,6.784614154738205,8.015990365946534,-0.1867739556463486,-1.3588825345386224,-0.10198202334546069
prelude_standard_maps,"Prelude on, three-map comparison",Power Infrastructure,14663,1330,13333,9.070449430539453,-0.15733478824251518,-0.6248120300751879,-0.11070276756918923,7.976289839730508,7.6971348584131345,8.002383958454628,-0.2745929572989042,-0.7420701991315769,-0.22796093662557826
prelude_standard_maps,"Prelude on, three-map comparison",Power Plant,14714,12680,2034,86.17643061030311,0.11716732363735217,0.1339116719242902,0.012782694198623401,7.913202433547511,7.930412597145549,7.806175984262107,-9.084541903683907e-05,0.016653502867901196,-0.10447547485776561
prelude_standard_maps,"Prelude on, three-map comparison",Power Supply Consortium,14686,5701,8985,38.8192836715239,-0.18459757592264742,-0.3239782494299246,-0.09616026711185309,7.882273704020422,7.769741265232044,7.952013510434097,-0.30185574497903644,-0.4412364184863136,-0.2134184361682421
prelude_standard_maps,"Prelude on, three-map comparison",Predators,14713,4305,10408,29.259838238292666,-0.10480527424726432,-0.3816492450638792,0.009704073789392774,7.949081731345386,8.088898926809012,7.888078074991783,-0.22206344330365335,-0.49890741412026823,-0.10755409526699625
prelude_standard_maps,"Prelude on, three-map comparison",Protected Habitats,14625,13810,815,94.42735042735043,-0.39794871794871794,-0.41281679942070965,-0.1460122699386503,7.870976180414628,7.879788453681372,7.720519305957185,-0.515206887005107,-0.5300749684770987,-0.2632704389950393
prelude_standard_maps,"Prelude on, three-map comparison",Protected Valley,14695,10881,3814,74.04559373936713,0.2675059544062606,0.42597187758478083,-0.18458311484006293,7.978565584454276,8.128746988648318,7.516361269007755,0.1502477853498716,0.3087137085283918,-0.30184128389645193
prelude_standard_maps,"Prelude on, three-map comparison",Psychrophiles,14536,13665,871,94.00798018712163,0.7776554760594386,0.8273691913648006,-0.002296211251435132,8.054507217404005,8.09081831686249,7.422549938863104,0.6603973070030497,0.7101110223084116,-0.11955438030782414
prelude_standard_maps,"Prelude on, three-map comparison",Quantum Extractor,14633,12558,2075,85.81972254493269,0.43907606095810836,0.57700270743749,-0.3956626506024096,8.051331763093621,8.079417060751544,7.829430450443348,0.32181789190171933,0.459744538381101,-0.5129208196587987
prelude_standard_maps,"Prelude on, three-map comparison",Rad-Chem Factory,14822,5429,9393,36.62798542706787,-0.21164485224666038,-0.7071283846012157,0.07473650590865538,7.837604609983495,7.569724221180735,7.974709378351715,-0.3289030213030494,-0.8243865536576047,-0.04252166314773363
prelude_standard_maps,"Prelude on, three-map comparison",Rad-Suits,14456,1752,12704,12.119535141117876,-0.18345323741007194,-1.0547945205479452,-0.06328715365239294,7.891943542775208,6.4288372544600305,8.065772668818367,-0.30071140646646094,-1.1720526896043342,-0.18054532270878196
prelude_standard_maps,"Prelude on, three-map comparison",Regolith Eaters,14449,3174,11275,21.966918125821856,-0.0921863104713129,0.09199747952110901,-0.14403547671840355,7.918410112133303,7.730757996764089,7.97000812311438,-0.2094444795277019,-0.025260689535280004,-0.2612936457747926
prelude_standard_maps,"Prelude on, three-map comparison",Release of Inert Gases,14711,3877,10834,26.354428658826727,-0.06566514852831215,-0.7694093371163271,0.18617315857485695,8.000359303056934,6.985866831234439,8.319296710133457,-0.18292331758470115,-0.8866675061727161,0.06891498951846793
prelude_standard_maps,"Prelude on, three-map comparison",Research,14861,14408,453,96.95175291030213,0.6001614965345535,0.5984869516935036,0.6534216335540839,7.9912391448057445,7.994081619951905,7.908854005075688,0.4829033274781645,0.4812287826371146,0.5361634644976949
prelude_standard_maps,"Prelude on, three-map comparison",Research Coordination,14635,12428,2207,84.91971301674069,0.13351554492654596,0.16993884776311555,-0.07159039420027186,8.006024410217062,8.008791988000889,7.989132711741547,0.01625737587015695,0.05268067870672653,-0.18884856325666088
prelude_standard_maps,"Prelude on, three-map comparison",Research Outpost,14655,14610,45,99.69293756397134,1.5230979187990448,1.5250513347022587,0.8888888888888888,7.874388897043102,7.880878354055833,5.390320542932076,1.4058397497426558,1.4077931656458698,0.7716307198324999
prelude_standard_maps,"Prelude on, three-map comparison",Restricted Area,14864,14596,268,98.19698600645856,1.570236813778256,1.6146204439572485,-0.8470149253731343,8.02071542850708,8.043668244963225,6.200376819508331,1.452978644721867,1.4973622749008595,-0.9642730944295232
prelude_standard_maps,"Prelude on, three-map comparison",Robotic Workforce,14576,12727,1849,87.31476399560923,0.37671514818880353,0.4489667635735051,-0.12060573282855598,7.907607371888466,7.88548901290029,8.042773399884739,0.2594569791324145,0.3317085945171161,-0.237863901884945
prelude_standard_maps,"Prelude on, three-map comparison",Rover Construction,14614,9336,5278,63.88394690023265,-0.22758998220884083,-0.5415595544130248,0.3277756726032588,7.870074414333923,7.6309765001110925,8.247623831165702,-0.34484815126522983,-0.6588177234694138,0.21051750354686977
prelude_standard_maps,"Prelude on, three-map comparison",SF Memorial,14432,7538,6894,52.23115299334812,-0.23669623059866962,-0.5352878747678429,0.08978822164200755,7.91500587324787,7.656925913973439,8.175975296120246,-0.35395439965505865,-0.6525460438242319,-0.027469947414381468
prelude_standard_maps,"Prelude on, three-map comparison",Sabotage,14615,12387,2228,84.7553882996921,0.2450906602805337,0.4230241382094131,-0.744165170556553,7.995311704690302,8.25738151892904,6.253734372357666,0.1278324912241447,0.30576596915302406,-0.8614233396129419
prelude_standard_maps,"Prelude on, three-map comparison",Satellites,14474,6600,7874,45.59900511261572,-0.1058449633826171,-0.058333333333333334,-0.14566929133858267,7.912156100489221,7.7498641440772555,8.045942617111132,-0.22310313243900612,-0.17559150238972235,-0.26292746039497167
prelude_standard_maps,"Prelude on, three-map comparison",Search For Life,14889,9932,4957,66.70696487339647,-0.23601316408086506,-0.21234393878372937,-0.2834375630421626,7.927213930335246,7.8986963195068,7.984634788175973,-0.35327133313725406,-0.3296021078401184,-0.40069573209855164
prelude_standard_maps,"Prelude on, three-map comparison",Security Fleet,14611,847,13764,5.797002258572308,-0.22708917938539458,-1.4321133412042504,-0.1529351932577739,7.962766357009199,5.201364446048149,8.096288365818724,-0.3443473484417836,-1.5493715102606394,-0.2701933623141629
prelude_standard_maps,"Prelude on, three-map comparison",Shuttles,14818,5842,8976,39.42502361992172,-0.16695910379268458,-0.26309483053748717,-0.10438948306595365,7.948605510770499,7.759179477292657,8.069317982829,-0.2842172728490736,-0.3803529995938762,-0.22164765212234266
prelude_standard_maps,"Prelude on, three-map comparison",Small Animals,14659,7475,7184,50.992564294972375,-0.007845009891534211,0.23839464882943143,-0.2640590200445434,7.994463981242125,8.167525951147551,7.80264432948881,-0.12510317894792322,0.12113647977304241,-0.38131718910093243
prelude_standard_maps,"Prelude on, three-map comparison",Soil Factory,14730,1177,13553,7.990495587236931,-0.1277664630006789,-1.3517417162276975,-0.021471260975429795,7.911930982912971,6.223199609156824,8.033259669075328,-0.24502463205706793,-1.4689998852840864,-0.1387294300318188
prelude_standard_maps,"Prelude on, three-map comparison",Solar Power,14836,5975,8861,40.27365866810461,-0.21811809112968455,-0.7315481171548117,0.12808938043110257,7.871448492636844,7.321305010760166,8.20394401209781,-0.3353762601860736,-0.8488062862112007,0.010831211374713559
prelude_standard_maps,"Prelude on, three-map comparison",Solar Wind Power,14589,13987,602,95.87360339982179,0.3235314277880595,0.3411739472367198,-0.08637873754152824,7.969862566374755,7.968163441043322,8.004939022970586,0.20627325873167046,0.22391577818033076,-0.20363690659791725
prelude_standard_maps,"Prelude on, three-map comparison",Soletta,14722,6384,8338,43.36367341393832,-0.27251732101616627,-0.5930451127819549,-0.027104821300071958,7.72858598994579,7.776917959810815,7.682807669233044,-0.3897754900725553,-0.7103032818383439,-0.14436299035646097
prelude_standard_maps,"Prelude on, three-map comparison",Space Elevator,14613,13682,931,93.62896051461028,1.042496407308561,1.0866832334454026,0.39312567132116005,7.853166811641404,7.84203369106182,7.991131913060356,0.925238238252172,0.9694250643890137,0.275867502264771
prelude_standard_maps,"Prelude on, three-map comparison",Space Hotels,14548,12259,2289,84.26587847126753,0.7414764916139676,0.941022921934905,-0.327217125382263,8.021370598036828,8.02572934403576,7.914532375037125,0.6242183225575786,0.823764752878516,-0.444475294438652
prelude_standard_maps,"Prelude on, three-map comparison",Space Mirrors,14751,2543,12208,17.239509185817912,-0.19700359297674733,-0.6873771136453009,-0.09485583224115335,7.948433413748943,6.988145092605482,8.130752153178221,-0.3142617620331363,-0.8046352827016898,-0.21211400129754238
prelude_standard_maps,"Prelude on, three-map comparison",Space Station,14588,10859,3729,74.43789415958322,-0.03591993419248698,-0.13831844552905423,0.26226870474658087,8.093997625175733,8.000680607991194,8.353758072200279,-0.15317810324887599,-0.25557661458544323,0.14501053569019184
prelude_standard_maps,"Prelude on, three-map comparison",Special Design,14841,1618,13223,10.902230307930733,-0.22282865036048785,-0.5339925834363412,-0.18475383800952885,7.828958725179865,8.07703442488324,7.797522996101694,-0.34008681941687685,-0.6512507524927301,-0.30201200706591785
prelude_standard_maps,"Prelude on, three-map comparison",Sponsors,14577,14202,375,97.42745420868492,0.4581875557384921,0.47718631178707227,-0.2613333333333333,7.9462068930432945,7.9566952910920365,7.512981516388628,0.3409293866821031,0.35992814273068324,-0.37859150238972233
prelude_standard_maps,"Prelude on, three-map comparison",Standard Technology,14536,11695,2841,80.45542102366538,-0.07677490368739681,-0.05566481402308679,-0.16367476240760295,7.96229642604192,8.03775490206993,7.644589618483673,-0.19403307274378584,-0.1729229830794758,-0.28093293146399195
prelude_standard_maps,"Prelude on, three-map comparison",Steelworks,14820,3216,11604,21.700404858299596,-0.0641025641025641,0.2842039800995025,-0.1606342640468804,7.867385135737286,8.004358019087226,7.826605874951927,-0.18136073315895312,0.16694581104311346,-0.2778924331032694
prelude_standard_maps,"Prelude on, three-map comparison",Strip Mine,14756,11794,2962,79.9268094334508,0.34399566278124155,0.35594370018653554,0.29642133693450373,7.950080946525078,7.900604381481966,8.14528955908928,0.22673749372485252,0.2386855311301465,0.1791631678781147
prelude_standard_maps,"Prelude on, three-map comparison",Subterranean Reservoir,14623,10116,4507,69.17869110305683,0.09327771319154757,-0.007611704230921313,0.31972487242067893,7.976382391142851,8.006154416550338,7.905347126817517,-0.023980455864841446,-0.12486987328731032,0.2024667033642899
prelude_standard_maps,"Prelude on, three-map comparison",Symbiotic Fungus,14737,1096,13641,7.437063174323132,-0.06914568772477438,-0.6952554744525548,-0.01884026097793417,7.99722799314799,7.184344682651862,8.05710992758024,-0.1864038567811634,-0.8125136435089437,-0.13609843003432318
prelude_standard_maps,"Prelude on, three-map comparison",Tardigrades,14619,3881,10738,26.54764347766605,-0.12387988234489364,-0.3071373357382118,-0.057645744086422056,7.986746159154715,7.979320764955596,7.988765263036864,-0.24113805140128264,-0.4243955047946008,-0.17490391314281106
prelude_standard_maps,"Prelude on, three-map comparison",Technology Demonstration,14649,13729,920,93.719707829886,0.3075977882449314,0.33651394857600697,-0.12391304347826088,8.024777153244909,8.06185705391438,7.440286326718288,0.19033961918854236,0.21925577951961794,-0.2411712125346499
prelude_standard_maps,"Prelude on, three-map comparison",Tectonic Stress Power,14780,5305,9475,35.893098782138026,-0.09479025710419486,-0.15023562676720076,-0.0637467018469657,8.000550588544458,7.645586249830341,8.19281246981246,-0.2120484261605839,-0.2674937958235898,-0.1810048709033547
prelude_standard_maps,"Prelude on, three-map comparison",Terraforming Ganymede,14651,10235,4416,69.85871271585557,0.12497440447751007,0.05451880801172448,0.2882699275362319,7.971674135539888,7.8904432718880795,8.155399414555232,0.0077162354211210565,-0.06273936104466454,0.17101175847984285
prelude_standard_maps,"Prelude on, three-map comparison",Titanium Mine,14652,14388,264,98.1981981981982,0.6344526344526344,0.637892688351404,0.44696969696969696,8.166289819814667,8.162675902132188,8.374608004164305,0.5171944653962455,0.520634519295015,0.32971152791330793
prelude_standard_maps,"Prelude on, three-map comparison",Toll Station,14804,2111,12693,14.259659551472575,-0.22851931910294515,-1.0487920416864045,-0.09209800677538801,7.959550848875388,6.678180301702022,8.14537264990987,-0.3457774881593342,-1.1660502107427935,-0.209356175831777
prelude_standard_maps,"Prelude on, three-map comparison",Towing a Comet,14636,12737,1899,87.02514348182564,-0.13849412407761683,-0.08290806312318443,-0.5113217482885729,7.97173119752858,8.097176214460971,7.0637062910398365,-0.2557522931340058,-0.20016623217957344,-0.6285799173449619
prelude_standard_maps,"Prelude on, three-map comparison",Trans-Neptune Probe,14559,11102,3457,76.25523731025483,-0.0712961055017515,-0.04990091875337777,-0.14000578536303154,8.030859881974859,8.056061758666889,7.95015281270347,-0.1885542745581405,-0.1671590878097668,-0.25726395441942057
prelude_standard_maps,"Prelude on, three-map comparison",Trees,14611,8525,6086,58.346451303812195,0.12032030661830127,0.15483870967741936,0.07196845218534341,8.068242800160299,8.167587197669672,7.927407683148812,0.0030621375619122593,0.03758054062103035,-0.045289716871045604
prelude_standard_maps,"Prelude on, three-map comparison",Tropical Resort,14590,1040,13550,7.128169979437971,-0.14928032899246058,-1.3057692307692308,-0.06051660516605166,7.961879098391137,6.524165885760676,8.05498291441707,-0.2665384980488496,-1.4230273998256198,-0.17777477422244067
prelude_standard_maps,"Prelude on, three-map comparison",Tundra Farming,14863,2294,12569,15.434299939446948,-0.26495323958823924,-0.99128160418483,-0.13238921155223168,7.879281177284552,7.057171848663094,8.01339438222913,-0.38221140864462827,-1.108539773241219,-0.24964738060862068
prelude_standard_maps,"Prelude on, three-map comparison",Underground City,14801,6770,8031,45.74015269238565,-0.21072900479697318,-0.7282127031019202,0.22550118291619972,7.9419419311296275,7.401451940122245,8.346068770983134,-0.3279871738533622,-0.8454708721583092,0.10824301385981071
prelude_standard_maps,"Prelude on, three-map comparison",Underground Detonations,14533,481,14052,3.309708938278401,-0.11580540838092616,-1.5592515592515592,-0.06639624252775406,7.915228763173045,6.345037649376303,7.959048682623403,-0.23306357743731518,-1.6765097283079482,-0.18365441158414308
prelude_standard_maps,"Prelude on, three-map comparison",Urbanized Area,14545,4198,10347,28.862151942248197,-0.17786180818150568,-0.907336827060505,0.11810186527495893,8.001885742331112,7.146063730111626,8.306133272708847,-0.2951199772378947,-1.024594996116894,0.0008436962185699171
prelude_standard_maps,"Prelude on, three-map comparison",Vesta Shipyard,14564,12754,1810,87.57209557813788,0.1505081021697336,0.09761643405990278,0.5232044198895027,8.036209026231841,7.951735670632747,8.601088975957687,0.03324993311334458,-0.019641734996486235,0.4059462508331137
prelude_standard_maps,"Prelude on, three-map comparison",Viral Enhancers,14674,14057,617,95.79528417609377,0.19388033256099224,0.24087643167105358,-0.8768233387358185,7.848934093527816,7.903589850643992,6.392294287349246,0.07662216350460323,0.12361826261466456,-0.9940815077922075
prelude_standard_maps,"Prelude on, three-map comparison",Virus,14644,10811,3833,73.82545752526632,0.11745424747336793,0.34437147349921376,-0.5225671797547613,7.931319174892362,8.286369138917117,6.79144851622819,0.00019607841697891204,0.22711330444282474,-0.6398253488111503
prelude_standard_maps,"Prelude on, three-map comparison",Water Import From Europa,14623,8777,5846,60.02188333447309,-0.17246802981604323,-0.3961490258630512,0.1633595620937393,8.00036346642526,7.859534776327713,8.196485629032061,-0.28972619887243223,-0.5134071949194402,0.046101393037350294
prelude_standard_maps,"Prelude on, three-map comparison",Water Splitting Plant,14882,1358,13524,9.125117591721542,-0.1616718183039914,-0.49705449189985274,-0.1279946761313221,7.878261189416661,7.614296767757215,7.903766762789066,-0.27892998736038044,-0.6143126609562417,-0.24525284518771112
prelude_standard_maps,"Prelude on, three-map comparison",Wave Power,14663,2762,11901,18.836527313646595,-0.05005796903771397,-0.8215061549601738,0.12898075791950256,7.984952332135043,7.401973231987113,8.104065866866069,-0.16731613809410298,-0.9387643240165627,0.011722588863113545
prelude_standard_maps,"Prelude on, three-map comparison",Windmills,14676,1521,13155,10.363859362224039,-0.031752521122921776,-0.6936226166995397,0.04477385024705435,8.07251294847196,7.26442431428771,8.157575704313969,-0.1490106901793108,-0.8108807857559287,-0.07248431880933466
prelude_standard_maps,"Prelude on, three-map comparison",Worms,14749,939,13810,6.366533324293172,-0.16577395077632381,-0.8977635782747604,-0.11600289645184649,8.00185462419767,7.330180136620325,8.04331529577201,-0.2830321198327128,-1.0150217473311494,-0.2332610655082355
prelude_standard_maps,"Prelude on, three-map comparison",Zeppelins,14620,1242,13378,8.495212038303693,-0.10554035567715458,-0.8808373590982287,-0.03356256540589027,8.066868390887372,6.26659691129303,8.210488419535343,-0.2227985247335436,-0.9980955281546177,-0.15082073446227928
competitive,Competitive pooled,AI Central,8823,8648,175,98.01654765952624,2.2789300691374814,2.3280527289546717,-0.14857142857142858,8.610297312099574,8.602152610665273,8.688126771521555,2.265321077183902,2.3144437370010924,-0.16218042052500772
competitive,Competitive pooled,Acquired Company,8987,8799,188,97.90808946255703,0.8780460665405586,0.894078872599159,0.1276595744680851,8.565236094949292,8.570524204819899,8.301451509640538,0.8644370745869795,0.8804698806455798,0.11405058251450595
competitive,Competitive pooled,Adaptation Technology,8946,3323,5623,37.145092778895595,-0.19450033534540576,-0.2705386698766175,-0.1495642895251645,8.676069575413594,8.70521627578097,8.659260063714065,-0.2081093272989849,-0.28414766183019663,-0.16317328147874366
competitive,Competitive pooled,Adapted Lichen,9008,4223,4785,46.88055062166963,-0.2926287744227353,-0.6365143263083116,0.010867293625914315,8.584293149755515,8.450500245744964,8.6902454986655,-0.30623776637631445,-0.6501233182618907,-0.0027416983276648283
competitive,Competitive pooled,Advanced Alloys,8912,8693,219,97.54263913824057,1.772890484739677,1.8037501437938572,0.547945205479452,8.662931621712858,8.646727671117361,9.221098308516854,1.7592814927860978,1.790141151840278,0.5343362135258729
competitive,Competitive pooled,Advanced Ecosystems,8926,6276,2650,70.31144969751288,-0.3108895361864217,-0.2474506054811982,-0.4611320754716981,8.629999669169704,8.781098037408517,8.260813099841155,-0.3244985281400008,-0.26105959743477736,-0.4747410674252772
competitive,Competitive pooled,Aerobraked Ammonia Asteroid,8930,1107,7823,12.396416573348263,-0.45218365061590143,-1.02710027100271,-0.37082960501086537,8.606881285776204,8.065127474884644,8.67822480097306,-0.46579264256948055,-1.040709262956289,-0.3844385969644445
competitive,Competitive pooled,Algae,8990,7213,1777,80.23359288097886,-0.07552836484983315,-0.09053098572022737,-0.014631401238041642,8.639372035313917,8.731544067065618,8.256775118114094,-0.0891373568034123,-0.10413997767380652,-0.028240393191620784
competitive,Competitive pooled,Anti-Gravity Technology,8718,7953,765,91.22505161734342,0.5716907547602661,0.7153275493524456,-0.9215686274509803,8.559549169595568,8.606428490648991,7.908118808283388,0.558081762806687,0.7017185573988665,-0.9351776194045595
competitive,Competitive pooled,Ants,8841,1116,7725,12.623006447234475,-0.37902952154733627,-1.017921146953405,-0.2867313915857605,8.521724115972292,8.286443712260839,8.551757687776535,-0.3926385135009154,-1.0315301389069842,-0.3003403835393396
competitive,Competitive pooled,Aquifer Pumping,8928,1543,7385,17.282706093189965,-0.1267921146953405,-0.12508101101749838,-0.12714962762356127,8.648730871322737,8.334248692847911,8.71355283722335,-0.14040110664891964,-0.13869000297107753,-0.14075861957714042
competitive,Competitive pooled,Archaebacteria,8975,7292,1683,81.24791086350974,0.05949860724233983,-0.042238069116840374,0.5002970885323826,8.529816526378044,8.463213098651746,8.80157637254652,0.04588961528876069,-0.05584706107041952,0.4866880965788035
competitive,Competitive pooled,Arctic Algae,8810,8562,248,97.18501702610669,0.5399545970488082,0.5352721326792805,0.7016129032258065,8.610651082533906,8.61442796094184,8.494799398526686,0.5263456050952291,0.5216631407257014,0.6880039112722274
competitive,Competitive pooled,Artificial Lake,8933,451,8482,5.048695846859958,-0.2873614687115191,-1.3813747228381374,-0.22919122848384815,8.613441411020927,8.539893773431434,8.613943913398224,-0.3009704606650982,-1.3949837147917166,-0.2428002204374273
competitive,Competitive pooled,Artificial Photosynthesis,8807,6902,1905,78.369478823663,-0.17565572839786533,-0.11895102868733701,-0.38110236220472443,8.611384674530441,8.60434088729824,8.636001681603794,-0.18926472035144448,-0.13256002064091615,-0.39471135415830355
competitive,Competitive pooled,Asteroid,8962,8093,869,90.30350368221379,-0.35639366212898904,-0.3724206104040529,-0.20713463751438435,8.644484665143242,8.69558160398528,8.156498904795217,-0.37000265408256816,-0.386029602357632,-0.2207436294679635
competitive,Competitive pooled,Asteroid Mining,8911,7661,1250,85.97239367074403,0.10380428683649422,0.06513509985641561,0.3408,8.587183968635294,8.605303009983176,8.474840039254591,0.09019529488291507,0.05152610790283646,0.3271910080464209
competitive,Competitive pooled,Asteroid Mining Consortium,8895,7859,1036,88.3530073074761,0.9948285553681844,1.1665606311235526,-0.3079150579150579,8.735318964082914,8.739630237775152,8.595627193901908,0.9812195634146053,1.1529516391699735,-0.32152404986863703
competitive,Competitive pooled,Beam From a Thorium Asteroid,8917,4629,4288,51.91207805315689,-0.0224290680722216,-0.21840570317563188,0.18913246268656717,8.6453185984254,8.504869110178236,8.79050972632435,-0.03603806002580075,-0.23201469512921102,0.17552347073298802
competitive,Competitive pooled,Big Asteroid,9002,8423,579,93.56809597867141,0.23561430793157076,0.2448058886382524,0.10189982728842832,8.596093229123678,8.622296968762374,8.211413686053826,0.2220053159779916,0.23119689668467325,0.08829083533484917
competitive,Competitive pooled,Biomass Combustors,8774,2283,6491,26.02005926601322,-0.508206063369045,-0.533508541392904,-0.4993067323987059,8.568182955913908,8.695858831785483,8.52348108895053,-0.5218150553226241,-0.5471175333464832,-0.512915724352285
competitive,Competitive pooled,Birds,8872,5733,3139,64.6190261496844,0.012623985572587917,0.08791208791208792,-0.12488053520229372,8.604530335622846,8.779612361310722,8.274817758265435,-0.0009850063809912265,0.07430309595850877,-0.13848952715587287
competitive,Competitive pooled,Black Polar Dust,8931,2564,6367,28.708991154406,-0.274661292128541,-0.7800312012480499,-0.07114810742893042,8.611792065605902,8.540827965263636,8.632519032269597,-0.28827028408212013,-0.793640193201629,-0.08475709938250957
competitive,Competitive pooled,Breathing Filters,8847,1070,7777,12.094495309144342,-0.3282468633435063,-0.6588785046728972,-0.28275684711328275,8.663821903923996,8.576759046843968,8.675292609695491,-0.3418558552970854,-0.6724874966264763,-0.29636583906686187
competitive,Competitive pooled,Bribed Committee,8982,6838,2144,76.13003785348475,0.13649521264751727,0.2570927171687628,-0.24813432835820895,8.546581473262325,8.579272951859584,8.431934733451728,0.12288622069393812,0.24348372521518366,-0.2617433203117881
competitive,Competitive pooled,Building Industries,8820,7715,1105,87.47165532879819,0.4087301587301587,0.4127025275437459,0.38099547511312215,8.63871837958843,8.659071078707637,8.49907288768373,0.3951211667765796,0.3990935355901668,0.36738648315954303
competitive,Competitive pooled,Bushes,8979,6713,2266,74.76333667446264,-0.23076066377102128,-0.33263816475495306,0.07105030891438659,8.663069361512816,8.77049973041282,8.331264049492644,-0.24436965572460043,-0.3462471567085322,0.05744131696080744
competitive,Competitive pooled,Business Contacts,8905,8400,505,94.32902863559798,0.2872543514879281,0.3171428571428571,-0.2099009900990099,8.590326598574775,8.621798693961795,8.040540939594095,0.273645359534349,0.303533865189278,-0.22350998205258904
competitive,Competitive pooled,Business Network,8788,8305,483,94.50386891215294,0.22234865725989986,0.2190246839253462,0.2795031055900621,8.78992156663368,8.792133584611072,8.760680154247833,0.2087396653063207,0.20541569197176704,0.26589411363648296
competitive,Competitive pooled,CEO's Favourite Project,8849,851,7998,9.6169058650695,-0.3030850943609447,-0.36662749706227965,-0.29632408102025504,8.671594767204839,8.615281376779189,8.67807322215399,-0.31669408631452384,-0.38023648901585877,-0.30993307297383416
competitive,Competitive pooled,Callisto Penal Mines,8875,4629,4246,52.15774647887324,-0.39154929577464787,-0.6055303521278894,-0.15826660386245878,8.674415102574976,8.657330595436129,8.688018160798052,-0.405158287728227,-0.6191393440814685,-0.17187559581603792
competitive,Competitive pooled,Capital,8940,2343,6597,26.20805369127517,-0.36823266219239376,-0.9368331199317115,-0.1662877065332727,8.495609824687595,8.149663546877607,8.606700028637528,-0.3818416541459729,-0.9504421118852906,-0.17989669848685186
competitive,Competitive pooled,Carbonate Processing,8800,4131,4669,46.94318181818182,-0.3231818181818182,-0.7956911159525538,0.09488113086313986,8.468166195897567,8.425568766079136,8.484662401705458,-0.3367908101353973,-0.8093001079061329,0.08127213890956071
competitive,Competitive pooled,Caretaker Contract,8985,59,8926,0.6566499721758486,-0.46188091263216474,-3.7796610169491527,-0.43995070580327134,8.495528092759379,6.2424238125525475,8.504388806513946,-0.47548990458574386,-3.793270008902732,-0.45355969775685046
competitive,Competitive pooled,Cartel,8795,6708,2087,76.27060830017055,0.5271176805002843,0.6678592725104353,0.07474844274077623,8.605155528170206,8.603330398196547,8.597485062352764,0.5135086885467052,0.6542502805568562,0.06113945078719708
competitive,Competitive pooled,Cloud Seeding,8973,1349,7624,15.033990861473308,-0.31639362532040566,-1.1571534469977762,-0.16762854144805875,8.56148436575091,8.316739914834796,8.596038389680183,-0.3300026172739848,-1.1707624389513553,-0.1812375334016379
competitive,Competitive pooled,Colonizer Training Camp,9002,5820,3182,64.65229948900244,-0.49177960453232616,-0.5809278350515464,-0.3287240729101194,8.590253516083502,8.43988357829699,8.857709849183118,-0.5053885964859053,-0.5945368270051256,-0.3423330648636985
competitive,Competitive pooled,Comet,8850,8184,666,92.47457627118644,0.10666666666666667,0.09665200391006842,0.22972972972972974,8.650202523153196,8.68310868424724,8.24036017821392,0.09305767471308753,0.08304301195648928,0.2161207377761506
competitive,Competitive pooled,Commercial District,8891,5806,3085,65.30199077719041,0.06590934653019907,0.014467791939373063,0.1627228525121556,8.569935790389481,8.562832417010439,8.583841354666792,0.052300354576619926,0.0008587999857939191,0.14911386055857645
competitive,Competitive pooled,Convoy From Europa,8908,7803,1105,87.59541984732824,-0.03715761113605748,-0.05869537357426631,0.11493212669683257,8.611904137542643,8.627640771116386,8.502259057215618,-0.050766603089636625,-0.07230436552784546,0.10132313474325343
competitive,Competitive pooled,Corporate Stronghold,8840,4383,4457,49.581447963800905,0.058936651583710406,0.19324663472507414,-0.07314336997980704,8.62998017123528,8.533758774302207,8.722509460497134,0.04532765963013126,0.179637642771495,-0.08675236193338619
competitive,Competitive pooled,Cupola City,8804,7570,1234,85.98364379827352,-0.09450249886415266,-0.1392338177014531,0.17990275526742303,8.672119360330091,8.66443496645359,8.71761468693999,-0.1081114908177318,-0.15284280965503225,0.16629376331384388
competitive,Competitive pooled,Decomposers,8899,6909,1990,77.63793684683672,-0.30171929430273065,-0.3093067014039658,-0.27537688442211056,8.582096522728065,8.701226973052751,8.15705234751925,-0.31532828625630976,-0.32291569335754494,-0.2889858763756897
competitive,Competitive pooled,Deep Well Heating,8963,5610,3353,62.590650451857634,-0.008144594443824612,-0.10124777183600712,0.14762898896510587,8.514414084613401,8.420853095186006,8.667724739689518,-0.021753586397403754,-0.11485676378958627,0.13401999701152673
competitive,Competitive pooled,Deimos Down,8935,8496,439,95.08673754896475,0.6876329043088976,0.7213983050847458,0.03416856492027335,8.539634765303106,8.587530482432888,7.532045310272363,0.6740239123553184,0.7077893131311667,0.020559572966694206
competitive,Competitive pooled,Designed Microorganisms,8930,7095,1835,79.45128779395297,0.3538633818589026,0.29513742071881605,0.5809264305177112,8.529407285036756,8.505077193424778,8.621406128594694,0.3402543899053235,0.2815284287652369,0.5673174385641321
competitive,Competitive pooled,Development Center,8851,8545,306,96.54276352954469,1.2444921477799118,1.2965476887068461,-0.20915032679738563,8.688799979506081,8.714619132747048,7.807649544314599,1.2308831558263327,1.282938696753267,-0.22275931875096477
competitive,Competitive pooled,Domed Crater,8865,7288,1577,82.21094190637338,-0.16412859560067683,-0.3048847420417124,0.48636651870640457,8.610322708267155,8.517602162814216,9.000703472230404,-0.17773758755425598,-0.3184937339952915,0.47275752675282545
competitive,Competitive pooled,Dust Seals,8943,1161,7782,12.982220731298222,-0.3855529464385553,-0.8906115417743324,-0.31020303263942434,8.570223906275693,8.280279213277302,8.610621669569607,-0.39916193839213443,-0.9042205337279116,-0.32381202459300346
competitive,Competitive pooled,Earth Catapult,8739,8701,38,99.565167639318,2.7408170271198076,2.740604528215148,2.789473684210526,8.541391087149814,8.534686120457712,10.091896387125562,2.7272080351662282,2.7269955362615685,2.7758646922569468
competitive,Competitive pooled,Earth Office,8754,8603,151,98.27507425177062,0.8345899017591958,0.8635359758223875,-0.8145695364238411,8.656160144098381,8.658977297820893,8.357355222405339,0.8209809098056167,0.8499269838688084,-0.8281785283774202
competitive,Competitive pooled,Ecological Zone,9102,8295,807,91.13381674357284,-0.12315974511096463,-0.08595539481615432,-0.5055762081784386,8.585134311253519,8.677929021971805,7.5598295918555465,-0.13676873706454376,-0.09956438676973346,-0.5191852001320177
competitive,Competitive pooled,Electro Catapult,8869,8375,494,94.43003720825347,0.871687901680009,0.9105671641791044,0.2125506072874494,8.492242080638635,8.50455430053362,8.261286113429362,0.8580789097264299,0.8969581722255253,0.19894161533387025
competitive,Competitive pooled,Energy Saving,9078,265,8813,2.9191451861643536,-0.30491297642652565,-1.1622641509433962,-0.27913309883127196,8.605372759540607,7.734716758812238,8.629269437926254,-0.31852196838010477,-1.1758731428969753,-0.2927420907848511
competitive,Competitive pooled,Energy Tapping,8915,7412,1503,83.1407739764442,0.33965227145260796,0.46735024284943333,-0.29008649367930806,8.51502606801512,8.628896005688652,7.902178326012964,0.32604327949902884,0.4537412508958542,-0.3036954856328872
competitive,Competitive pooled,Eos Chasma National Park,8928,2495,6433,27.94578853046595,-0.16722670250896057,-0.7046092184368737,0.04119384424063423,8.571416195391397,8.592841638446002,8.554679297203194,-0.18083569446253972,-0.7182182103904529,0.027584852287055085
competitive,Competitive pooled,Equatorial Magnetizer,8782,236,8546,2.6873149624231383,-0.48474151673878385,-1.3177966101694916,-0.4617364849052188,8.440062161148461,8.008284342050885,8.450952960972739,-0.49835050869236297,-1.3314056021230707,-0.4753454768587979
competitive,Competitive pooled,Extreme-Cold Fungus,8914,2288,6626,25.667489342607134,-0.24018398025577742,-0.521416083916084,-0.14307274373679443,8.604638471186451,8.29677319155875,8.70692083899029,-0.25379297220935654,-0.5350250758696631,-0.15668173569037358
competitive,Competitive pooled,Farming,8879,3111,5768,35.03772947403987,-0.42865187521117243,-0.4879459980713597,-0.39667128987517336,8.503358936149745,8.563012098422258,8.471582829599576,-0.44226086716475155,-0.5015549900249389,-0.4102802818287525
competitive,Competitive pooled,Fish,8964,4984,3980,55.60017849174476,-0.26561802766622045,-0.3342696629213483,-0.17964824120603015,8.55219755089141,8.648243436544957,8.430675440967754,-0.27922701961979957,-0.3478786548749274,-0.1932572331596093
competitive,Competitive pooled,Flooding,8931,6937,1994,77.67327286977942,-0.0987571380584481,-0.06386045841141703,-0.220160481444333,8.681336871547703,8.78695614539934,8.304429371695937,-0.11236613001202725,-0.07746945036499618,-0.23376947339791215
competitive,Competitive pooled,Food Factory,8851,879,7972,9.931081233758897,-0.40334425488645353,-0.9283276450511946,-0.34545910687405923,8.59603154404525,7.845931336941911,8.67327902903523,-0.41695324684003265,-0.9419366370047737,-0.35906809882763835
competitive,Competitive pooled,Fuel Factory,8921,7481,1440,83.85831184844749,0.2989575159735456,0.3786926881432964,-0.11527777777777778,8.589907522490785,8.579996039277798,8.632359240210194,0.28534852401996647,0.36508369618971726,-0.12888676973135693
competitive,Competitive pooled,Fueled Generators,8936,5648,3288,63.205013428827215,-0.30282005371530885,-0.4004957507082153,-0.13503649635036497,8.623756369208332,8.768313109641975,8.36827355980026,-0.31642904566888796,-0.4141047426617944,-0.1486454883039441
competitive,Competitive pooled,Fusion Power,8797,3646,5151,41.445947482096166,-0.33545526884165056,-0.6215030170049369,-0.13298388662395652,8.620920330081557,8.412735693907567,8.760457340963832,-0.3490642607952297,-0.635112008958516,-0.14659287857753567
competitive,Competitive pooled,GHG Factories,9008,5545,3463,61.55639431616341,-0.25344138543516875,-0.520649233543733,0.17441524689575513,8.54419471839961,8.617847491903973,8.408488139235189,-0.2670503773887479,-0.5342582254973122,0.16080625494217599
competitive,Competitive pooled,GHG Producing Bacteria,8856,2679,6177,30.25067750677507,-0.20833333333333334,-0.2937663307204181,-0.17128055690464628,8.592911507525935,8.580284770506656,8.598812135275328,-0.2219423252869125,-0.3073753226739972,-0.18488954885822542
competitive,Competitive pooled,Ganymede Colony,9009,5986,3023,66.44466644466644,-0.27494727494727494,-0.38539926495155363,-0.05623552762156798,8.64183946779888,8.666318519089401,8.590400656635886,-0.28855626690085406,-0.39900825690513275,-0.06984451957514712
competitive,Competitive pooled,Gene Repair,8826,5322,3504,60.29911624745071,-0.1728982551552232,-0.130402104472003,-0.2374429223744292,8.595658415686678,8.621371121735733,8.557282049482122,-0.18650724710880234,-0.14401109642558216,-0.25105191432800833
competitive,Competitive pooled,Geothermal Power,8883,7047,1836,79.33130699088146,-0.017449060002251493,-0.052220803178657585,0.11601307189542484,8.565812712245563,8.610857159403276,8.391649190673938,-0.031058051955830637,-0.06582979513223673,0.1024040799418457
competitive,Competitive pooled,Giant Ice Asteroid,8899,8507,392,95.59501067535678,0.8449263962242949,0.8966733278476549,-0.2780612244897959,8.515095730309499,8.56077549121307,7.375686075250285,0.8313174042707158,0.8830643358940757,-0.29167021644337504
competitive,Competitive pooled,Giant Space Mirror,9133,5834,3299,63.87824373152305,0.20234315120989818,0.21014741172437434,0.18854198241891482,8.553316782031434,8.46874184417733,8.702145007992339,0.18873415925631903,0.1965384197707952,0.17493299046533567
competitive,Competitive pooled,Grass,8964,5585,3379,62.30477465417224,-0.1757028112449799,-0.2961504028648165,0.02337969813554306,8.534055842523932,8.531588103323289,8.53566947264909,-0.18931180319855906,-0.3097593948183956,0.009770706181963917
competitive,Competitive pooled,Great Dam,8900,2028,6872,22.786516853932586,-0.5340449438202247,-1.2692307692307692,-0.31708381839348077,8.587320326383038,8.24211213416596,8.675257311079381,-0.5476539357738038,-1.2828397611843483,-0.3306928103470599
competitive,Competitive pooled,Great Escarpment Consortium,8892,6258,2634,70.3778677462888,0.26653171390013497,0.5218919782678172,-0.340167046317388,8.592358621644244,8.533377020948326,8.702519385126337,0.25292272194655585,0.5082829863142381,-0.3537760382709671
competitive,Competitive pooled,Greenhouses,8665,6090,2575,70.28274668205424,-0.16583958453548758,-0.2070607553366174,-0.0683495145631068,8.60990732904829,8.625565322751536,8.573643918484267,-0.17944857648906673,-0.22066974729019656,-0.08195850651668594
competitive,Competitive pooled,Hackers,8903,5273,3630,59.227226777490735,0.3758283724587218,0.7272899677602883,-0.1347107438016529,8.54601825551306,8.621705710893746,8.409915653700967,0.3622193805051427,0.7136809758067092,-0.14831973575523205
competitive,Competitive pooled,Heat Trappers,8662,6375,2287,73.59732163472638,0.006349572846917571,0.037333333333333336,-0.080017490161784,8.715046972519923,8.935682697439702,8.069480561667339,-0.007259419106661572,0.023724341379754193,-0.09362648211536315
competitive,Competitive pooled,Heather,8808,5335,3473,60.56993642143506,-0.36682561307901906,-0.6687910028116214,0.09703426432479124,8.60015887350341,8.683750795487757,8.450388891824847,-0.3804346050325982,-0.6823999947652005,0.0834252723712121
competitive,Competitive pooled,Herbivores,8877,5084,3793,57.271600766024555,-0.32105441027374115,-0.32002360346184106,-0.3224360664381756,8.619001005818282,8.805238742523702,8.364025662780096,-0.3346634022273203,-0.3336325954154202,-0.3360450583917547
competitive,Competitive pooled,Hired Raiders,8921,8461,460,94.84362739603183,-0.13854948996749245,-0.09407871409998818,-0.9565217391304348,8.484110397742137,8.546653454142046,7.1970598019298615,-0.1521584819210716,-0.10768770605356733,-0.9701307310840139
competitive,Competitive pooled,House Printing,8748,5688,3060,65.02057613168725,-0.187814357567444,-0.24472573839662448,-0.08202614379084967,8.593578797485366,8.528681652009347,8.713342142778854,-0.20142334952102314,-0.2583347303502036,-0.09563513574442882
competitive,Competitive pooled,Ice Asteroid,8949,8348,601,93.2841658285842,0.24930159794390436,0.24065644465740296,0.36938435940099834,8.501826095195604,8.52893454519268,8.121781072340085,0.2356926059903252,0.22704745270382382,0.3557753674474192
competitive,Competitive pooled,Ice cap Melting,8704,557,8147,6.399356617647059,-0.3446691176470588,-0.5439856373429084,-0.3310421013870136,8.69828237964777,9.14119582245898,8.667594880535267,-0.35827810960063794,-0.5575946292964875,-0.34465109334059274
competitive,Competitive pooled,Immigrant City,8896,6385,2511,71.7738309352518,-0.8408273381294964,-1.2805011746280344,0.27718040621266427,8.547960856019508,8.37762623316828,8.870585315499321,-0.8544363300830755,-1.2941101665816135,0.26357141425908515
competitive,Competitive pooled,Immigration Shuttles,9057,4237,4820,46.781494976261456,-0.06790327923153362,-0.0009440641963653528,-0.12676348547717842,8.668838884809512,8.480606051174524,8.831450095696237,-0.08151227118511277,-0.014553056149944496,-0.14037247743075756
competitive,Competitive pooled,Import of Advanced GHG,8899,5912,2987,66.43443083492527,-0.2631756377121025,-0.37584573748308525,-0.040174087713424844,8.572379306220055,8.54758561760323,8.618333919094583,-0.2767846296656816,-0.38945472943666437,-0.05378307966700399
competitive,Competitive pooled,Imported GHG,8914,5654,3260,63.428315010096476,-0.12239174332510658,-0.2877608772550407,0.16441717791411042,8.553862910720069,8.475298005817022,8.682279647009024,-0.13600073527868572,-0.3013698692086198,0.15080818596053128
competitive,Competitive pooled,Imported Hydrogen,9018,8488,530,94.1228653803504,-0.05378132623641606,-0.051248821866163995,-0.09433962264150944,8.57216245620924,8.616645397992805,7.832760803995279,-0.0673903181899952,-0.06485781381974313,-0.10794861459508859
competitive,Competitive pooled,Imported Nitrogen,8908,6599,2309,74.07947911989223,-0.35215536596317915,-0.3192908016366116,-0.4460805543525336,8.605889408099069,8.757989071682713,8.156679993851933,-0.36576435791675826,-0.33289979359019073,-0.4596895463061127
competitive,Competitive pooled,Indentured Workers,8860,7427,1433,83.82618510158014,-0.11794582392776523,-0.0010771509357748754,-0.7236566643405443,8.668557713583496,8.815614218590158,7.83740886268676,-0.13155481588134438,-0.014686142889354019,-0.7372656562941234
competitive,Competitive pooled,Industrial Center,8883,7005,1878,78.85849375211077,-0.1713385117640437,-0.22740899357601713,0.03780617678381257,8.645780383523183,8.626099094615403,8.717929759229909,-0.18494750371762284,-0.24101798552959627,0.024197184830233424
competitive,Competitive pooled,Industrial Microbes,8949,8024,925,89.66364956978434,0.40809028941781206,0.41612662013958124,0.33837837837837836,8.605427422280878,8.553324557683734,9.049352872486928,0.39448129746423294,0.4025176281860021,0.32476938642479924
competitive,Competitive pooled,Insects,8915,7923,992,88.87268648345486,-0.0923163208076276,-0.049981067777357065,-0.43044354838709675,8.561245936182672,8.65009020341904,7.811296162254299,-0.10592531276120674,-0.0635900597309362,-0.44405254034067587
competitive,Competitive pooled,Insulation,8868,282,8586,3.1799729364005414,-0.3844158773116825,-0.8049645390070922,-0.3706033077102259,8.698478639973677,7.607421233763747,8.732047830920038,-0.3980248692652616,-0.8185735309606713,-0.38421229966380505
competitive,Competitive pooled,Interstellar Colony Ship,8720,3399,5321,38.97935779816514,-0.42408256880733947,-0.00176522506619594,-0.69385453862056,8.6287616327676,8.622895276948732,8.622495158161657,-0.4376915607609186,-0.015374217019775083,-0.7074635305741391
competitive,Competitive pooled,Invention Contest,9015,8626,389,95.68496949528563,0.21763727121464227,0.21725017389288198,0.2262210796915167,8.642153668010561,8.661672182996517,8.208006611755785,0.20402827926106312,0.20364118193930283,0.21261208773793755
competitive,Competitive pooled,Inventors' Guild,8859,8585,274,96.90710012416751,0.5787334913647139,0.6335468841001747,-1.1386861313868613,8.612541285564268,8.629996145360654,7.869524359962385,0.5651244994111347,0.6199378921465956,-1.1522951233404404
competitive,Competitive pooled,Investment Loan,8865,7265,1600,81.95149464184998,-0.07648054145516074,0.0565726083964212,-0.680625,8.602063930098492,8.714036766309027,8.049091068329789,-0.09008953340873989,0.04296361644284205,-0.6942339919535792
competitive,Competitive pooled,Io Mining Industries,8946,7659,1287,85.61368209255534,0.5150905432595574,0.4175479827653741,1.0955710955710956,8.648728167365768,8.658027293149457,8.573587998190126,0.5014815513059783,0.40393899081179496,1.0819621036175164
competitive,Competitive pooled,Ironworks,8905,1270,7635,14.261650758001123,-0.3458731049971926,-0.13543307086614173,-0.3808775376555337,8.597171375777549,8.617001973978631,8.593933863838224,-0.3594820969507717,-0.14904206281972088,-0.39448652960911285
competitive,Competitive pooled,Kelp Farming,8973,8154,819,90.87261785356068,0.843084809985512,0.9410105469708119,-0.13186813186813187,8.56462323882183,8.637490030862596,7.739632093389501,0.8294758180319329,0.9274015550172328,-0.14547712382171102
competitive,Competitive pooled,Lagrange Observatory,8944,7639,1305,85.40921288014312,-0.1485912343470483,-0.08260243487367457,-0.5348659003831417,8.656150490996117,8.699703969522064,8.389513959682223,-0.16220022630062744,-0.09621142682725371,-0.5484748923367209
competitive,Competitive pooled,Lake Marineris,8939,2782,6157,31.122049446246784,-0.38885781407316256,-0.46153846153846156,-0.35601754101023225,8.538294675874162,8.836469993570942,8.400621221015593,-0.4024668060267417,-0.4751474534920407,-0.36962653296381137
competitive,Competitive pooled,Land Claim,8805,1093,7712,12.413401476433844,-0.24088586030664394,-0.4830741079597438,-0.20656120331950206,8.605005788069462,8.617478239052707,8.603244435119535,-0.25449485226022306,-0.49668309991332293,-0.2201701952730812
competitive,Competitive pooled,Large Convoy,8926,8107,819,90.8245574725521,0.14552991261483308,0.18502528678919453,-0.2454212454212454,8.626530354346137,8.682650016491756,8.044472226961501,0.13192092066125394,0.17141629483561538,-0.25903023737482456
competitive,Competitive pooled,Lava Flows,9106,7466,1640,81.98989677135954,0.20876345266857016,0.20988481114385213,0.20365853658536584,8.563797090804005,8.536200918560187,8.690950952671006,0.195154460714991,0.19627581919027298,0.1900495446317867
competitive,Competitive pooled,Lava Tube Settlement,8760,4775,3985,54.509132420091326,-0.49965753424657533,-0.9112041884816754,-0.006524466750313676,8.609913379335346,8.5386127407092,8.66995560031375,-0.5132665262001544,-0.9248131804352545,-0.02013345870389282
competitive,Competitive pooled,Lichen,8845,6001,2844,67.84624081401923,-0.2916902204635387,-0.46308948508581904,0.069971870604782,8.655601078792168,8.716345510217632,8.516212747639027,-0.3052992124171178,-0.47669847703939816,0.05636287865120285
competitive,Competitive pooled,Lightning Harvest,8856,2287,6569,25.824299909665765,-0.247289972899729,-0.540445999125492,-0.14522758410717004,8.595288684683549,8.266133479785738,8.70526193727585,-0.26089896485330816,-0.5540549910790711,-0.1588365760607492
competitive,Competitive pooled,Livestock,8972,1787,7185,19.917521176995095,-0.4400356665180562,-1.1007274762171237,-0.2757132915796799,8.724346851069788,8.635257717188443,8.739205973228257,-0.4536446584716353,-1.1143364681707029,-0.289322283533259
competitive,Competitive pooled,Local Heat Trapping,8816,1999,6817,22.674682395644282,-0.26939655172413796,-0.40520260130065033,-0.22957312600850815,8.4924522439108,8.55254576050071,8.474967610919355,-0.2830055436777171,-0.41881159325422945,-0.2431821179620873
competitive,Competitive pooled,Lunar Beam,8781,4717,4064,53.71825532399499,-0.28060585354743195,-0.5813016747933009,0.06840551181102363,8.637700033298557,8.699512904087666,8.553216643834434,-0.29421484550101107,-0.59491066674688,0.05479651985744448
competitive,Competitive pooled,Magnetic Field Dome,8790,257,8533,2.923777019340159,-0.32957906712172924,-1.1361867704280155,-0.3052853627094808,8.639241936942598,7.329369820453906,8.674829351589626,-0.34318805907530836,-1.1497957623815946,-0.31889435466305993
competitive,Competitive pooled,Magnetic Field Generators,9029,338,8691,3.7434931886144645,-0.3035773618340902,-0.8165680473372781,-0.2836267403060637,8.48174885444934,7.971504744401435,8.500780848755412,-0.3171863537876693,-0.8301770392908572,-0.29723573225964284
competitive,Competitive pooled,Mangrove,8917,4316,4601,48.40192889985421,-0.2526634518335763,-0.05004633920296571,-0.44272984133883936,8.591181883249758,8.827603263181233,8.359830965021814,-0.2662724437871554,-0.06365533115654486,-0.4563388332924185
competitive,Competitive pooled,Mars University,9144,9048,96,98.9501312335958,0.8730314960629921,0.8911361626878869,-0.8333333333333334,8.628968894681448,8.635193752420518,7.876235631270706,0.859422504109413,0.8775271707343077,-0.8469423252869125
competitive,Competitive pooled,Martian Rails,8873,473,8400,5.330778767046095,-0.36988617153161274,-0.6701902748414377,-0.3529761904761905,8.666382204894193,7.41684833056697,8.731501975755256,-0.38349516348519186,-0.6837992667950168,-0.3665851824297696
competitive,Competitive pooled,Martian Survey,8908,6441,2467,72.30579254602604,-0.16737763807813202,-0.21735755317497282,-0.03688690717470612,8.71101760814159,8.655103863742303,8.85577975525473,-0.18098663003171117,-0.23096654512855197,-0.05049589912828527
competitive,Competitive pooled,Mass Converter,8919,8287,632,92.91400381208656,0.7524386141944164,0.8454205381923494,-0.46677215189873417,8.644257476111802,8.677342964338846,8.106394554341987,0.7388296222408373,0.8318115462387703,-0.4803811438523133
competitive,Competitive pooled,Media Archives,8930,3293,5637,36.87569988801792,-0.18499440089585667,-0.006377163680534467,-0.289338300514458,8.552921622316628,8.477489062323306,8.59571304130186,-0.19860339284943582,-0.01998615563411361,-0.30294729246803714
competitive,Competitive pooled,Media Group,8830,8735,95,98.92412231030578,1.196489241223103,1.2180881511161992,-0.7894736842105263,8.571540009085991,8.575487764009189,7.995869594428653,1.1828802492695238,1.20447915916262,-0.8030826761641054
competitive,Competitive pooled,Medical Lab,8846,7277,1569,82.2631697942573,0.01706986208455799,0.05331867527827401,-0.15105162523900573,8.610367647721155,8.615075835964948,8.589237479995928,0.003460870130978847,0.039709683324694864,-0.16466061719258487
competitive,Competitive pooled,Methane From Titan,8907,6197,2710,69.57449197260581,0.05748287863478163,-0.02598031305470389,0.24833948339483394,8.635380254298488,8.658248707785052,8.581399002066023,0.043873886681202484,-0.03958930500828303,0.2347304914412548
competitive,Competitive pooled,Micro-Mills,8951,1067,7884,11.920455814992739,-0.333035415037426,-1.1537019681349578,-0.2219685438863521,8.48837668267695,7.983143173696159,8.548891224635248,-0.3466444069910051,-1.167310960088537,-0.23557753583993124
competitive,Competitive pooled,Mine,9012,8835,177,98.03595206391478,0.6222814025743453,0.6288624787775892,0.2937853107344633,8.708259644013964,8.71725276789221,8.263667454257565,0.6086724106207662,0.61525348682401,0.28017631878088417
competitive,Competitive pooled,Mineral Deposit,8885,8250,635,92.85312324141812,-0.02960045019696117,0.02509090909090909,-0.7401574803149606,8.690920800126678,8.687401376807541,8.712198741719794,-0.04320944215054032,0.011481917137329947,-0.7537664722685398
competitive,Competitive pooled,Mining Area,8923,8780,143,98.39739997758602,1.1370615263924688,1.1592255125284738,-0.22377622377622378,8.459453868728295,8.463609865884417,8.113125845925545,1.1234525344388897,1.1456165205748947,-0.23738521572980292
competitive,Competitive pooled,Mining Expedition,8953,2217,6736,24.762649391265498,-0.3806545292080867,-0.9905277401894452,-0.17992874109263657,8.650540498259414,8.357393694769861,8.736172031376832,-0.3942635211616658,-1.0041367321430243,-0.19353773304621572
competitive,Competitive pooled,Mining Rights,9107,9082,25,99.72548588997475,1.1707477764357088,1.17022682228584,1.36,8.531446508700594,8.533311326501254,7.983733462484828,1.1571387844821297,1.156617830332261,1.346391008046421
competitive,Competitive pooled,Miranda Resort,9008,6469,2539,71.8139431616341,0.09402753108348134,0.24362343484309784,-0.28712091374556914,8.708262499430319,8.746781804744497,8.599294619254017,0.0804185391299022,0.2300144428895187,-0.30072990569914826
competitive,Competitive pooled,Mohole Area,8971,7443,1528,82.9673392041021,0.5673837922193735,0.5762461373102243,0.5242146596858639,8.541328580725867,8.56010477470774,8.451917397833347,0.5537748002657944,0.5626371453566452,0.5106056677322848
competitive,Competitive pooled,Moss,9006,5958,3048,66.15589606928714,-0.354763491005996,-0.4946290701577711,-0.08136482939632546,8.63408486779587,8.74079124650326,8.416305878164382,-0.36837248295957514,-0.5082380621113503,-0.0949738213499046
competitive,Competitive pooled,Natural Preserve,8920,8832,88,99.01345291479821,0.9169282511210762,0.9338768115942029,-0.7840909090909091,8.679822893718333,8.692532195035142,7.130070470281536,0.9033192591674971,0.9202678196406238,-0.7976999010444882
competitive,Competitive pooled,Nitrite Reducing Bacteria,8830,1832,6998,20.74745186862967,-0.29762174405436015,-0.712882096069869,-0.18891111746213204,8.649816666043854,8.341200669490075,8.726124121029105,-0.31123073600793927,-0.7264910880234481,-0.2025201094157112
competitive,Competitive pooled,Nitrogen-Rich Asteroid,8761,8306,455,94.80652893505308,0.6904462960849218,0.7418733445701903,-0.24835164835164836,8.565757531900937,8.60507233506627,7.762291129332344,0.6768373041313427,0.7282643526166112,-0.2619606403052275
competitive,Competitive pooled,Nitrophilic Moss,8795,6571,2224,74.71290505969301,-0.01137009664582149,-0.08065743418049003,0.19334532374100719,8.635183456954849,8.696149811635351,8.451094031735742,-0.024979088599400633,-0.09426642613406917,0.17973633178742804
competitive,Competitive pooled,Noctis City,9026,7414,1612,82.14048304896964,-0.2117216928872147,-0.3819800377663879,0.5713399503722084,8.60304912670167,8.57444709174007,8.693226595697281,-0.22533068484079385,-0.395589029719967,0.5577309584186293
competitive,Competitive pooled,Noctis Farming,8867,5571,3296,62.82846509529717,-0.28228262095409945,-0.4203913121522168,-0.048847087378640776,8.524433418275454,8.581988607801897,8.422405547740002,-0.29589161290767857,-0.43400030410579593,-0.062456079332219916
competitive,Competitive pooled,Nuclear Power,8785,3911,4874,44.51906659077974,-0.35856573705179284,-0.5019176681155715,-0.24353713582273287,8.560127777091994,8.510558142811265,8.598840727393117,-0.37217472900537196,-0.5155266600691506,-0.257146127776312
competitive,Competitive pooled,Nuclear Zone,9042,8784,258,97.14664897146649,1.2416500774165007,1.2621812386156648,0.5426356589147286,8.573894591360391,8.586780631739114,8.107745014061713,1.2280410854629216,1.2485722466620857,0.5290266669611495
competitive,Competitive pooled,Olympus Conference,8762,8646,116,98.6761013467245,0.8587080575211139,0.8805227851029378,-0.7672413793103449,8.667829760177707,8.668828770608902,8.472315795137344,0.8450990655675348,0.8669137931493587,-0.780850371263924
competitive,Competitive pooled,Open City,8844,1893,6951,21.404341926729987,-0.46087743102668477,-0.36555731642894873,-0.4868364264134657,8.588283793757817,8.713038343541287,8.554443042077391,-0.4744864229802639,-0.37916630838252785,-0.5004454183670448
competitive,Competitive pooled,Optimal Aerobraking,8769,8577,192,97.81046869654465,0.6207093169118486,0.6190975865687304,0.6927083333333334,8.49163982913124,8.494391475887468,8.38936929893165,0.6071003249582695,0.6054885946151513,0.6790993413797543
competitive,Competitive pooled,Ore Processor,8889,1552,7337,17.45978175272809,-0.3325458431769603,-0.8073453608247423,-0.23211121711871338,8.565158963770548,8.379051749978125,8.60121370075899,-0.3461548351305394,-0.8209543527783214,-0.24572020907229253
competitive,Competitive pooled,Permafrost extraction,8857,1234,7623,13.932482781980355,-0.36524782657784804,-1.0478119935170178,-0.2547553456644366,8.610429796115172,8.742332016892213,8.584365041114445,-0.37885681853142716,-1.061420985470597,-0.2683643376180157
competitive,Competitive pooled,Peroxide Power,8876,5886,2990,66.31365479945921,-0.25540784136998645,-0.34998301053346925,-0.06923076923076923,8.474186091117312,8.589031307036565,8.241679588887896,-0.2690168333235656,-0.36359200248704837,-0.08283976118434838
competitive,Competitive pooled,Pets,8963,5180,3783,57.79314961508423,-0.5770389378556287,-0.649034749034749,-0.47845625165212796,8.57931967130692,8.374235088529929,8.852603374769231,-0.5906479298092078,-0.6626437409883281,-0.4920652436057071
competitive,Competitive pooled,Phobos Space Haven,8886,4072,4814,45.824893090254335,-0.565946432590592,-1.238703339882122,0.0031159119235562942,8.614529189452966,8.283273571753712,8.846087421926153,-0.5795554245441711,-1.252312331835701,-0.010493080030022849
competitive,Competitive pooled,Physics Complex,8995,1510,7485,16.78710394663702,-0.378988326848249,-0.2827814569536424,-0.39839679358717434,8.626403382159817,8.400836696546458,8.671617549810849,-0.39259731880182813,-0.2963904489072215,-0.41200578554075346
competitive,Competitive pooled,Plantation,8831,6499,2332,73.59302457252859,-0.39531196919941114,-0.35559316817972,-0.5060034305317325,8.589842073833506,8.671470578790004,8.358980249764144,-0.40892096115299026,-0.3692021601332991,-0.5196124224853116
competitive,Competitive pooled,Power Grid,8802,409,8393,4.646671211088389,-0.24414905703249262,-2.117359413202934,-0.1528654831407125,8.61168710718176,7.66395413675026,8.645262934631019,-0.25775804898607174,-2.1309684051565134,-0.16647447509429164
competitive,Competitive pooled,Power Infrastructure,8909,658,8251,7.3857896509148055,-0.3465035357503648,-0.3677811550151976,-0.34480669009816994,8.544091404752914,8.1944589958788,8.571835664700226,-0.3601125277039439,-0.3813901469687767,-0.35841568205174906
competitive,Competitive pooled,Power Plant,8968,7745,1223,86.36262265834077,0.055976806422836756,0.09954809554551323,-0.21995094031071136,8.523859020021069,8.552570843274383,8.33788472966527,0.04236781446925761,0.08593910359193409,-0.2335599322642905
competitive,Competitive pooled,Power Supply Consortium,8836,3418,5418,38.68266183793572,-0.32277048438207334,-0.5705090696313634,-0.16648209671465486,8.483823673843492,8.358752697219161,8.558864932930335,-0.33637947633565246,-0.5841180615849425,-0.180091088668234
competitive,Competitive pooled,Predators,8832,3030,5802,34.307065217391305,-0.2764945652173913,-0.5557755775577558,-0.1306446053085143,8.585411861183536,8.763012282387374,8.488297422760827,-0.2901035571709704,-0.5693845695113349,-0.14425359726209344
competitive,Competitive pooled,Protected Habitats,8928,8508,420,95.29569892473118,-0.5955421146953405,-0.6235307945463093,-0.02857142857142857,8.629358856564199,8.645216227619933,8.29118880479724,-0.6091511066489196,-0.6371397864998884,-0.042180420525007714
competitive,Competitive pooled,Protected Valley,8908,6923,1985,77.71665918275707,0.07330489447687472,0.12566806297847755,-0.1093198992443325,8.485460867430486,8.605067857507228,8.053853439987243,0.05969590252329557,0.1120590710248984,-0.12292889119791164
competitive,Competitive pooled,Psychrophiles,8794,8551,243,97.23675233113487,0.7742779167614282,0.7887966319728686,0.26337448559670784,8.610537486889003,8.626767582026835,8.018352923581931,0.7606689248078491,0.7751876400192895,0.2497654936431287
competitive,Competitive pooled,Quantum Extractor,8930,7833,1097,87.71556550951848,0.4623740201567749,0.6291331546023236,-0.7283500455788514,8.746935899646237,8.77701310915326,8.437676643924515,0.4487650282031958,0.6155241626487444,-0.7419590375324305
competitive,Competitive pooled,Rad-Chem Factory,9021,2922,6099,32.39108746258729,-0.37833943021837935,-0.9763860369609856,-0.09181833087391375,8.587360687875275,8.389878535512537,8.666449311900916,-0.39194842217195847,-0.9899950289145647,-0.1054273228274929
competitive,Competitive pooled,Rad-Suits,8783,663,8120,7.548673573949675,-0.35955823750426963,-1.3469079939668176,-0.2789408866995074,8.577446786928869,7.573827086701692,8.649696143008628,-0.37316722945784875,-1.3605169859203967,-0.2925498786530865
competitive,Competitive pooled,Regolith Eaters,8847,1575,7272,17.80264496439471,-0.2119362495761275,0.30412698412698413,-0.32370737073707373,8.600706239056237,8.63024597564456,8.590806247400298,-0.22554524152970665,0.290517992173405,-0.33731636269065285
competitive,Competitive pooled,Release of Inert Gases,8919,1652,7267,18.522255858280076,-0.22446462607915685,-0.8565375302663438,-0.0807761111875602,8.623810518058596,8.0620323413047,8.740639950018329,-0.238073618032736,-0.870146522219923,-0.09438510314113935
competitive,Competitive pooled,Research,9051,8822,229,97.4698928295216,0.7019113910065187,0.7104964860575833,0.37117903930131,8.655606919957174,8.666689537632363,8.228493973835885,0.6883023990529396,0.6968874941040042,0.3575700473477309
competitive,Competitive pooled,Research Coordination,8844,7820,1024,88.42152872003618,0.06275440976933515,0.08081841432225063,-0.0751953125,8.5708109492763,8.599254041372332,8.35322415735435,0.049145417815756,0.06720942236867149,-0.08880430445357915
competitive,Competitive pooled,Research Outpost,8983,8965,18,99.79962150729155,1.9090504285873315,1.9054099274958172,3.7222222222222223,8.461740779838316,8.463533000725153,7.5053357925863065,1.8954414366337524,1.891800935542238,3.708613230268643
competitive,Competitive pooled,Restricted Area,9017,8969,48,99.46767217478097,2.0798491737828546,2.0866317315196787,0.8125,8.540553272421922,8.546180939274098,7.38214133150388,2.0662401818292753,2.0730227395660994,0.7988910080464209
competitive,Competitive pooled,Robotic Workforce,8847,7909,938,89.3975358878716,0.4095173505142986,0.4391199898849412,0.15991471215351813,8.433748662905096,8.434954012927008,8.423933784062399,0.3959083585607195,0.4255109979313621,0.14630572019993898
competitive,Competitive pooled,Rover Construction,8853,5189,3664,58.612899582062575,-0.4506946797695696,-0.6943534399691655,-0.10562227074235808,8.555880272517532,8.324857165761918,8.862466047595232,-0.46430367172314874,-0.7079624319227447,-0.11923126269593723
competitive,Competitive pooled,SF Memorial,8616,4098,4518,47.56267409470752,-0.36513463324048284,-0.634455832113226,-0.12084993359893759,8.602010093503255,8.401483167474217,8.773715651101261,-0.37874362519406196,-0.6480648240668051,-0.13445892555251673
competitive,Competitive pooled,Sabotage,8807,8230,577,93.44839332349268,0.19189281253548313,0.24775212636695018,-0.6048526863084922,8.59540320732433,8.67166046112488,7.383576276627397,0.17828382058190398,0.23414313441337103,-0.6184616782620713
competitive,Competitive pooled,Satellites,8804,4016,4788,45.615629259427536,-0.17355747387551113,-0.0099601593625498,-0.3107769423558897,8.548654636919181,8.485070055484636,8.6001098402653,-0.18716646582909027,-0.023569151316128946,-0.3243859343094688
competitive,Competitive pooled,Search For Life,8909,6085,2824,68.3017173644629,-0.4016163430239084,-0.3820870994248151,-0.44369688385269124,8.693032636899966,8.664529469204973,8.755526523620437,-0.41522533497748754,-0.39569609137839423,-0.45730587580627036
competitive,Competitive pooled,Security Fleet,8844,163,8681,1.8430574400723654,-0.4251469923111714,-1.9631901840490797,-0.39626771109319203,8.600573074516577,6.678590790360511,8.630249281351984,-0.43875598426475054,-1.9767991760026589,-0.40987670304677115
competitive,Competitive pooled,Shuttles,8973,3468,5505,38.64928117686392,-0.2797280731082135,-0.3215109573241061,-0.25340599455040874,8.57858094952195,8.59334324379837,8.569944550994625,-0.29333706506179263,-0.33511994927768524,-0.26701498650398786
competitive,Competitive pooled,Small Animals,8945,5185,3760,57.96534376746786,-0.06998323085522638,0.1382835101253616,-0.3571808510638298,8.524353401012526,8.679676074594273,8.29797723594767,-0.08359222280880553,0.12467451817178246,-0.3707898430174089
competitive,Competitive pooled,Soil Factory,8889,439,8450,4.93868826639667,-0.33929575880301494,-1.6173120728929384,-0.27289940828402365,8.604382923230874,7.241072038407148,8.66456955250408,-0.35290475075659405,-1.6309210648465176,-0.28650840023760277
competitive,Competitive pooled,Solar Power,8942,2942,6000,32.90091702080072,-0.4795347796913442,-0.7811012916383413,-0.33166666666666667,8.575902772420209,8.234968052199497,8.735085241403466,-0.49314377164492335,-0.7947102835919204,-0.3452756586202458
competitive,Competitive pooled,Solar Wind Power,8744,8463,281,96.78636779505948,0.36310612991765784,0.3935956516601678,-0.5551601423487544,8.658993575472792,8.67033190072725,8.272457532981182,0.3494971379640787,0.3799866597065887,-0.5687691343023336
competitive,Competitive pooled,Soletta,8962,3779,5183,42.16692702521758,-0.5399464405266682,-1.0129663932257211,-0.1950607756125796,8.426727179911367,8.481761403615982,8.37035663724256,-0.5535554324802473,-1.0265753851793002,-0.20866976756615874
competitive,Competitive pooled,Space Elevator,8903,8384,519,94.17050432438504,1.2537346961698304,1.3184637404580153,0.20809248554913296,8.516611316297734,8.514764645276411,8.486364945234673,1.2401257042162512,1.3048547485044362,0.1944834935955538
competitive,Competitive pooled,Space Hotels,8913,7565,1348,84.87602378548188,0.804555144171435,1.0883013879709187,-0.787833827893175,8.615616790306872,8.587089348167106,8.605229693666251,0.7909461522178559,1.0746923960173396,-0.8014428198467541
competitive,Competitive pooled,Space Mirrors,9009,1263,7746,14.019314019314018,-0.37773337773337773,-0.714172604908947,-0.3228763232636199,8.573237234700617,8.04434107828684,8.65566448095754,-0.39134236968695685,-0.7277815968625261,-0.33648531521719904
competitive,Competitive pooled,Space Station,8859,6432,2427,72.60413139180494,-0.24381984422621064,-0.30363805970149255,-0.08529048207663782,8.669708538538114,8.641299463913713,8.744362095335044,-0.2574288361797898,-0.31724705165507167,-0.09889947403021697
competitive,Competitive pooled,Special Design,8899,1021,7878,11.473199235869199,-0.39667378357118777,-0.7433888344760039,-0.3517390200558517,8.574241387315098,8.655428302099045,8.563189398038464,-0.4102827755247669,-0.756997826429583,-0.36534801200943084
competitive,Competitive pooled,Sponsors,8764,8601,163,98.14011866727522,0.4833409402099498,0.5006394605278456,-0.4294478527607362,8.62985119200637,8.639257656005904,8.090513668590308,0.46973194825637066,0.48703046857426646,-0.44305684471431533
competitive,Competitive pooled,Standard Technology,8791,7219,1572,82.11807530428848,-0.16232510522124902,-0.1910236874913423,-0.030534351145038167,8.656570837582322,8.636974990229156,8.747557060125027,-0.17593409717482816,-0.20463267944492144,-0.04414334309861731
competitive,Competitive pooled,Steelworks,9053,2069,6984,22.85430244117972,-0.16624323428697668,0.15998066698888352,-0.26288659793814434,8.517383668808622,8.446327484100902,8.536527978340327,-0.17985222624055583,0.14637167503530438,-0.27649558989172346
competitive,Competitive pooled,Strip Mine,8886,7134,1752,80.28359216745443,0.22327256358316452,0.2590412111017662,0.0776255707762557,8.659214467069308,8.623967494317053,8.80227123104517,0.20966357162958538,0.24543221914818705,0.06401657882267656
competitive,Competitive pooled,Subterranean Reservoir,9049,6251,2798,69.07945629351309,0.032158249530334845,-0.09966405375139978,0.32666190135811296,8.616418397335567,8.564792203382522,8.725001186231149,0.018549257576755702,-0.11327304570497893,0.31305290940453384
competitive,Competitive pooled,Symbiotic Fungus,8943,512,8431,5.725148160572515,-0.25293525662529354,-0.42578125,-0.24243861938085637,8.620479460012664,8.45607734158394,8.630743522084744,-0.26654424857887266,-0.4393902419535791,-0.2560476113344355
competitive,Competitive pooled,Tardigrades,8882,2701,6181,30.4098176086467,-0.17653681603242513,-0.3572750833024806,-0.09755702960685973,8.64387035967004,8.684942899332816,8.625376246295188,-0.19014580798600428,-0.3708840752560597,-0.11116602156043888
competitive,Competitive pooled,Technology Demonstration,8838,8498,340,96.15297578637701,0.2249377687259561,0.2487644151565074,-0.37058823529411766,8.645383328942309,8.659772358088329,8.267522891181091,0.21132877677237696,0.23515542320292826,-0.3841972272476968
competitive,Competitive pooled,Tectonic Stress Power,8990,2807,6183,31.22358175750834,-0.20222469410456062,-0.1724260776629854,-0.21575287077470484,8.6148368467105,8.339135333511745,8.737760637745474,-0.21583368605813977,-0.18603506961656455,-0.229361862728284
competitive,Competitive pooled,Terraforming Ganymede,9003,6269,2734,69.63234477396423,0.028768188381650562,-0.029350773648109747,0.162033650329188,8.671531699348055,8.70274732584449,8.599628543380321,0.015159196428071418,-0.04295976560168889,0.14842465837560886
competitive,Competitive pooled,Titanium Mine,8831,8696,135,98.47129430415582,0.5343675687917563,0.547378104875805,-0.3037037037037037,8.741158415595232,8.73956770834065,8.835371647551636,0.5207585768381772,0.5337691129222258,-0.3173126956572828
competitive,Competitive pooled,Toll Station,8980,927,8053,10.32293986636971,-0.4046770601336303,-1.0625674217907228,-0.32894573450887865,8.624405882770649,8.127651326146605,8.677042177349492,-0.4182860520872094,-1.076176413744302,-0.34255472646245777
competitive,Competitive pooled,Towing a Comet,8956,8188,768,91.42474318892363,-0.3762840553818669,-0.3740840254030288,-0.3997395833333333,8.590516648974008,8.648583378699126,7.950324909346016,-0.389893047335446,-0.38769301735660794,-0.41334857528691243
competitive,Competitive pooled,Trans-Neptune Probe,8819,6906,1913,78.30819820841366,-0.21680462637487244,-0.19953663481030987,-0.2791427077888134,8.66591876580956,8.690469685947912,8.57867045132079,-0.23041361832845159,-0.213145626763889,-0.2927516997423925
competitive,Competitive pooled,Trees,8887,5518,3369,62.090694272532915,0.07572859232586925,0.019028633562885103,0.16859602255862274,8.698736747699657,8.7685793011509,8.58360167837008,0.0621196003722901,0.005419641609305959,0.1549870306050436
competitive,Competitive pooled,Tropical Resort,8834,421,8413,4.7656780620330546,-0.358161648177496,-2.36104513064133,-0.25793414953048854,8.533169785578673,7.62875530322803,8.564031727593695,-0.37177064013107514,-2.3746541225949094,-0.27154314148406766
competitive,Competitive pooled,Tundra Farming,8942,1031,7911,11.529859091925744,-0.43748602102437933,-1.2075654704170709,-0.3371255214258627,8.573560162783277,8.115882845296225,8.626846977780913,-0.45109501297795845,-1.22117446237065,-0.35073451337944184
competitive,Competitive pooled,Underground City,8959,3574,5385,39.89284518361424,-0.3591918740930907,-0.863458310016788,-0.024512534818941504,8.484769069127063,8.089815022382052,8.721704028669398,-0.37280086604666984,-0.8770673019703671,-0.03812152677252065
competitive,Competitive pooled,Underground Detonations,9009,162,8847,1.7982017982017982,-0.3696303696303696,-2.006172839506173,-0.33966316265400703,8.618281168582701,7.823754966996701,8.629657155019768,-0.3832393615839487,-2.019781831459752,-0.35327215460758615
competitive,Competitive pooled,Urbanized Area,8795,1945,6850,22.114837976122796,-0.28880045480386585,-0.9218508997429306,-0.10905109489051094,8.639169904256677,8.303592649774888,8.724323349412987,-0.30240944675744497,-0.9354598916965097,-0.12266008684409009
competitive,Competitive pooled,Vesta Shipyard,8800,7615,1185,86.5340909090909,0.09806818181818182,0.10899540380827315,0.027848101265822784,8.606488295042977,8.593232670527351,8.6945191366428,0.08445918986460267,0.095386411854694,0.01423910931224364
competitive,Competitive pooled,Viral Enhancers,8894,8737,157,98.23476501011918,0.13807060939959523,0.15680439510129335,-0.9044585987261147,8.543223584268498,8.554080664457555,7.870574409274637,0.12446161744601608,0.1431954031477142,-0.9180675906796938
competitive,Competitive pooled,Virus,8795,7394,1401,84.0704945992041,0.09289368959636157,0.15052745469299433,-0.21127765881513205,8.63644915578289,8.775892785893278,7.8555468034190765,0.07928469764278243,0.1369184627394152,-0.2248866507687112
competitive,Competitive pooled,Water Import From Europa,8857,5139,3718,58.02190357908999,-0.26814948628203683,-0.38937536485697605,-0.10059171597633136,8.620146572930624,8.560774193194604,8.699917259203259,-0.28175847823561595,-0.40298435681055517,-0.11420070792991051
competitive,Competitive pooled,Water Splitting Plant,8891,708,8183,7.963108761669104,-0.36823754358339894,-0.7754237288135594,-0.3330074544787975,8.62550688282355,8.516835177027138,8.634456808407712,-0.38184653553697806,-0.7890327207671385,-0.3466164464323766
competitive,Competitive pooled,Wave Power,8833,1450,7383,16.415713800520773,-0.3062379712441979,-0.8910344827586207,-0.19138561560341324,8.69911853595017,8.433345340308307,8.746331600297435,-0.319846963197777,-0.9046434747121999,-0.2049946075569924
competitive,Competitive pooled,Windmills,8794,757,8037,8.608141914942006,-0.24596315669774846,-1.0898282694848085,-0.16648002986188876,8.631156957796678,8.53485629992777,8.636449446924576,-0.2595721486513276,-1.1034372614383876,-0.1800890218154679
competitive,Competitive pooled,Worms,8945,465,8480,5.1984348798211295,-0.38144214645053104,-1.1698924731182796,-0.33820754716981133,8.616535924937663,7.844059153080995,8.65524798588802,-0.39505113840411016,-1.1835014650718587,-0.35181653912339045
competitive,Competitive pooled,Zeppelins,8829,385,8444,4.36062974289274,-0.32234681164344775,-0.574025974025974,-0.3108716248223591,8.645818720736758,7.96380815061113,8.675899152403156,-0.33595580359702687,-0.5876349659795531,-0.3244806167759382
competitive_tharsis,Competitive Tharsis,AI Central,4545,4435,110,97.57975797579758,2.3623762376237623,2.4232243517474634,-0.09090909090909091,8.672597365061835,8.640995530868816,9.58835824554291,2.346039021241898,2.406887135365599,-0.10724630729095558
competitive_tharsis,Competitive Tharsis,Acquired Company,4625,4501,124,97.31891891891892,0.9731891891891892,0.9760053321484115,0.8709677419354839,8.622071182424591,8.632231700317803,8.277668795130534,0.9568519728073245,0.9596681157665468,0.8546305255536192
competitive_tharsis,Competitive Tharsis,Adaptation Technology,4646,1654,2992,35.60051657339647,-0.25570383125269047,-0.48065296251511486,-0.13135026737967914,8.717701870863168,8.6790902007018,8.737935358230443,-0.27204104763455517,-0.49699017889697955,-0.1476874837615438
competitive_tharsis,Competitive Tharsis,Adapted Lichen,4637,1992,2645,42.95880957515635,-0.38796635755876646,-0.6139558232931727,-0.2177693761814745,8.70057281596298,8.66318616847808,8.72639597438194,-0.40430357394063116,-0.6302930396750374,-0.23410659256333916
competitive_tharsis,Competitive Tharsis,Advanced Alloys,4609,4451,158,96.57192449555218,1.8320676936428726,1.8611547966749045,1.0126582278481013,8.784653852876675,8.757484037447341,9.511633736025987,1.815730477261008,1.8448175802930398,0.9963210114662366
competitive_tharsis,Competitive Tharsis,Advanced Ecosystems,4586,3100,1486,67.59703445268208,-0.11687745311818579,-0.0467741935483871,-0.2631224764468372,8.806800109892388,8.9630163666308,8.472737786401195,-0.13321466950005045,-0.06311140993025177,-0.27945969282870187
competitive_tharsis,Competitive Tharsis,Aerobraked Ammonia Asteroid,4590,627,3963,13.660130718954248,-0.5383442265795207,-1.0191387559808613,-0.46227605349482714,8.604361087655752,8.11654035732527,8.677564680889102,-0.5546814429613854,-1.035475972362726,-0.47861326987669184
competitive_tharsis,Competitive Tharsis,Algae,4540,3646,894,80.30837004405286,0.1066079295154185,0.10888645090510148,0.09731543624161074,8.750116000390738,8.843429622264658,8.363557002267383,0.09027071313355384,0.0925492345232368,0.08097821985974607
competitive_tharsis,Competitive Tharsis,Anti-Gravity Technology,4464,3996,468,89.51612903225806,0.5748207885304659,0.7505005005005005,-0.9252136752136753,8.669718417855877,8.712803994211718,8.148564655812857,0.5584835721486012,0.7341632841186359,-0.94155089159554
competitive_tharsis,Competitive Tharsis,Ants,4576,339,4237,7.408216783216783,-0.4888548951048951,-1.7404129793510323,-0.38871843285343405,8.660007087411762,8.500810323745872,8.665796527027938,-0.5051921114867598,-1.756750195732897,-0.40505564923529874
competitive_tharsis,Competitive Tharsis,Aquifer Pumping,4613,878,3735,19.033167136353782,-0.006069802731411229,0.08542141230068337,-0.027576974564926374,8.73546159371772,8.280335774626968,8.839977114567617,-0.022407019113275903,0.0690841959188187,-0.04391419094679105
competitive_tharsis,Competitive Tharsis,Archaebacteria,4492,3481,1011,77.49332146037399,0.021816562778272486,-0.12410226946279805,0.5242334322453017,8.679912055833551,8.570236987220607,9.03371880930846,0.005479346396407812,-0.14043948584466273,0.507896215863437
competitive_tharsis,Competitive Tharsis,Arctic Algae,4543,4395,148,96.74224081003742,0.4780981730134273,0.4725824800910125,0.6418918918918919,8.755794090539464,8.767847993709431,8.416868497722952,0.4617609566315626,0.4562452637091478,0.6255546755100272
competitive_tharsis,Competitive Tharsis,Artificial Lake,4537,225,4312,4.959224156931893,-0.38968481375358166,-1.1333333333333333,-0.35088126159554733,8.713814535981285,8.900240767208814,8.703285901938713,-0.40602203013544635,-1.149670549715198,-0.36721847797741203
competitive_tharsis,Competitive Tharsis,Artificial Photosynthesis,4581,3537,1044,77.21021611001964,-0.20344902859637634,-0.1255301102629347,-0.4674329501915709,8.719680915215676,8.723282815224442,8.70645679667425,-0.219786244978241,-0.14186732664479937,-0.4837701665734356
competitive_tharsis,Competitive Tharsis,Asteroid,4613,4168,445,90.35334923043573,-0.3635378278777368,-0.3901151631477927,-0.1146067415730337,8.745775179563427,8.759179390835943,8.624963122545497,-0.3798750442596015,-0.4064523795296574,-0.13094395795489838
competitive_tharsis,Competitive Tharsis,Asteroid Mining,4580,3781,799,82.55458515283843,-0.14956331877729256,-0.17270563343030945,-0.04005006257822278,8.641617927912549,8.69300368236011,8.398645194330303,-0.16590053515915723,-0.18904284981217412,-0.05638727896008745
competitive_tharsis,Competitive Tharsis,Asteroid Mining Consortium,4487,3844,643,85.66971250278583,0.7022509471807443,0.9141519250780437,-0.5645412130637636,8.844324184335779,8.813528829777947,8.928765472645738,0.6859137307988796,0.897814708696179,-0.5808784294456283
competitive_tharsis,Competitive Tharsis,Beam From a Thorium Asteroid,4569,2223,2346,48.65397242284964,-0.1363536878966951,-0.5960413855150697,0.29923273657289,8.674373600842689,8.612292231551063,8.712267130786184,-0.15269090427855977,-0.6123786018969344,0.2828955201910253
competitive_tharsis,Competitive Tharsis,Big Asteroid,4673,4375,298,93.6229402953135,0.2084314145088808,0.1776,0.6610738255033557,8.783558297284017,8.787474521105388,8.727982101854302,0.19209419812701614,0.16126278361813534,0.644736609121491
competitive_tharsis,Competitive Tharsis,Biomass Combustors,4572,1197,3375,26.181102362204726,-0.4940944881889764,-0.39598997493734334,-0.5288888888888889,8.647333788882626,8.790211032347884,8.597137234149622,-0.5104317045708411,-0.41232719131920803,-0.5452261052707535
competitive_tharsis,Competitive Tharsis,Birds,4578,2828,1750,61.7737003058104,-0.04128440366972477,0.05905233380480905,-0.20342857142857143,8.721345881743922,8.880632342124446,8.457595414732108,-0.057621620051589446,0.04271511742294438,-0.2197657878104361
competitive_tharsis,Competitive Tharsis,Black Polar Dust,4547,1705,2842,37.49725093468221,-0.25753243897074996,-0.580058651026393,-0.06403940886699508,8.765124939397495,8.699985227246337,8.799826100398214,-0.27386965535261465,-0.5963958674082577,-0.08037662524885975
competitive_tharsis,Competitive Tharsis,Breathing Filters,4592,615,3977,13.392857142857142,-0.2774390243902439,-0.3723577235772358,-0.26276087503143075,8.697467849971678,8.827493518900075,8.678218282385991,-0.2937762407721086,-0.3886949399591005,-0.27909809141329545
competitive_tharsis,Competitive Tharsis,Bribed Committee,4595,3542,1053,77.08378672470076,0.2983677910772579,0.3825522303783173,0.015194681861348529,8.595135072919517,8.626365895927115,8.487171984460549,0.2820305746953932,0.3662150139964526,-0.0011425345205161447
competitive_tharsis,Competitive Tharsis,Building Industries,4538,3907,631,86.09519612163949,0.34023799030409874,0.32147427693882774,0.45641838351822506,8.809880247813691,8.83506820496719,8.658288212499578,0.32390077392223404,0.30513706055696305,0.44008116713636036
competitive_tharsis,Competitive Tharsis,Bushes,4561,3385,1176,74.2161806621355,-0.22078491558868668,-0.3355982274741507,0.1096938775510204,8.879192481336043,8.940186723804937,8.696531443066933,-0.23712213197055135,-0.3519354438560154,0.09335666116915572
competitive_tharsis,Competitive Tharsis,Business Contacts,4574,4243,331,92.76344556187145,0.29383471797114125,0.36365778930002357,-0.6012084592145015,8.646685033494366,8.701014643710177,7.8746543005634715,0.27749750158927655,0.3473205729181589,-0.6175456755963662
competitive_tharsis,Competitive Tharsis,Business Network,4455,4147,308,93.08641975308642,0.2518518518518518,0.22546419098143236,0.6071428571428571,8.95783444724972,8.951902769186058,9.044490879143666,0.23551463546998716,0.2091269745995677,0.5908056407609924
competitive_tharsis,Competitive Tharsis,CEO's Favourite Project,4510,363,4147,8.048780487804878,-0.364079822616408,0.008264462809917356,-0.39667229322401737,8.655248388620697,8.675706732657673,8.653741067397643,-0.38041703899827267,-0.008072753571947318,-0.41300950960588206
competitive_tharsis,Competitive Tharsis,Callisto Penal Mines,4568,2127,2441,46.5630472854641,-0.6263134851138353,-1.0178655383168782,-0.28512904547316675,8.704666003340439,8.556967561156402,8.818933390219438,-0.6426507014957,-1.034202754698743,-0.30146626185503145
competitive_tharsis,Competitive Tharsis,Capital,4662,1262,3400,27.06992706992707,-0.3762333762333762,-1.0015847860538827,-0.14411764705882352,8.538792766238098,8.124819125928079,8.677128064196458,-0.3925705926152409,-1.0179220024357474,-0.16045486344068818
competitive_tharsis,Competitive Tharsis,Carbonate Processing,4552,2380,2172,52.284710017574696,-0.43233743409490333,-0.7521008403361344,-0.08195211786372007,8.60494510073751,8.553315213013285,8.649567728500763,-0.448674650476768,-0.7684380567179991,-0.09828933424558475
competitive_tharsis,Competitive Tharsis,Caretaker Contract,4695,27,4668,0.5750798722044729,-0.6345047923322684,-2.740740740740741,-0.6223221936589546,8.579694945921489,7.267380189230147,8.585859409103474,-0.6508420087141331,-2.7570779571226054,-0.6386594100408193
competitive_tharsis,Competitive Tharsis,Cartel,4528,3341,1187,73.78533568904594,0.5333480565371025,0.7255312780604609,-0.007582139848357203,8.754953338647047,8.746210679608069,8.760584143587767,0.5170108401552378,0.7091940616785962,-0.023919356230221876
competitive_tharsis,Competitive Tharsis,Cloud Seeding,4517,730,3787,16.16116891742307,-0.3732565862297985,-0.989041095890411,-0.25455505677317136,8.671199509240687,8.452717871102744,8.708773665372972,-0.3895938026116632,-1.0053783122722757,-0.27089227315503606
competitive_tharsis,Competitive Tharsis,Colonizer Training Camp,4635,2596,2039,56.008629989212515,-0.6483279395900755,-0.7885208012326657,-0.46983815595880335,8.729508029203199,8.497055999742829,9.015739563977641,-0.6646651559719402,-0.8048580176145304,-0.48617537234066804
competitive_tharsis,Competitive Tharsis,Comet,4478,4205,273,93.90352836087538,0.17150513622152747,0.18002378121284185,0.040293040293040296,8.746450622595207,8.766892379716507,8.43978602507823,0.1551679198396628,0.16368656483097718,0.023955823911175622
competitive_tharsis,Competitive Tharsis,Commercial District,4586,2715,1871,59.201918883558655,0.1450065416484954,0.11307550644567219,0.1913415285943346,8.702204820329309,8.69461174122804,8.715328549673293,0.12866932526663075,0.09673829006380752,0.17500431221246993
competitive_tharsis,Competitive Tharsis,Convoy From Europa,4591,4187,404,91.20017425397516,-0.042910041385319106,-0.0790542154287079,0.3316831683168317,8.744105349935623,8.774730705950066,8.421518352023162,-0.05924725776718378,-0.09539143181057258,0.315345951934967
competitive_tharsis,Competitive Tharsis,Corporate Stronghold,4552,2051,2501,45.05711775043937,0.029657293497363797,0.3890784982935154,-0.26509396241503397,8.708832859760971,8.658325060757274,8.740737788148524,0.013320077115499124,0.3727412819116507,-0.28143117879689866
competitive_tharsis,Competitive Tharsis,Cupola City,4485,3776,709,84.1917502787068,-0.09743589743589744,-0.15015889830508475,0.18335684062059238,8.828331306416155,8.81362370927259,8.907256263262783,-0.11377311381776212,-0.16649611468694941,0.1670196242387277
competitive_tharsis,Competitive Tharsis,Decomposers,4550,3301,1249,72.54945054945055,-0.38505494505494503,-0.4092699182066041,-0.3210568454763811,8.705097186286913,8.873045262163087,8.24787541626222,-0.4013921614368097,-0.42560713458846877,-0.3373940618582458
competitive_tharsis,Competitive Tharsis,Deep Well Heating,4633,2941,1692,63.479387006259444,0.040578458881933954,0.012580754845290717,0.08924349881796691,8.602882033676135,8.557260801160128,8.683934480141952,0.02424124250006928,-0.0037564615365739563,0.07290628243610223
competitive_tharsis,Competitive Tharsis,Deimos Down,4564,4337,227,95.02629272567923,0.6654250657318141,0.6684344016601337,0.6079295154185022,8.720337833463402,8.76038140963326,7.933937891922651,0.6490878493499495,0.652097185278269,0.5915922990366375
competitive_tharsis,Competitive Tharsis,Designed Microorganisms,4538,3519,1019,77.54517408550022,0.32899955927721464,0.36231884057971014,0.2139352306182532,8.579951150770855,8.551204222505257,8.68174258669173,0.31266234289534994,0.34598162419784545,0.19759801423638854
competitive_tharsis,Competitive Tharsis,Development Center,4592,4410,182,96.03658536585365,1.2441202090592334,1.2925170068027212,0.07142857142857142,8.817881246460598,8.847779693384053,7.992424392614883,1.2277829926773687,1.2761797904208565,0.05509135504670675
competitive_tharsis,Competitive Tharsis,Domed Crater,4494,3656,838,81.35291499777482,-0.11125945705384958,-0.19939824945295404,0.2732696897374702,8.736903910056315,8.665348996757627,9.037716089585352,-0.12759667343571426,-0.2157354658348187,0.2569324733556055
competitive_tharsis,Competitive Tharsis,Dust Seals,4616,402,4214,8.708838821490469,-0.36221837088388215,-1.3781094527363185,-0.2653061224489796,8.738234571131983,7.9422051001801055,8.805159296064845,-0.37855558726574684,-1.3944466691181832,-0.2816433388308443
competitive_tharsis,Competitive Tharsis,Earth Catapult,4475,4446,29,99.35195530726257,2.690502793296089,2.6826360773729196,3.896551724137931,8.63024210316328,8.621724196623818,9.947522403616055,2.6741655769142247,2.666298860991055,3.8802145077560666
competitive_tharsis,Competitive Tharsis,Earth Office,4507,4404,103,97.71466607499445,0.8690925227424007,0.9046321525885559,-0.6504854368932039,8.728035199513426,8.72167809251802,8.906605543699595,0.852755306360536,0.8882949362066912,-0.6668226532750686
competitive_tharsis,Competitive Tharsis,Ecological Zone,4700,4216,484,89.70212765957447,-0.3174468085106383,-0.27632827324478176,-0.6756198347107438,8.696391971276904,8.823336327770043,7.4988021561113465,-0.333784024892503,-0.29266548962664646,-0.6919570510926085
competitive_tharsis,Competitive Tharsis,Electro Catapult,4546,4250,296,93.48878134623845,0.9307083150021997,0.983764705882353,0.16891891891891891,8.586647258234345,8.589016939936592,8.530613675156054,0.914371098620335,0.9674274895004883,0.15258170253705425
competitive_tharsis,Competitive Tharsis,Energy Saving,4664,132,4532,2.830188679245283,-0.20969125214408232,-1.0757575757575757,-0.18446601941747573,8.68204190200208,8.387214198833707,8.690080474623525,-0.226028468525947,-1.0920947921394404,-0.2008032357993404
competitive_tharsis,Competitive Tharsis,Energy Tapping,4556,3693,863,81.05794556628622,0.43195785776997364,0.6959111833197942,-0.697566628041715,8.524593554289943,8.64650538221775,7.887408457109308,0.41562064138810895,0.6795739669379295,-0.7139038444235797
competitive_tharsis,Competitive Tharsis,Eos Chasma National Park,4556,1258,3298,27.611940298507463,-0.08099209833187006,-0.5127186009538951,0.08368708308065494,8.656731090647801,8.63225051811322,8.66168814271624,-0.09732931471373474,-0.5290558173357598,0.06734986669879026
competitive_tharsis,Competitive Tharsis,Equatorial Magnetizer,4538,113,4425,2.4900837373292197,-0.4081092992507713,-0.35398230088495575,-0.4094915254237288,8.53459789087153,8.36758238038569,8.539743292182033,-0.42444651563263597,-0.37031951726682044,-0.4258287418055935
competitive_tharsis,Competitive Tharsis,Extreme-Cold Fungus,4538,883,3655,19.457910973997354,-0.27038342882327016,-0.7587768969422424,-0.15239398084815323,8.774741330438028,8.354912161865109,8.870257994504534,-0.28672064520513485,-0.7751141133241071,-0.1687311972300179
competitive_tharsis,Competitive Tharsis,Farming,4559,1607,2952,35.24895810484755,-0.4257512612415003,-0.42439327940261357,-0.42649051490514905,8.578683859553346,8.703092155415709,8.511678911122663,-0.442088477623365,-0.44073049578447826,-0.44282773128701375
competitive_tharsis,Competitive Tharsis,Fish,4607,2452,2155,53.2233557629694,-0.1931842847840243,-0.2687601957585644,-0.10719257540603248,8.696629504510328,8.778657379693257,8.603572882744201,-0.20952150116588897,-0.2850974121404291,-0.12352979178789716
competitive_tharsis,Competitive Tharsis,Flooding,4572,3900,672,85.30183727034121,-0.12029746281714786,0.01769230769230769,-0.9211309523809523,8.773927641361155,8.913735208123812,7.872381871742489,-0.13663467919901254,0.0013550913104430178,-0.937468168762817
competitive_tharsis,Competitive Tharsis,Food Factory,4617,452,4165,9.789906865930257,-0.557504873294347,-0.5752212389380531,-0.5555822328931572,8.69215196205172,8.05420143185065,8.759493035033943,-0.5738420896762116,-0.5915584553199178,-0.5719194492750219
competitive_tharsis,Competitive Tharsis,Fuel Factory,4660,3891,769,83.49785407725322,0.3169527896995708,0.34489848368028786,0.1755526657997399,8.711626501503526,8.698153724181132,8.78381119159739,0.3006155733177061,0.32856126729842317,0.15921544941787524
competitive_tharsis,Competitive Tharsis,Fueled Generators,4601,2932,1669,63.72527711367094,-0.27320147793957833,-0.38233287858117326,-0.08148591971240264,8.824885585441715,8.95735384680762,8.586522465731273,-0.289538694321443,-0.39867009496303796,-0.09782313609426732
competitive_tharsis,Competitive Tharsis,Fusion Power,4458,1785,2673,40.040376850605654,-0.32256617317182595,-0.5910364145658263,-0.14328469884025438,8.65651152588855,8.50940710597383,8.750366159155313,-0.33890338955369065,-0.607373630947691,-0.15962191522211905
competitive_tharsis,Competitive Tharsis,GHG Factories,4583,3101,1482,67.66310277111063,-0.2526729216670303,-0.42083198968074814,0.09919028340080972,8.668810581631051,8.75766602898922,8.471998562382602,-0.269010138048895,-0.43716920606261284,0.08285306701894504
competitive_tharsis,Competitive Tharsis,GHG Producing Bacteria,4537,1226,3311,27.02226140621556,-0.1141723605906987,-0.4600326264274062,0.01389308366052552,8.681393403593527,8.693912559416006,8.674568882226536,-0.13050957697256338,-0.4763698428092709,-0.0024441327213391532
competitive_tharsis,Competitive Tharsis,Ganymede Colony,4582,2857,1725,62.352684417285026,-0.14185945002182454,-0.311865593279664,0.13971014492753622,8.761605225093485,8.710145886911668,8.841519389400842,-0.1581966664036892,-0.3282028096615287,0.12337292854567156
competitive_tharsis,Competitive Tharsis,Gene Repair,4606,2713,1893,58.901432913590966,-0.1413373860182371,-0.2617029119056395,0.03116745905969361,8.607485939206512,8.603743759901407,8.612185953178955,-0.15767460240010175,-0.2780401282875042,0.014830242677828936
competitive_tharsis,Competitive Tharsis,Geothermal Power,4592,3605,987,78.5060975609756,0.0860191637630662,0.016920943134535366,0.3383991894630192,8.652428700660893,8.717033471127436,8.411752540460673,0.06968194738120154,0.0005837267526706928,0.32206197308115453
competitive_tharsis,Competitive Tharsis,Giant Ice Asteroid,4550,4356,194,95.73626373626374,1.2173626373626374,1.2582644628099173,0.29896907216494845,8.526142390096403,8.553021669198916,7.863030765404098,1.2010254209807727,1.2419272464280526,0.28263185578308375
competitive_tharsis,Competitive Tharsis,Giant Space Mirror,4671,2808,1863,60.115606936416185,0.15350032113037893,0.16346153846153846,0.13848631239935588,8.649849799660775,8.59660770937923,8.731779265195081,0.13716310474851426,0.1471243220796738,0.12214909601749122
competitive_tharsis,Competitive Tharsis,Grass,4647,2876,1771,61.88939100494943,-0.25091456853884225,-0.3306675938803894,-0.12140033879164314,8.630994533701447,8.623255415106488,8.64441620916447,-0.26725178492070695,-0.3470048102622541,-0.1377375551735078
competitive_tharsis,Competitive Tharsis,Great Dam,4539,1068,3471,23.529411764705884,-0.4816038775060586,-1.0215355805243447,-0.31547104580812446,8.720568002460508,8.362819076536724,8.822253092422313,-0.4979410938879233,-1.0378727969062094,-0.33180826218998916
competitive_tharsis,Competitive Tharsis,Great Escarpment Consortium,4600,3069,1531,66.71739130434783,0.1917391304347826,0.5542521994134897,-0.534944480731548,8.748632497580685,8.682097621154618,8.838673209154345,0.17540191405291794,0.537914983031625,-0.5512816971134127
competitive_tharsis,Competitive Tharsis,Greenhouses,4490,3129,1361,69.68819599109132,-0.31648106904231627,-0.4177053371684244,-0.08376193975018369,8.683787835626761,8.6464194192602,8.767857875202829,-0.33281828542418096,-0.4340425535502891,-0.10009915613204837
competitive_tharsis,Competitive Tharsis,Hackers,4583,2511,2072,54.789439231944144,0.41261182631464105,0.8570290720828355,-0.12596525096525096,8.62910971599685,8.730942215298619,8.474978739797997,0.39627460993277636,0.8406918557009708,-0.14230246734711563
competitive_tharsis,Competitive Tharsis,Heat Trappers,4457,3362,1095,75.43190486874579,0.09199012788871438,0.12760261748958954,-0.017351598173515982,8.840729710041286,9.022637708344272,8.26020339173269,0.07565291150684972,0.11126540110772487,-0.033688814555380656
competitive_tharsis,Competitive Tharsis,Heather,4479,2721,1758,60.75016744809109,-0.30185309220808215,-0.6887173833149577,0.29692832764505117,8.669427663946236,8.799301100749,8.432024334888988,-0.31819030858994685,-0.7050545996968224,0.2805911112631865
competitive_tharsis,Competitive Tharsis,Herbivores,4503,2431,2072,53.98623140128803,-0.3801909837885854,-0.3270259152612094,-0.44256756756756754,8.690787631566351,8.846496467642035,8.506173108199931,-0.3965282001704501,-0.3433631316430741,-0.45890478394943224
competitive_tharsis,Competitive Tharsis,Hired Raiders,4532,4288,244,94.61606354810239,-0.11010591350397175,-0.05480410447761194,-1.0819672131147542,8.624720251402655,8.673860587094952,7.661125387609964,-0.12644312988583642,-0.07114132085947661,-1.0983044294966189
competitive_tharsis,Competitive Tharsis,House Printing,4466,2884,1582,64.57680250783699,-0.18741603224361844,-0.25624133148404993,-0.061946902654867256,8.704919163560547,8.649646518575203,8.806153661913326,-0.2037532486254831,-0.2725785478659146,-0.07828411903673194
competitive_tharsis,Competitive Tharsis,Ice Asteroid,4597,4386,211,95.41005003262998,0.517293887317816,0.5034199726402189,0.8056872037914692,8.5992120585459,8.625787339674218,8.040680252955221,0.5009566709359513,0.4870827562583542,0.7893499874096045
competitive_tharsis,Competitive Tharsis,Ice cap Melting,4454,301,4153,6.757970363718006,-0.3920071845532106,-0.4883720930232558,-0.38502287503009874,8.855345671944812,9.363975171248157,8.818488477218693,-0.4083444009350753,-0.5047093094051205,-0.40136009141196344
competitive_tharsis,Competitive Tharsis,Immigrant City,4599,3351,1248,72.86366601435094,-0.893455098934551,-1.249179349447926,0.06169871794871795,8.585088190235364,8.424217670275524,8.936479449697517,-0.9097923153164157,-1.2655165658297907,0.04536150156685328
competitive_tharsis,Competitive Tharsis,Immigration Shuttles,4718,2106,2612,44.63755828740992,-0.06401017380245867,-0.1372269705603039,-0.0049770290964777945,8.674363194743758,8.502545138183313,8.8116365582772,-0.08034739018432335,-0.15356418694216856,-0.02131424547834247
competitive_tharsis,Competitive Tharsis,Import of Advanced GHG,4624,3199,1425,69.1825259515571,-0.2203719723183391,-0.33729290403251017,0.042105263157894736,8.70417068263134,8.687887036682042,8.737972218203883,-0.23670918870020377,-0.35363012041437486,0.025768046776030062
competitive_tharsis,Competitive Tharsis,Imported GHG,4503,2896,1607,64.31268043526538,-0.13346657783699756,-0.2738259668508287,0.119477286869944,8.738675944357283,8.74370942905351,8.72661651736635,-0.14980379421886222,-0.2901631832326934,0.10314007048807933
competitive_tharsis,Competitive Tharsis,Imported Hydrogen,4669,4418,251,94.62411651317198,-0.08288712786463912,-0.09325486645540969,0.099601593625498,8.667905652837629,8.708308339723175,7.936878469564561,-0.09922434424650378,-0.10959208283727437,0.08326437724363334
competitive_tharsis,Competitive Tharsis,Imported Nitrogen,4583,3203,1380,69.8887191795767,-0.3582806022256164,-0.3849516078676241,-0.29637681159420287,8.747060406024927,8.946826659020052,8.267630945637872,-0.3746178186074811,-0.4012888242494888,-0.31271402797606757
competitive_tharsis,Competitive Tharsis,Indentured Workers,4568,3814,754,83.4938704028021,-0.2841506129597198,-0.1995280545359203,-0.7122015915119363,8.858412003024165,8.982705637166964,8.193100111439291,-0.30048782934158447,-0.21586527091778496,-0.728538807893801
competitive_tharsis,Competitive Tharsis,Industrial Center,4602,3519,1083,76.46675358539765,-0.14558887440243373,-0.16197783461210571,-0.09233610341643583,8.719249445950405,8.654404259413399,8.930558060572237,-0.1619260907842984,-0.17831505099397038,-0.1086733197983005
competitive_tharsis,Competitive Tharsis,Industrial Microbes,4539,3977,562,87.61841815377836,0.5888962326503635,0.6255971838068897,0.3291814946619217,8.642358814668206,8.580801798708816,9.069753598907612,0.5725590162684988,0.609259967425025,0.312844278280057
competitive_tharsis,Competitive Tharsis,Insects,4592,4006,586,87.23867595818815,-0.10387630662020905,-0.04892661008487269,-0.47952218430034127,8.684973403239255,8.787808067590852,7.943201604964706,-0.12021352300207372,-0.06526382646673737,-0.49585940068220596
competitive_tharsis,Competitive Tharsis,Insulation,4537,157,4380,3.46043641172581,-0.37844390566453606,-1.070063694267516,-0.3536529680365297,8.762232716677364,7.636883047960387,8.799655263656309,-0.39478112204640076,-1.0864009106493806,-0.3699901844183944
competitive_tharsis,Competitive Tharsis,Interstellar Colony Ship,4496,1743,2753,38.76779359430605,-0.5498220640569395,-0.2231784279977051,-0.7566291318561569,8.699441121727343,8.711941459315094,8.686751086975645,-0.5661592804388041,-0.23951564437956976,-0.7729663482380216
competitive_tharsis,Competitive Tharsis,Invention Contest,4593,4357,236,94.86174613542347,0.3069888961463096,0.322010557723204,0.029661016949152543,8.67820402499259,8.689195384742591,8.485981524714333,0.2906516797644449,0.30567334134133933,0.01332380056728787
competitive_tharsis,Competitive Tharsis,Inventors' Guild,4624,4441,183,96.0423875432526,0.5910467128027682,0.6620130601215942,-1.1311475409836065,8.732965797168598,8.741194818077053,8.370819428627254,0.5747094964209035,0.6456758437397295,-1.1474847573654712
competitive_tharsis,Competitive Tharsis,Investment Loan,4539,3681,858,81.09715796430932,-0.10442828816920026,0.10703613148600924,-1.0116550116550116,8.692819853764723,8.868419602176605,7.835523590025898,-0.12076550455106494,0.09069891510414457,-1.0279922280368763
competitive_tharsis,Competitive Tharsis,Io Mining Industries,4511,3742,769,82.95278208822877,0.3442695632897362,0.1205237840726884,1.433029908972692,8.78413644446575,8.803243609121312,8.6135794739802,0.3279323469078715,0.10418656769082374,1.4166926925908272
competitive_tharsis,Competitive Tharsis,Ironworks,4529,604,3925,13.336277323912563,-0.3501876793994259,0.0380794701986755,-0.4099363057324841,8.593394136100876,8.80582162442757,8.55981848394597,-0.3665248957812906,0.021742253816810823,-0.42627352211434877
competitive_tharsis,Competitive Tharsis,Kelp Farming,4630,4167,463,90.0,0.8760259179265659,1.0175185985121191,-0.39740820734341253,8.636221666073812,8.712505857414648,7.810648310755309,0.8596887015447012,1.0011813821302544,-0.41374542372527723
competitive_tharsis,Competitive Tharsis,Lagrange Observatory,4598,3802,796,82.68812527185733,-0.19812962157459765,-0.06628090478695424,-0.8278894472361809,8.761660603029362,8.848803010001497,8.309380987492984,-0.21446683795646232,-0.08261812116881892,-0.8442266636180455
competitive_tharsis,Competitive Tharsis,Lake Marineris,4567,1414,3153,30.961243704839063,-0.45806875410553977,-0.5650636492220651,-0.4100856327307326,8.638880118853983,8.943382270887298,8.499790219807531,-0.47440597048740446,-0.5814008656039298,-0.4264228491125973
competitive_tharsis,Competitive Tharsis,Land Claim,4562,343,4219,7.518632178868917,-0.13612450679526522,-0.30029154518950435,-0.12277790945721735,8.75504636241284,8.604376346511913,8.76805055508274,-0.1524617231771299,-0.31662876157136904,-0.13911512583908203
competitive_tharsis,Competitive Tharsis,Large Convoy,4607,4166,441,90.42761015845453,0.023008465378771433,0.039366298607777246,-0.13151927437641722,8.770182493971616,8.805072530274362,8.441560051059898,0.00667124899690676,0.023029082225912573,-0.1478564907582819
competitive_tharsis,Competitive Tharsis,Lava Flows,4680,3672,1008,78.46153846153847,0.2108974358974359,0.27369281045751637,-0.017857142857142856,8.680710994529347,8.682039478940993,8.676331452813166,0.19456021951557123,0.2573555940756517,-0.03419435923900753
competitive_tharsis,Competitive Tharsis,Lava Tube Settlement,4491,2002,2489,44.578044978846584,-0.4564684925406368,-0.9005994005994006,-0.09923664122137404,8.710235634500837,8.633732620997375,8.756680696048448,-0.4728057089225015,-0.9169366169812653,-0.11557385760323871
competitive_tharsis,Competitive Tharsis,Lichen,4488,2886,1602,64.3048128342246,-0.45766488413547235,-0.6361746361746362,-0.13607990012484394,8.82572718202334,8.909286401447078,8.666646692092307,-0.47400210051733704,-0.6525118525565009,-0.1524171165067086
competitive_tharsis,Competitive Tharsis,Lightning Harvest,4559,1159,3400,25.422241719675366,-0.2682605834612854,-0.6557377049180327,-0.1361764705882353,8.698989936302782,8.301613517774685,8.82766170333955,-0.2845977998431501,-0.6720749212998974,-0.15251368697009995
competitive_tharsis,Competitive Tharsis,Livestock,4573,900,3673,19.68073474743057,-0.448939427071944,-1.298888888888889,-0.2406751973863327,8.858508266806792,8.786846708066927,8.864743192847666,-0.4652766434538087,-1.3152261052707537,-0.2570124137681974
competitive_tharsis,Competitive Tharsis,Local Heat Trapping,4505,970,3535,21.53163152053274,-0.13052164261931187,0.007216494845360825,-0.16831683168316833,8.591313579528425,8.812398005150042,8.5305279462433,-0.14685885900117654,-0.009120721536503848,-0.184654048065033
competitive_tharsis,Competitive Tharsis,Lunar Beam,4501,2526,1975,56.12086203065985,-0.16351921795156632,-0.5312747426761678,0.30683544303797466,8.747693662466284,8.84133024567013,8.605800738061589,-0.179856434333431,-0.5476119590580325,0.29049822665610997
competitive_tharsis,Competitive Tharsis,Magnetic Field Dome,4504,146,4358,3.241563055062167,-0.3960923623445826,-1.1917808219178083,-0.3694355208811381,8.608304291880442,7.2161839839045605,8.650498503221089,-0.4124295787264473,-1.208118038299673,-0.3857727372630028
competitive_tharsis,Competitive Tharsis,Magnetic Field Generators,4616,185,4431,4.007798960138648,-0.1572790294627383,-0.7351351351351352,-0.1331527871812232,8.551365611983739,8.088512258276637,8.570165055997146,-0.17361624584460297,-0.7514723515169999,-0.14949000356308786
competitive_tharsis,Competitive Tharsis,Mangrove,4540,2113,2427,46.541850220264315,-0.22048458149779734,0.06247042120208235,-0.46683147919241863,8.708749679561121,8.941512235255306,8.49509047716385,-0.236821797879662,0.046133204820217676,-0.4831686955742833
competitive_tharsis,Competitive Tharsis,Mars University,4621,4563,58,98.74486041982254,1.041765851547284,1.064431295200526,-0.7413793103448276,8.74064669156242,8.736799489633153,8.935559446701106,1.0254286351654194,1.0480940788186612,-0.7577165267266923
competitive_tharsis,Competitive Tharsis,Martian Rails,4615,264,4351,5.7204767063921995,-0.323726977248104,-0.3068181818181818,-0.3247529303608366,8.792265583512899,7.944710971652161,8.841908101519952,-0.3400641936299687,-0.3231553982000465,-0.3410901467427013
competitive_tharsis,Competitive Tharsis,Martian Survey,4523,3122,1401,69.02498341808534,-0.18394870661065665,-0.21844971172325434,-0.10706638115631692,8.767740651592709,8.673378622585828,8.977111372931661,-0.20028592299252132,-0.234786928105119,-0.12340359753818159
competitive_tharsis,Competitive Tharsis,Mass Converter,4596,4225,371,91.92776327241079,0.7541340295909487,0.8653254437869823,-0.5121293800539084,8.813460022839926,8.853211225332794,8.253532481698901,0.737796813209084,0.8489882274051176,-0.5284665964357731
competitive_tharsis,Competitive Tharsis,Media Archives,4613,1658,2955,35.941903316713635,-0.181010188597442,-0.1700844390832328,-0.1871404399323181,8.686800712089658,8.618307141032671,8.726443507835011,-0.19734740497930667,-0.18642165546509748,-0.20347765631418277
competitive_tharsis,Competitive Tharsis,Media Group,4526,4464,62,98.63013698630137,1.0475033141847105,1.0806451612903225,-1.3387096774193548,8.837549056338721,8.841509961320613,8.269920903515136,1.0311660978028458,1.0643079449084578,-1.3550468938012195
competitive_tharsis,Competitive Tharsis,Medical Lab,4531,3803,728,83.93290664312514,0.07746634297064665,0.16828819353142255,-0.39697802197802196,8.732393946836178,8.766842144571367,8.540402671284701,0.06112912658878198,0.15195097714955788,-0.41331523835988665
competitive_tharsis,Competitive Tharsis,Methane From Titan,4614,3060,1554,66.31989596879063,0.0741222366710013,-0.006535947712418301,0.23294723294723294,8.752202660977925,8.779114813455168,8.699596733393953,0.05778502028913663,-0.022873164094282975,0.21661001656536827
competitive_tharsis,Competitive Tharsis,Micro-Mills,4580,564,4016,12.314410480349345,-0.45305676855895194,-1.3386524822695036,-0.3286852589641434,8.608148463045612,7.965101208230018,8.688351736946338,-0.46939398494081663,-1.3549896986513683,-0.3450224753460081
competitive_tharsis,Competitive Tharsis,Mine,4618,4526,92,98.00779558250325,0.7156777825898657,0.7275740167918692,0.13043478260869565,8.783730862211467,8.78991258559925,8.499796237123748,0.699340566208001,0.7112368004100045,0.11409756622683098
competitive_tharsis,Competitive Tharsis,Mineral Deposit,4539,4196,343,92.44326944260851,0.08085481383564662,0.13179218303145854,-0.5422740524781341,8.74663350567121,8.715611722941402,9.107727107197412,0.06451759745378194,0.11545496664959387,-0.5586112688599988
competitive_tharsis,Competitive Tharsis,Mining Area,4527,4438,89,98.03401811354098,1.1402694941462337,1.1748535376295628,-0.5842696629213483,8.569643069584831,8.566176570417191,8.613954045041798,1.123932277764369,1.158516321247698,-0.600606879303213
competitive_tharsis,Competitive Tharsis,Mining Expedition,4650,1179,3471,25.35483870967742,-0.26344086021505375,-1.0212044105173876,-0.006050129645635264,8.895491363882725,8.627180460079556,8.971470518822919,-0.27977807659691845,-1.0375416268992523,-0.022387346027499935
competitive_tharsis,Competitive Tharsis,Mining Rights,4607,4595,12,99.73952680703277,1.1753852832645975,1.1841131664853102,-2.1666666666666665,8.72307953190847,8.726386013473737,6.83351810541025,1.1590480668827328,1.1677759501034455,-2.183003883048531
competitive_tharsis,Competitive Tharsis,Miranda Resort,4590,3073,1517,66.94989106753813,0.06971677559912855,0.20143182557761147,-0.1970995385629532,8.744324693512203,8.82310077717625,8.579215973904196,0.053379559217263874,0.1850946091957468,-0.21343675494481787
competitive_tharsis,Competitive Tharsis,Mohole Area,4661,4092,569,87.79231924479726,0.9032396481441751,0.9452590420332356,0.6010544815465729,8.601194660526211,8.597262103411364,8.630975106004955,0.8869024317623104,0.9289218256513709,0.5847172651647082
competitive_tharsis,Competitive Tharsis,Moss,4619,2969,1650,64.27798224723966,-0.483654470664646,-0.707982485685416,-0.08,8.7629322351756,8.843690183954546,8.603644847940705,-0.4999916870465107,-0.7243197020672807,-0.09633721638186468
competitive_tharsis,Competitive Tharsis,Natural Preserve,4551,4486,65,98.5717424741815,0.8426719402329158,0.8653588943379402,-0.7230769230769231,8.735670880836068,8.754965805708553,7.1643817168416835,0.8263347238510511,0.8490216779560755,-0.7394141394587878
competitive_tharsis,Competitive Tharsis,Nitrite Reducing Bacteria,4522,620,3902,13.710747456877488,-0.30340557275541796,-0.8435483870967742,-0.2175807278318811,8.75048869054863,8.520224366347716,8.784530487959588,-0.31974278913728266,-0.8598856034786388,-0.23391794421374576
competitive_tharsis,Competitive Tharsis,Nitrogen-Rich Asteroid,4377,4118,259,94.0827050491204,0.8019191226867718,0.870082564351627,-0.28185328185328185,8.698447820615636,8.738162042081674,7.978271050492991,0.7855819063049071,0.8537453479697623,-0.29819049823514654
competitive_tharsis,Competitive Tharsis,Nitrophilic Moss,4518,3331,1187,73.72731297034086,0.17574147853032315,0.1053737616331432,0.37320977253580456,8.769329656900972,8.799911510094038,8.683573105635503,0.1594042621484585,0.08903654525127852,0.35687255615393987
competitive_tharsis,Competitive Tharsis,Noctis City,4741,4150,591,87.53427546931027,-0.22421430078042606,-0.26506024096385544,0.06260575296108291,8.591216447152823,8.588338876086787,8.613222352885012,-0.24055151716229073,-0.28139745734572014,0.046268536579218235
competitive_tharsis,Competitive Tharsis,Noctis Farming,4578,2812,1766,61.42420270860638,-0.28331148973350806,-0.35917496443812236,-0.1625141562853907,8.599296567938781,8.582519137835039,8.6270001888841,-0.29964870611537275,-0.37551218081998705,-0.17885137266725537
competitive_tharsis,Competitive Tharsis,Nuclear Power,4595,2011,2584,43.764961915125134,-0.35212187159956476,-0.3933366484336151,-0.32004643962848295,8.635766444475747,8.634993906005997,8.63790280810967,-0.36845908798142946,-0.4096738648154798,-0.33638365601034764
competitive_tharsis,Competitive Tharsis,Nuclear Zone,4609,4446,163,96.4634410935127,0.9845953569103927,1.0123706702654072,0.22699386503067484,8.614727002408655,8.635948092886071,8.001774967828363,0.968258140528528,0.9960334538835425,0.21065664864881017
competitive_tharsis,Competitive Tharsis,Olympus Conference,4496,4422,74,98.3540925266904,0.6830516014234875,0.6976481230212573,-0.1891891891891892,8.78039261339663,8.774961236662323,9.118212507590519,0.6667143850416228,0.6813109066393926,-0.20552640557105387
competitive_tharsis,Competitive Tharsis,Open City,4565,925,3640,20.262869660460023,-0.36297918948521357,-0.04864864864864865,-0.44285714285714284,8.599211481224419,8.720454807309766,8.567500506652806,-0.37931640586707827,-0.06498586503051332,-0.45919435923900753
competitive_tharsis,Competitive Tharsis,Optimal Aerobraking,4421,4304,117,97.35353992309432,0.6747342230264646,0.6981877323420075,-0.18803418803418803,8.563447890694011,8.57904621145516,7.954538526604476,0.6583970066445999,0.6818505159601428,-0.2043714044160527
competitive_tharsis,Competitive Tharsis,Ore Processor,4584,771,3813,16.819371727748692,-0.3540575916230366,-0.8132295719844358,-0.2612116443745083,8.656818790454183,8.21458198684856,8.741625181197874,-0.3703948080049013,-0.8295667883663005,-0.277548860756373
competitive_tharsis,Competitive Tharsis,Permafrost extraction,4552,723,3829,15.883128295254833,-0.38532513181019334,-0.9142461964038727,-0.2854531209193001,8.699254265045953,9.003745239828564,8.638130211897101,-0.40166234819205804,-0.9305834127857374,-0.3017903373011648
competitive_tharsis,Competitive Tharsis,Peroxide Power,4499,2987,1512,66.39253167370526,-0.2669482107134919,-0.40475393371275525,0.005291005291005291,8.630712260902202,8.672999198769464,8.542878870676176,-0.2832854270953566,-0.42109115009461995,-0.011046211090859383
competitive_tharsis,Competitive Tharsis,Pets,4633,2242,2391,48.39197064537017,-0.6315562270666955,-0.8746654772524531,-0.40359682141363445,8.729083889157883,8.29245074761705,9.1153814800085,-0.6478934434485601,-0.8910026936343178,-0.41993403779549915
competitive_tharsis,Competitive Tharsis,Phobos Space Haven,4540,2039,2501,44.91189427312775,-0.45418502202643174,-1.3614516920058852,0.2854858056777289,8.746805295803796,8.474304812342918,8.89629502961196,-0.47052223840829643,-1.37778890838775,0.2691485892958642
competitive_tharsis,Competitive Tharsis,Physics Complex,4633,707,3926,15.260090654003886,-0.4111806604791712,-0.43988684582743987,-0.40601120733571067,8.70190583270607,8.458714532672895,8.746024656703783,-0.4275178768610359,-0.45622406220930456,-0.42234842371757536
competitive_tharsis,Competitive Tharsis,Plantation,4609,3327,1282,72.1848557170753,-0.585159470600998,-0.6456266907123535,-0.4282371294851794,8.616224713991787,8.691913872525038,8.41794196516545,-0.6014966869828627,-0.6619639070942182,-0.4445743458670441
competitive_tharsis,Competitive Tharsis,Power Grid,4541,185,4356,4.073992512662409,-0.07531380753138076,-2.5405405405405403,0.02938475665748393,8.779835762036289,7.859481239776699,8.802335546858167,-0.09165102391324542,-2.556877756922405,0.013047540275619256
competitive_tharsis,Competitive Tharsis,Power Infrastructure,4586,279,4307,6.083733100741386,-0.3689489751417357,-1.0896057347670252,-0.3222660784768981,8.627891399207773,8.006463184308888,8.665410505014021,-0.3852861915236004,-1.1059429511488899,-0.3386032948587628
competitive_tharsis,Competitive Tharsis,Power Plant,4525,3886,639,85.87845303867404,0.2276243093922652,0.26351003602676276,0.009389671361502348,8.708202518632058,8.735556797770862,8.543448209427261,0.21128709301040052,0.2471728196448981,-0.006947545020362326
competitive_tharsis,Competitive Tharsis,Power Supply Consortium,4540,1714,2826,37.75330396475771,-0.32863436123348017,-0.661026837806301,-0.127034677990092,8.615321631032323,8.520503638232507,8.667616355852878,-0.34497157761534486,-0.6773640541881657,-0.14337189437195666
competitive_tharsis,Competitive Tharsis,Predators,4541,1320,3221,29.068487117375028,-0.20920502092050208,-0.6371212121212121,-0.03384042222912139,8.657675355527124,8.753432384755437,8.613352904589425,-0.22554223730236675,-0.6534584285030768,-0.050177638610986064
competitive_tharsis,Competitive Tharsis,Protected Habitats,4573,4370,203,95.56090094030178,-0.5967636125082003,-0.6151029748283753,-0.2019704433497537,8.79429087978023,8.799652025045178,8.690133021980511,-0.613100828890065,-0.63144019121024,-0.21830765973161836
competitive_tharsis,Competitive Tharsis,Protected Valley,4557,3697,860,81.12793504498573,0.27561992538951063,0.3570462537192318,-0.07441860465116279,8.592698338939305,8.736688993152132,7.939324416332866,0.25928270900764594,0.3407090373373671,-0.09075582103302746
competitive_tharsis,Competitive Tharsis,Psychrophiles,4557,4401,156,96.57669519420672,0.5727452271231073,0.5925925925925926,0.01282051282051282,8.681607602861543,8.705673679202214,7.978185725918765,0.5564080107412426,0.5762553762107279,-0.0035167035613518534
competitive_tharsis,Competitive Tharsis,Quantum Extractor,4625,3994,631,86.35675675675675,0.5005405405405405,0.6644967451176765,-0.5372424722662441,8.805916841564853,8.834261923394841,8.558563408777566,0.48420332415867584,0.6481595287358118,-0.5535796886481088
competitive_tharsis,Competitive Tharsis,Rad-Chem Factory,4581,1618,2963,35.319799170486796,-0.2964418249290548,-0.80778739184178,-0.01721228484643942,8.695095139005888,8.568441827351645,8.752314677416262,-0.3127790413109195,-0.8241246082236446,-0.03354950122830409
competitive_tharsis,Competitive Tharsis,Rad-Suits,4537,347,4190,7.648225699801631,-0.4767467489530527,-1.4985590778097984,-0.3921241050119332,8.673936165475101,7.237656280728846,8.777762492223692,-0.4930839653349174,-1.514896294191663,-0.40846132139379787
competitive_tharsis,Competitive Tharsis,Regolith Eaters,4493,747,3746,16.625862452704208,-0.10104607166703762,0.4538152610441767,-0.21169247197010144,8.664470355753997,8.757620704898448,8.642694158363703,-0.1173832880489023,0.437478044662312,-0.2280296883519661
competitive_tharsis,Competitive Tharsis,Release of Inert Gases,4577,903,3674,19.729080183526328,-0.22875245794188334,-0.7951273532668881,-0.08954817637452368,8.814540893175295,8.461278606362923,8.894816562460315,-0.245089674323748,-0.8114645696487528,-0.10588539275638836
competitive_tharsis,Competitive Tharsis,Research,4612,4474,138,97.00780572419775,0.7322202948829142,0.743406347787215,0.3695652173913043,8.736017325571352,8.754078995427479,8.150120761235563,0.7158830785010495,0.7270691314053503,0.35322800100943963
competitive_tharsis,Competitive Tharsis,Research Coordination,4491,3740,751,83.27766644399911,-0.11578712981518592,-0.11069518716577541,-0.1411451398135819,8.608740970063089,8.657739399467792,8.366045550531807,-0.1321243461970506,-0.1270324035476401,-0.15748235619544657
competitive_tharsis,Competitive Tharsis,Research Outpost,4594,4587,7,99.84762734000871,1.8772311710927296,1.8707216045345543,6.142857142857143,8.531556136807698,8.531544529112052,7.988086367179803,1.860893954710865,1.8543843881526896,6.126519926475279
competitive_tharsis,Competitive Tharsis,Restricted Area,4631,4605,26,99.43856618440941,2.1118548909522783,2.1237785016286646,0.0,8.651646357843406,8.653322135584977,8.2365041127896,2.095517674570414,2.1074412852468,-0.016337216381864673
competitive_tharsis,Competitive Tharsis,Robotic Workforce,4586,4098,488,89.35891844744876,0.4428696031399913,0.4719375305026842,0.1987704918032787,8.49963155062655,8.488750798475904,8.595366602263102,0.4265323867581266,0.4556003141208195,0.18243327542141402
competitive_tharsis,Competitive Tharsis,Rover Construction,4450,2674,1776,60.08988764044944,-0.44449438202247193,-0.6342557965594615,-0.15878378378378377,8.674151592333855,8.523778982590178,8.890546426368932,-0.46083159840433663,-0.6505930129413262,-0.17512100016564844
competitive_tharsis,Competitive Tharsis,SF Memorial,4442,2212,2230,49.797388563710044,-0.41175146330481766,-0.6713381555153707,-0.15426008968609867,8.713197853664994,8.493700617278988,8.92003593394527,-0.42808867968668235,-0.6876753718972354,-0.17059730606796333
competitive_tharsis,Competitive Tharsis,Sabotage,4511,4192,319,92.92839725116382,0.2072711150520949,0.28435114503816794,-0.8056426332288401,8.69542787711852,8.7841782758895,7.368543937487232,0.19093389867023022,0.26801392865630325,-0.8219798496107048
competitive_tharsis,Competitive Tharsis,Satellites,4513,1846,2667,40.90405495235985,-0.31420341236428095,-0.23835319609967498,-0.36670416197975253,8.634707246282545,8.442861502411231,8.766226265008578,-0.33054062874614565,-0.2546904124815397,-0.3830413783616172
competitive_tharsis,Competitive Tharsis,Search For Life,4575,3028,1547,66.18579234972678,-0.39344262295081966,-0.3365257595772787,-0.5048480930833872,8.754457959619447,8.720413763376703,8.822480753675029,-0.40977983933268436,-0.3528629759591434,-0.5211853094652519
competitive_tharsis,Competitive Tharsis,Security Fleet,4532,69,4463,1.5225066195939982,-0.4210061782877317,-1.7536231884057971,-0.40040331615505265,8.666491917023407,7.092676001053832,8.687635268629894,-0.4373433946695964,-1.7699604047876618,-0.41674053253691734
competitive_tharsis,Competitive Tharsis,Shuttles,4619,1739,2880,37.6488417406365,-0.2857761420220827,-0.386428982173663,-0.225,8.77613371937291,8.743707904512577,8.796613545253441,-0.3021133584039474,-0.4027661985555277,-0.24133721638186467
competitive_tharsis,Competitive Tharsis,Small Animals,4623,2496,2127,53.99091499026606,-0.1745619727449708,0.003205128205128205,-0.38316878232252,8.626387828039993,8.78721913826881,8.431024925793118,-0.19089918912683546,-0.01313208817673647,-0.3995059987043847
competitive_tharsis,Competitive Tharsis,Soil Factory,4576,233,4343,5.091783216783217,-0.33020104895104896,-1.2832618025751072,-0.27906976744186046,8.681920995848195,7.337111829898727,8.74601662889098,-0.34653826533291365,-1.299599018956972,-0.29540698382372516
competitive_tharsis,Competitive Tharsis,Solar Power,4668,1546,3122,33.1191088260497,-0.553770351328192,-0.759379042690815,-0.45195387572069184,8.593297496818508,8.29553195931092,8.736509132575135,-0.5701075677100567,-0.7757162590726797,-0.46829109210255654
competitive_tharsis,Competitive Tharsis,Solar Wind Power,4444,4282,162,96.35463546354636,0.28105310531053107,0.3234469873890705,-0.8395061728395061,8.944799892716683,8.964971490963741,8.342001472937763,0.2647158889286664,0.3071097710072058,-0.8558433892213708
competitive_tharsis,Competitive Tharsis,Soletta,4655,2262,2393,48.59291084854995,-0.5701396348012889,-0.9496021220159151,-0.2114500626828249,8.543964128900244,8.602228984099057,8.47470676746001,-0.5864768511831536,-0.9659393383977798,-0.22778727906468957
competitive_tharsis,Competitive Tharsis,Space Elevator,4496,4190,306,93.19395017793595,1.331405693950178,1.4503579952267303,-0.2973856209150327,8.616901485802247,8.5907339654521,8.821720197386274,1.3150684775683132,1.4340207788448656,-0.31372283729689737
competitive_tharsis,Competitive Tharsis,Space Hotels,4571,3749,822,82.01706409975935,0.8039816232771823,1.0946919178447585,-0.5218978102189781,8.738610812670947,8.71181842372243,8.743266477467106,0.7876444068953176,1.0783547014628938,-0.5382350266008428
competitive_tharsis,Competitive Tharsis,Space Mirrors,4622,520,4102,11.25054089138901,-0.40696668109043704,-0.9519230769230769,-0.3378839590443686,8.75012592326454,7.981891605199503,8.841249292913318,-0.42330389747230174,-0.9682602933049416,-0.35422117542623327
competitive_tharsis,Competitive Tharsis,Space Station,4545,3171,1374,69.76897689768977,-0.14125412541254126,-0.282245348470514,0.1841339155749636,8.749261976565212,8.70715993879302,8.840267984231971,-0.15759134179440593,-0.2985825648523787,0.16779669919309895
competitive_tharsis,Competitive Tharsis,Special Design,4556,511,4045,11.215978928884986,-0.4859525899912204,-1.172211350293542,-0.3992583436341162,8.711979979466525,8.784438714665498,8.700026117481729,-0.5022898063730851,-1.1885485666754068,-0.4155955600159809
competitive_tharsis,Competitive Tharsis,Sponsors,4474,4371,103,97.69780956638355,0.5735359856951274,0.5968885838480896,-0.4174757281553398,8.76042136464823,8.774882472104917,8.100501402835894,0.5571987693132627,0.5805513674662249,-0.4338129445372045
competitive_tharsis,Competitive Tharsis,Standard Technology,4526,3808,718,84.13610251878038,-0.09036676977463544,-0.11790966386554622,0.055710306406685235,8.718356071802296,8.68822043344991,8.881190974243347,-0.10670398615650012,-0.13424688024741088,0.03937309002482056
competitive_tharsis,Competitive Tharsis,Steelworks,4568,994,3574,21.760070052539405,-0.13353765323992994,0.289738430583501,-0.251259093452714,8.612990708259062,8.632741447902648,8.604998731676053,-0.1498748696217946,0.2734012142016363,-0.2675963098345787
competitive_tharsis,Competitive Tharsis,Strip Mine,4563,3701,862,81.10891957045803,0.33727810650887574,0.3388273439610916,0.3306264501160093,8.759712202353366,8.718993100040866,8.93756713134584,0.32094089012701105,0.3224901275792269,0.3142892337341446
competitive_tharsis,Competitive Tharsis,Subterranean Reservoir,4662,3740,922,80.22308022308022,0.24152724152724153,0.1663101604278075,0.5466377440347071,8.770795196888521,8.73885727038385,8.897442847574158,0.22519002514537687,0.14997294404594283,0.5303005276528424
competitive_tharsis,Competitive Tharsis,Symbiotic Fungus,4633,211,4422,4.554284480897906,-0.17526440751133174,0.07109004739336493,-0.18701944821347807,8.762354777574275,9.07165487325614,8.748209949270668,-0.1916016238931964,0.054752831011500254,-0.20335666459534274
competitive_tharsis,Competitive Tharsis,Tardigrades,4584,644,3940,14.048865619546248,-0.16055846422338568,-0.4658385093167702,-0.11065989847715736,8.685071486083414,8.703358109093546,8.682164638435609,-0.17689568060525035,-0.48217572569863487,-0.12699711485902204
competitive_tharsis,Competitive Tharsis,Technology Demonstration,4603,4388,215,95.32913317401695,0.14295024983706278,0.1547402005469462,-0.09767441860465116,8.65375218797108,8.650469370714758,8.73732696062508,0.12661303345519812,0.13840298416508154,-0.11401163498651584
competitive_tharsis,Competitive Tharsis,Tectonic Stress Power,4681,1357,3324,28.989532151249733,-0.11877803888058107,-0.10611643330876934,-0.12394705174488568,8.697774047323076,8.406992420521425,8.814962347286286,-0.13511525526244575,-0.12245364969063402,-0.14028426812675035
competitive_tharsis,Competitive Tharsis,Terraforming Ganymede,4603,3035,1568,65.93525961329567,-0.013252226808603084,-0.13212520593080726,0.21683673469387754,8.821275686665096,8.827132353572278,8.808183361818747,-0.02958944319046776,-0.14846242231267193,0.20049951831201288
competitive_tharsis,Competitive Tharsis,Titanium Mine,4574,4502,72,98.42588543944032,0.6414516834280717,0.6494891159484674,0.1388888888888889,8.892117467949586,8.892166630087523,8.936876530887371,0.625114467046207,0.6331518995666027,0.12255167250702423
competitive_tharsis,Competitive Tharsis,Toll Station,4647,411,4236,8.844415752098127,-0.44889175812352056,-1.2384428223844282,-0.3722851746931067,8.745401741068806,8.171728867946792,8.796209152897248,-0.46522897450538525,-1.2547800387662928,-0.3886223910749714
competitive_tharsis,Competitive Tharsis,Towing a Comet,4601,4248,353,92.32775483590524,-0.2838513366659422,-0.3046139359698682,-0.0339943342776204,8.727533768810092,8.782271104153299,8.047019505408345,-0.3001885530478069,-0.3209511523517329,-0.05033155065948507
competitive_tharsis,Competitive Tharsis,Trans-Neptune Probe,4503,3424,1079,76.03819675771707,-0.24650233177881412,-0.24094626168224298,-0.26413345690454126,8.768841267140639,8.801047319926289,8.669874160771878,-0.2628395481606788,-0.2572834780641077,-0.28047067328640596
competitive_tharsis,Competitive Tharsis,Trees,4568,2834,1734,62.04028021015762,0.087784588441331,0.21630204657727595,-0.12226066897347174,8.85253490755476,8.94601621322837,8.696063031921486,0.07144737205946633,0.19996483019541128,-0.1385978853553364
competitive_tharsis,Competitive Tharsis,Tropical Resort,4512,227,4285,5.031028368794326,-0.4849290780141844,-2.2951541850220263,-0.38903150525087515,8.644984183655126,7.908554981847224,8.672569694053403,-0.5012662943960491,-2.3114914014038908,-0.40536872163273985
competitive_tharsis,Competitive Tharsis,Tundra Farming,4605,565,4040,12.26927252985885,-0.46080347448425624,-1.3699115044247787,-0.3336633663366337,8.694023819823466,7.959303456771663,8.785302241509198,-0.47714069086612093,-1.3862487208066434,-0.3500005827184984
competitive_tharsis,Competitive Tharsis,Underground City,4589,1797,2792,39.15885813902811,-0.24166485073000654,-0.7429048414023373,0.08094555873925502,8.570099092090087,8.135586200556533,8.824855502164484,-0.25800206711187124,-0.759242057784202,0.06460834235739035
competitive_tharsis,Competitive Tharsis,Underground Detonations,4534,96,4438,2.11733568592854,-0.42456991618879575,-2.125,-0.3877872915727805,8.727151984382553,8.28473548794789,8.733703625087351,-0.44090713257066044,-2.1413372163818645,-0.4041245079546452
competitive_tharsis,Competitive Tharsis,Urbanized Area,4535,1006,3529,22.183020948180815,-0.3587651598676957,-0.8687872763419483,-0.2133748937376027,8.748448587461054,8.32789951720324,8.860443712640375,-0.3751023762495604,-0.885124492723813,-0.22971211011946738
competitive_tharsis,Competitive Tharsis,Vesta Shipyard,4450,3660,790,82.24719101123596,-0.032134831460674154,-0.03333333333333333,-0.026582278481012658,8.696816404916653,8.692869688421533,8.720591846009032,-0.04847204784253883,-0.049670549715198006,-0.04291949486287733
competitive_tharsis,Competitive Tharsis,Viral Enhancers,4580,4481,99,97.83842794759825,0.08427947598253276,0.10756527560812319,-0.9696969696969697,8.596248846992083,8.60450662569835,8.185919400888814,0.06794225960066808,0.09122805922625851,-0.9860341860788344
competitive_tharsis,Competitive Tharsis,Virus,4514,3795,719,84.07177669472752,0.08595480726628267,0.15573122529644268,-0.282336578581363,8.796926642566957,8.925051999923081,8.0829341243919,0.06961759088441799,0.139394008914578,-0.2986737949632277
competitive_tharsis,Competitive Tharsis,Water Import From Europa,4559,2472,2087,54.222417196753675,-0.3450318052204431,-0.6545307443365695,0.02156205079060853,8.69585378005544,8.657308822984254,8.729174084931545,-0.36136902160230777,-0.6708679607184342,0.005224834408743856
competitive_tharsis,Competitive Tharsis,Water Splitting Plant,4648,378,4270,8.132530120481928,-0.2921686746987952,-0.9365079365079365,-0.2351288056206089,8.713171255821928,8.478788667561398,8.73229468179668,-0.3085058910806599,-0.9528451528898012,-0.2514660220024736
competitive_tharsis,Competitive Tharsis,Wave Power,4621,775,3846,16.771261631681455,-0.020558320709803072,-1.032258064516129,0.18330733229329174,8.756976772781405,8.330246990359695,8.827486455448515,-0.03689553709166775,-1.0485952808979937,0.16697011591142707
competitive_tharsis,Competitive Tharsis,Windmills,4505,388,4117,8.612652608213097,-0.25238623751387346,-0.615979381443299,-0.21811999028418752,8.733294594189795,8.732868933719734,8.733614788351563,-0.26872345389573815,-0.6323165978251637,-0.2344572066660522
competitive_tharsis,Competitive Tharsis,Worms,4589,198,4391,4.314665504467204,-0.38461538461538464,-1.2878787878787878,-0.3438852197677067,8.716299578654125,7.86710394056345,8.751267182153017,-0.40095260099724933,-1.3042160042606525,-0.3602224361495714
competitive_tharsis,Competitive Tharsis,Zeppelins,4488,249,4239,5.548128342245989,-0.20476827094474154,-0.4779116465863454,-0.1887237556027365,8.731525665143081,7.899604041234676,8.77852689516611,-0.2211054873266062,-0.4942488629682101,-0.20506097198460116
competitive_not_tharsis,Competitive maps except Tharsis,AI Central,4278,4213,65,98.48059841047218,2.190275829827022,2.2278661286494184,-0.24615384615384617,8.543731668542955,8.56095468051918,6.973231785797855,2.179555022006633,2.2171453208290295,-0.25687465397423503
competitive_not_tharsis,Competitive maps except Tharsis,Acquired Company,4362,4298,64,98.53278312700596,0.7771664374140302,0.808282922289437,-1.3125,8.504384746247919,8.505580381888072,8.22090830342568,0.7664456295936414,0.7975621144690481,-1.3232208078203889
competitive_not_tharsis,Competitive maps except Tharsis,Adaptation Technology,4300,1669,2631,38.81395348837209,-0.1283720930232558,-0.06231276213301378,-0.1702774610414291,8.631387280383246,8.728640235188905,8.570524155243346,-0.13909290084364467,-0.07303356995340266,-0.18099826886181797
competitive_not_tharsis,Competitive maps except Tharsis,Adapted Lichen,4371,2231,2140,51.040951727293525,-0.19148936170212766,-0.656656207978485,0.29345794392523367,8.459010380313176,8.257867526099885,8.63903176041527,-0.20221016952251653,-0.6673770157988739,0.2827371361048448
competitive_not_tharsis,Competitive maps except Tharsis,Advanced Alloys,4303,4242,61,98.58238438298861,1.7095049965140598,1.7435172088637436,-0.6557377049180327,8.53119199899248,8.52958493018098,8.376326254991186,1.698784188693671,1.7327964010433548,-0.6664585127384216
competitive_not_tharsis,Competitive maps except Tharsis,Advanced Ecosystems,4340,3176,1164,73.17972350230414,-0.5158986175115208,-0.4433249370277078,-0.7139175257731959,8.435319885501002,8.596717895749928,7.9785683766844695,-0.5266194253319096,-0.4540457448480967,-0.7246383335935848
competitive_not_tharsis,Competitive maps except Tharsis,Aerobraked Ammonia Asteroid,4340,480,3860,11.059907834101383,-0.36105990783410136,-1.0375,-0.2769430051813471,8.609598976929233,8.005911829212149,8.679024105661584,-0.3717807156544902,-1.048220807820389,-0.287663813001736
competitive_not_tharsis,Competitive maps except Tharsis,Algae,4450,3567,883,80.15730337078652,-0.26134831460674157,-0.2943650126156434,-0.12797281993204984,8.52187765231854,8.61214686813236,8.150409966411235,-0.27206912242713044,-0.3050858204360323,-0.1386936277524387
competitive_not_tharsis,Competitive maps except Tharsis,Anti-Gravity Technology,4254,3957,297,93.01833568406207,0.5684062059238364,0.6798079353045237,-0.9158249158249159,8.443413306300371,8.498606866355525,7.527179495563471,0.5576853981034475,0.6690871274841348,-0.9265457236453047
competitive_not_tharsis,Competitive maps except Tharsis,Ants,4265,777,3488,18.218053927315356,-0.2611957796014068,-0.7027027027027027,-0.1628440366972477,8.37022984342064,8.1767148272639,8.410726633799529,-0.27191658742179564,-0.7134235105230916,-0.17356484451763657
competitive_not_tharsis,Competitive maps except Tharsis,Aquifer Pumping,4315,665,3650,15.41135573580533,-0.2558516801853998,-0.4030075187969925,-0.22904109589041097,8.554165411327252,8.40306115200532,8.582271900169527,-0.26657248800578864,-0.41372832661738135,-0.23976190371079983
competitive_not_tharsis,Competitive maps except Tharsis,Archaebacteria,4483,3811,672,85.01003792103502,0.09725630158376088,0.03253739176069273,0.4642857142857143,8.37752134920486,8.364685882426143,8.446830537890019,0.08653549376337201,0.02181658394030386,0.45356490646532543
competitive_not_tharsis,Competitive maps except Tharsis,Arctic Algae,4267,4167,100,97.65643309116476,0.6058120459339114,0.6013918886489081,0.79,8.453909343233189,8.45014341004193,8.650678726218102,0.5950912381135225,0.5906710808285193,0.7792791921796112
competitive_not_tharsis,Competitive maps except Tharsis,Artificial Lake,4396,226,4170,5.141037306642402,-0.18175614194722475,-1.6283185840707965,-0.10335731414868106,8.508307883231268,8.177687464765722,8.51978990939145,-0.19247694976761362,-1.6390393918911854,-0.11407812196906993
competitive_not_tharsis,Competitive maps except Tharsis,Artificial Photosynthesis,4226,3365,861,79.62612399432088,-0.14552768575485092,-0.11203566121842497,-0.2764227642276423,8.49335975190784,8.478811153213352,8.553675354619521,-0.1562484935752398,-0.12275646903881383,-0.28714357204803115
competitive_not_tharsis,Competitive maps except Tharsis,Asteroid,4349,3925,424,90.2506323292711,-0.34881581972867326,-0.35363057324840763,-0.30424528301886794,8.536730617839176,8.6286091115475,7.643002695877948,-0.3595366275490621,-0.3643513810687965,-0.3149660908392568
competitive_not_tharsis,Competitive maps except Tharsis,Asteroid Mining,4331,3880,451,89.58670053105519,0.3717386284922651,0.29690721649484536,1.0155210643015522,8.522047222952784,8.51370099527322,8.57605080734197,0.3610178206718762,0.2861864086744565,1.0048002564811633
competitive_not_tharsis,Competitive maps except Tharsis,Asteroid Mining Consortium,4408,4015,393,91.08439201451905,1.2926497277676952,1.4082191780821918,0.11195928753180662,8.613745694935673,8.66249653564005,8.014189232827158,1.2819289199473063,1.397498370261803,0.10123847971141775
competitive_not_tharsis,Competitive maps except Tharsis,Beam From a Thorium Asteroid,4348,2406,1942,55.33578656853726,0.09728610855565778,0.13050706566916043,0.05612770339855819,8.614054991915555,8.391090730727525,8.884538494244266,0.08656530073526891,0.11978625784877156,0.04540689557816932
competitive_not_tharsis,Competitive maps except Tharsis,Big Asteroid,4329,4048,281,93.50889350889351,0.26495726495726496,0.3174407114624506,-0.49110320284697506,8.389946094898285,8.44062517645185,7.596105148130453,0.2542364571368761,0.30671990364206175,-0.5018240106673639
competitive_not_tharsis,Competitive maps except Tharsis,Biomass Combustors,4202,1086,3116,25.84483579247977,-0.5235602094240838,-0.6850828729281768,-0.4672657252888318,8.482225384545991,8.592156874889506,8.444239939471794,-0.5342810172444726,-0.6958036807485657,-0.4779865331092207
competitive_not_tharsis,Competitive maps except Tharsis,Birds,4294,2905,1389,67.65253842571029,0.07009781089892873,0.11600688468158347,-0.02591792656587473,8.478853823566414,8.681578326050946,8.040561212197316,0.05937700307853987,0.10528607686119461,-0.0366387343862636
competitive_not_tharsis,Competitive maps except Tharsis,Black Polar Dust,4384,859,3525,19.59397810218978,-0.29242700729927007,-1.1769499417927822,-0.07687943262411348,8.450782317833067,8.206335576861047,8.496479969440326,-0.30314781511965894,-1.187670749613171,-0.08760024044450235
competitive_not_tharsis,Competitive maps except Tharsis,Breathing Filters,4255,455,3800,10.693301997649824,-0.38307873090481787,-1.0461538461538462,-0.3036842105263158,8.628050133103521,8.219461000532506,8.673322300091025,-0.39379953872520673,-1.056874653974235,-0.31440501834670465
competitive_not_tharsis,Competitive maps except Tharsis,Bribed Committee,4387,3296,1091,75.13106906770003,-0.03305219968087531,0.12226941747572816,-0.5022914757103575,8.493099683410097,8.527625827470422,8.374313296306076,-0.043773007501264186,0.11154860965533929,-0.5130122835307463
competitive_not_tharsis,Competitive maps except Tharsis,Building Industries,4282,3808,474,88.93040635217189,0.481317141522653,0.5063025210084033,0.2805907172995781,8.453964615658355,8.474840292139882,8.290405753477454,0.4705963337022641,0.49558171318801447,0.2698699094791892
competitive_not_tharsis,Competitive maps except Tharsis,Bushes,4418,3328,1090,75.32820280669986,-0.24105930285196922,-0.32962740384615385,0.029357798165137616,8.435136146603776,8.59581333175515,7.922087345312303,-0.2517801106723581,-0.3403482116665427,0.018636990344748746
competitive_not_tharsis,Competitive maps except Tharsis,Business Contacts,4331,4157,174,95.9824520895867,0.28030477949665206,0.26966562424825596,0.5344827586206896,8.531394407167246,8.540971639316213,8.319241956160102,0.2695839716762632,0.2589448164278671,0.5237619508003007
competitive_not_tharsis,Competitive maps except Tharsis,Business Network,4333,4158,175,95.96122778675283,0.1920147703669513,0.2126022126022126,-0.29714285714285715,8.614797600568808,8.630914049274882,8.231055773480168,0.18129396254656244,0.20188140478182373,-0.307863664963246
competitive_not_tharsis,Competitive maps except Tharsis,CEO's Favourite Project,4339,488,3851,11.246831067066145,-0.23968656372436045,-0.6454918032786885,-0.18826278888600365,8.689096493488288,8.568323075875556,8.70402966056315,-0.25040737154474935,-0.6562126110990774,-0.1989835967063925
competitive_not_tharsis,Competitive maps except Tharsis,Callisto Penal Mines,4307,2502,1805,58.09147898769445,-0.14255862549338286,-0.25499600319744203,0.013296398891966758,8.636253491084712,8.728141430960457,8.507192759718832,-0.15327943331377172,-0.2657168110178309,0.002575591071577888
competitive_not_tharsis,Competitive maps except Tharsis,Capital,4278,1081,3197,25.268817204301076,-0.3595137914913511,-0.8612395929694727,-0.18986549890522364,8.449288517550704,8.181686071984492,8.532455736145838,-0.37023459931173996,-0.8719604007898616,-0.2005863067256125
competitive_not_tharsis,Competitive maps except Tharsis,Carbonate Processing,4248,1751,2497,41.21939736346516,-0.2062146892655367,-0.8549400342661336,0.2486984381257509,8.318525739628258,8.250823500673082,8.33725608641418,-0.21693549708592558,-0.8656608420865225,0.23797763030536204
competitive_not_tharsis,Competitive maps except Tharsis,Caretaker Contract,4290,32,4258,0.745920745920746,-0.27296037296037295,-4.65625,-0.240018788163457,8.399382720039723,5.184402009253178,8.410630945181985,-0.2836811807807618,-4.666970807820389,-0.2507395959838459
competitive_not_tharsis,Competitive maps except Tharsis,Cartel,4267,3367,900,78.90789782048277,0.5205062104523084,0.6106326106326107,0.18333333333333332,8.444309658779577,8.460079605174416,8.381129155292044,0.5097854026319195,0.5999118028122218,0.17261252551294445
competitive_not_tharsis,Competitive maps except Tharsis,Cloud Seeding,4456,619,3837,13.891382405745063,-0.25875224416517056,-1.3554119547657513,-0.08183476674485275,8.449395925551658,8.155825579908463,8.483565414287119,-0.26947305198555943,-1.3661327625861401,-0.09255557456524162
competitive_not_tharsis,Competitive maps except Tharsis,Colonizer Training Camp,4367,3224,1143,73.82642546370506,-0.3256239981680788,-0.4137717121588089,-0.07699037620297462,8.437761721898728,8.391151696129615,8.566686221967723,-0.33634480598846767,-0.4244925199791978,-0.08771118402336349
competitive_not_tharsis,Competitive maps except Tharsis,Comet,4372,3979,393,91.01097895699908,0.04025617566331199,0.008544860517718019,0.361323155216285,8.550988481260731,8.593900778279536,8.107173082379038,0.029535367842923117,-0.002175947302670851,0.35060234739589613
competitive_not_tharsis,Competitive maps except Tharsis,Commercial District,4305,3091,1214,71.80023228803717,-0.01835075493612079,-0.07214493691362019,0.1186161449752883,8.426943179468504,8.445847137896893,8.380527388146996,-0.02907156275650966,-0.08286574473400905,0.10789533715489943
competitive_not_tharsis,Competitive maps except Tharsis,Convoy From Europa,4317,3616,701,83.7618716701413,-0.03104007412555015,-0.0351216814159292,-0.009985734664764621,8.470056299346698,8.45527717962928,8.551936297024646,-0.04176088194593902,-0.045842489236318076,-0.02070654248515349
competitive_not_tharsis,Competitive maps except Tharsis,Corporate Stronghold,4288,2332,1956,54.384328358208954,0.09001865671641791,0.021012006861063463,0.17229038854805726,8.546382087894312,8.420775986574634,8.695206609042902,0.07929784889602905,0.010291199040674593,0.1615695807276684
competitive_not_tharsis,Competitive maps except Tharsis,Cupola City,4319,3794,525,87.84440842787683,-0.09145635563787914,-0.1283605693199789,0.17523809523809525,8.507889082601714,8.514507221196684,8.463198069039734,-0.10217716345826801,-0.13908137714036778,0.16451728741770638
competitive_not_tharsis,Competitive maps except Tharsis,Decomposers,4349,3608,741,82.96160036790067,-0.21453207633938837,-0.2178492239467849,-0.19838056680161945,8.451616198638197,8.541209008076672,8.0065714611862,-0.22525288415977723,-0.22857003176717378,-0.2091013746220083
competitive_not_tharsis,Competitive maps except Tharsis,Deep Well Heating,4330,2669,1661,61.63972286374134,-0.060277136258660505,-0.2266766579243162,0.20710415412402167,8.41940673192521,8.267724602221842,8.653391151233937,-0.07099794407904937,-0.23739746574470508,0.1963833463036328
competitive_not_tharsis,Competitive maps except Tharsis,Deimos Down,4371,4159,212,95.14985129261039,0.7108213223518646,0.7766289973551335,-0.5801886792452831,8.34771345597848,8.404193511330408,7.043412031451812,0.7001005145314757,0.7659081895347446,-0.5909094870656719
competitive_not_tharsis,Competitive maps except Tharsis,Designed Microorganisms,4392,3576,816,81.4207650273224,0.37955373406193077,0.22902684563758388,1.0392156862745099,8.477766868067622,8.460115012087048,8.52860542818938,0.3688329262415419,0.21830603781719501,1.028494878454121
competitive_not_tharsis,Competitive maps except Tharsis,Development Center,4259,4135,124,97.08851843155671,1.2448931674101902,1.3008464328899638,-0.6209677419354839,8.54847719122885,8.571390445245669,7.541314653171417,1.2341723595898013,1.290125625069575,-0.6316885497558727
competitive_not_tharsis,Competitive maps except Tharsis,Domed Crater,4371,3632,739,83.09311370395791,-0.21848547243193778,-0.411068281938326,0.7280108254397835,8.47886518212311,8.366094558330524,8.958526103118864,-0.22920628025232664,-0.4217890897587149,0.7172900176193946
competitive_not_tharsis,Competitive maps except Tharsis,Dust Seals,4327,759,3568,17.541021492951238,-0.4104460365149064,-0.6324110671936759,-0.3632286995515695,8.388220278761066,8.447606855987901,8.37596477930316,-0.4211668443352953,-0.6431318750140648,-0.37394950737195837
competitive_not_tharsis,Competitive maps except Tharsis,Earth Catapult,4264,4255,9,99.78893058161351,2.793621013133208,2.8011750881316098,-0.7777777777777778,8.44782786072976,8.44337027938433,10.29293177109634,2.7829002053128193,2.790454280311221,-0.7884985855981667
competitive_not_tharsis,Competitive maps except Tharsis,Earth Office,4247,4199,48,98.86979044031081,0.7979750412055568,0.8204334365325078,-1.1666666666666667,8.580101948978486,8.593551084993441,7.111074172480892,0.787254233385168,0.8097126287121189,-1.1773874744870556
competitive_not_tharsis,Competitive maps except Tharsis,Ecological Zone,4402,4079,323,92.66242616992277,0.08427987278509769,0.11081147340034322,-0.25077399380804954,8.46079390125361,8.521644156526472,7.654959685339061,0.07355906496470882,0.10009066557995436,-0.2614948016284384
competitive_not_tharsis,Competitive maps except Tharsis,Electro Catapult,4323,4125,198,95.41984732824427,0.8096229470275271,0.8351515151515152,0.2777777777777778,8.39236668227201,8.41702098416602,7.862305567946824,0.7989021392071383,0.8244307073311263,0.2670569699573889
competitive_not_tharsis,Competitive maps except Tharsis,Energy Saving,4414,133,4281,3.013140009062075,-0.4055278658812868,-1.2481203007518797,-0.379350619014249,8.523439178889449,7.058635389448563,8.564296875989001,-0.4162486737016757,-1.2588411085722686,-0.39007142683463786
competitive_not_tharsis,Competitive maps except Tharsis,Energy Tapping,4359,3719,640,85.3177334250975,0.24317504014682267,0.24038720086044635,0.259375,8.504921697664068,8.606531006522122,7.894942394641678,0.2324542323264338,0.22966639304005748,0.24865419217961116
competitive_not_tharsis,Competitive maps except Tharsis,Eos Chasma National Park,4372,1237,3135,28.293687099725528,-0.25709057639524246,-0.8997574777687954,-0.0035087719298245615,8.481654610165048,8.551650133504076,8.441792920352741,-0.26781138421563133,-0.9104782855891843,-0.014229579750213432
competitive_not_tharsis,Competitive maps except Tharsis,Equatorial Magnetizer,4244,123,4121,2.8982092365692744,-0.5666823751178134,-2.203252032520325,-0.517835476826013,8.338017632282734,7.589854476664394,8.3552340884577,-0.5774031829382023,-2.213972840340714,-0.5285562846464019
competitive_not_tharsis,Competitive maps except Tharsis,Extreme-Cold Fungus,4376,1405,2971,32.10694698354662,-0.20886654478976233,-0.37224199288256227,-0.13160552002692696,8.42550001538611,8.259515682811983,8.503149391626593,-0.2195873526101512,-0.38296280070295113,-0.14232632784731583
competitive_not_tharsis,Competitive maps except Tharsis,Farming,4320,1504,2816,34.81481481481482,-0.43171296296296297,-0.5558510638297872,-0.3654119318181818,8.424127898248358,8.413123343027184,8.430743687230228,-0.44243377078335183,-0.5665718716501761,-0.3761327396385707
competitive_not_tharsis,Competitive maps except Tharsis,Fish,4357,2532,1825,58.11338076658251,-0.3422079412439752,-0.3977093206951027,-0.2652054794520548,8.397094472674052,8.521303090882121,8.223363450605808,-0.35292874906436406,-0.40843012851549154,-0.27592628727244367
competitive_not_tharsis,Competitive maps except Tharsis,Flooding,4359,3037,1322,69.67194310621703,-0.07616425785730672,-0.1685874217978268,0.1361573373676248,8.584096759652176,8.621748460825804,8.496403107657239,-0.08688506567769559,-0.17930822961821566,0.12543652954723594
competitive_not_tharsis,Competitive maps except Tharsis,Food Factory,4234,427,3807,10.085025980160605,-0.23523854511100614,-1.3021077283372364,-0.11557656947727869,8.487810389544041,7.610844144948442,8.573216341711204,-0.245959352931395,-1.3128285361576253,-0.12629737729766757
competitive_not_tharsis,Competitive maps except Tharsis,Fuel Factory,4261,3590,671,84.25252288195259,0.27927716498474536,0.41532033426183845,-0.4485842026825633,8.455762545658468,8.451124084714397,8.449673327165362,0.2685563571643565,0.4045995264414496,-0.4593050105029522
competitive_not_tharsis,Competitive maps except Tharsis,Fueled Generators,4335,2716,1619,62.65282583621684,-0.3342560553633218,-0.42010309278350516,-0.19024088943792464,8.40592588478909,8.561158214339445,8.139444688102989,-0.3449768631837107,-0.430823900603894,-0.2009616972583135
competitive_not_tharsis,Competitive maps except Tharsis,Fusion Power,4339,1861,2478,42.89006683567642,-0.34869785664899744,-0.6507254164427727,-0.12187247780468119,8.585176790354618,8.321140699327477,8.773082352580573,-0.3594186644693863,-0.6614462242631616,-0.13259328562507006
competitive_not_tharsis,Competitive maps except Tharsis,GHG Factories,4425,2444,1981,55.23163841807909,-0.2542372881355932,-0.6472995090016367,0.23069156991418477,8.414163217016688,8.437193551731136,8.36236077634855,-0.2649580959559821,-0.6580203168220256,0.2199707620937959
competitive_not_tharsis,Competitive maps except Tharsis,GHG Producing Bacteria,4319,1453,2866,33.64204677008567,-0.30724704792776103,-0.1534755677907777,-0.38520586182833216,8.498852648054838,8.483689380313317,8.506946811801974,-0.3179678557481499,-0.16419637561116657,-0.39592666964872103
competitive_not_tharsis,Competitive maps except Tharsis,Ganymede Colony,4427,3129,1298,70.67991868082223,-0.4126948271967472,-0.45254074784276127,-0.31664098613251157,8.514905547468608,8.626951802973231,8.241013916606876,-0.4234156350171361,-0.46326155566315014,-0.32736179395290044
competitive_not_tharsis,Competitive maps except Tharsis,Gene Repair,4220,2609,1611,61.824644549763036,-0.20734597156398105,0.006132617861249521,-0.553072625698324,8.583617852817358,8.639195481808278,8.484117872888001,-0.2180667793843699,-0.004588189959139349,-0.5637934335187129
competitive_not_tharsis,Competitive maps except Tharsis,Geothermal Power,4291,3442,849,80.21440223724073,-0.1281752505243533,-0.12463683904706566,-0.1425206124852768,8.471747969723852,8.498893560072219,8.365737274649158,-0.13889605834474217,-0.13535764686745452,-0.15324142030566568
competitive_not_tharsis,Competitive maps except Tharsis,Giant Ice Asteroid,4349,4151,198,95.44722924810301,0.4552770751896988,0.5172247651168393,-0.8434343434343434,8.487023367313954,8.553510072553587,6.8375443333769885,0.4445562673693099,0.5065039572964505,-0.8541551512547323
competitive_not_tharsis,Competitive maps except Tharsis,Giant Space Mirror,4462,3026,1436,67.81712236665173,0.2534737785746302,0.2534699272967614,0.25348189415041783,8.451747625133464,8.349525419596239,8.666155588052122,0.24275297075424135,0.2427491194763725,0.24276108633002896
competitive_not_tharsis,Competitive maps except Tharsis,Grass,4317,2709,1608,62.75191104933982,-0.09474171878619411,-0.25950535252860835,0.1828358208955224,8.428710075115644,8.43461618997689,8.414075617276831,-0.10546252660658298,-0.2702261603489972,0.17211501307513352
competitive_not_tharsis,Competitive maps except Tharsis,Great Dam,4361,960,3401,22.013299701903232,-0.5886264618206833,-1.5447916666666666,-0.3187297853572479,8.447055779791272,8.10116393485585,8.523919578123408,-0.5993472696410722,-1.5555124744870554,-0.32945059317763675
competitive_not_tharsis,Competitive maps except Tharsis,Great Escarpment Consortium,4292,3189,1103,74.30102516309412,0.3466915191053122,0.4907494512386328,-0.06980961015412511,8.421932656263907,8.389008483367158,8.50651638014095,0.33597071128492334,0.4800286434182439,-0.08053041797451398
competitive_not_tharsis,Competitive maps except Tharsis,Greenhouses,4175,2961,1214,70.92215568862275,-0.0038323353293413173,0.015535292131036813,-0.051070840197693576,8.527808153498954,8.599325974854743,8.354118088821133,-0.014553143149730188,0.004814484310647942,-0.06179164801808244
competitive_not_tharsis,Competitive maps except Tharsis,Hackers,4320,2762,1558,63.93518518518518,0.3368055555555556,0.6093410572049239,-0.14634146341463414,8.457799412370788,8.521049612029278,8.325299948552,0.3260847477351667,0.5986202493845351,-0.157062271235023
competitive_not_tharsis,Competitive maps except Tharsis,Heat Trappers,4205,3013,1192,71.65279429250891,-0.08442330558858502,-0.06339196813806837,-0.13758389261744966,8.57994017396393,8.838053290600364,7.8932548999047585,-0.09514411340897388,-0.07411277595845724,-0.14830470043783853
competitive_not_tharsis,Competitive maps except Tharsis,Heather,4329,2614,1715,60.38346038346038,-0.434049434049434,-0.6480489671002295,-0.10787172011661808,8.528377945814198,8.563448277563186,8.466732335220996,-0.4447702418698229,-0.6587697749206184,-0.11859252793700695
competitive_not_tharsis,Competitive maps except Tharsis,Herbivores,4374,2653,1721,60.65386374028349,-0.26017375400091447,-0.3136072370900867,-0.17780360255665312,8.545033076234503,8.768926498590643,8.189740891548887,-0.27089456182130334,-0.32432804491047557,-0.18852441037704198
competitive_not_tharsis,Competitive maps except Tharsis,Hired Raiders,4389,4173,216,95.07860560492139,-0.16791979949874686,-0.13443565780014377,-0.8148148148148148,8.337311702997948,8.414786066420108,6.64886512176382,-0.17864060731913572,-0.14515646562053264,-0.8255356226352036
competitive_not_tharsis,Competitive maps except Tharsis,House Printing,4282,2804,1478,65.48341896310136,-0.18822979915927138,-0.23288159771754635,-0.10351826792963464,8.476912415355734,8.403975417881906,8.615818995905986,-0.19895060697966024,-0.24360240553793522,-0.11423907575002351
competitive_not_tharsis,Competitive maps except Tharsis,Ice Asteroid,4352,3962,390,91.03860294117646,-0.03377757352941176,-0.05022715800100959,0.13333333333333333,8.389424818938444,8.41193602621018,8.16586831345986,-0.044498381349800636,-0.060947965821398456,0.12261252551294446
competitive_not_tharsis,Competitive maps except Tharsis,Ice cap Melting,4250,256,3994,6.023529411764706,-0.29505882352941176,-0.609375,-0.27491236855282924,8.53133711260982,8.889945300786747,8.508597414219189,-0.30577963134980063,-0.6200958078203889,-0.2856331763732181
competitive_not_tharsis,Competitive maps except Tharsis,Immigrant City,4297,3034,1263,70.6074005119851,-0.7845008145217593,-1.3150955833882663,0.4901029295328583,8.508682822225671,8.327114764279877,8.803346606779492,-0.7952216223421482,-1.3258163912086551,0.4793821217124694
competitive_not_tharsis,Competitive maps except Tharsis,Immigration Shuttles,4339,2131,2208,49.1126987785204,-0.0721364369670431,0.1337400281557954,-0.2708333333333333,8.663825756519671,8.45870621556885,8.85466507788092,-0.08285724478743196,0.12301922033540652,-0.2815541411537222
competitive_not_tharsis,Competitive maps except Tharsis,Import of Advanced GHG,4275,2713,1562,63.461988304093566,-0.3094736842105263,-0.4213048286030225,-0.11523687580025609,8.428281577520659,8.380503267850818,8.509829917743808,-0.32019449203091516,-0.43202563642341135,-0.12595768362064497
competitive_not_tharsis,Competitive maps except Tharsis,Imported GHG,4411,2758,1653,62.52550442076627,-0.11108592155973702,-0.30239303843364757,0.20810647307924984,8.361958562285377,8.185547837547498,8.641375613984952,-0.12180672938012589,-0.31311384625403643,0.19738566525886098
competitive_not_tharsis,Competitive maps except Tharsis,Imported Hydrogen,4349,4070,279,93.58473212232697,-0.022533915842722466,-0.005651105651105651,-0.26881720430107525,8.469054438968573,8.516862980689732,7.748018709302587,-0.03325472366311134,-0.016371913471494522,-0.2795380121214641
competitive_not_tharsis,Competitive maps except Tharsis,Imported Nitrogen,4325,3396,929,78.52023121387283,-0.34566473988439306,-0.2573616018845701,-0.6684607104413348,8.454731051547094,8.57693358251804,7.9882649584335805,-0.3563855477047819,-0.26808240970495895,-0.6791815182617237
competitive_not_tharsis,Competitive maps except Tharsis,Indentured Workers,4292,3613,679,84.17986952469711,0.058946877912395154,0.20841406033766952,-0.7363770250368189,8.459261036441577,8.632012840846683,7.428500037921159,0.04822607009200629,0.19769325251728065,-0.7470978328572078
competitive_not_tharsis,Competitive maps except Tharsis,Industrial Center,4281,3486,795,81.42957252978276,-0.19901892081289418,-0.29345955249569705,0.21509433962264152,8.56703140385524,8.598167881950031,8.421979974153553,-0.20973972863328305,-0.3041803603160859,0.20437353180225265
competitive_not_tharsis,Competitive maps except Tharsis,Industrial Microbes,4410,4047,363,91.7687074829932,0.2219954648526077,0.2102792191746973,0.3526170798898072,8.564243188018022,8.522281174504943,9.030162014321828,0.21127465703221884,0.19955841135430843,0.3418962720694183
competitive_not_tharsis,Competitive maps except Tharsis,Insects,4323,3917,406,90.60837381448069,-0.08003701133472126,-0.05105948429920858,-0.35960591133004927,8.428817099889885,8.508059450525257,7.626059535686927,-0.09075781915511012,-0.061780292119597444,-0.37032671915043813
competitive_not_tharsis,Competitive maps except Tharsis,Insulation,4331,125,4206,2.886169475871623,-0.3906719002539829,-0.472,-0.38825487398953873,8.63219420007446,7.587740536656016,8.662093397049544,-0.4013927080743718,-0.48272080782038884,-0.3989756818099276
competitive_not_tharsis,Competitive maps except Tharsis,Interstellar Colony Ship,4224,1656,2568,39.20454545454545,-0.2902462121212121,0.23128019323671498,-0.6265576323987538,8.551887264570308,8.52458395068759,8.55425337400667,-0.30096701994160097,0.2205593854163261,-0.6372784402191427
competitive_not_tharsis,Competitive maps except Tharsis,Invention Contest,4422,4269,153,96.54002713704206,0.1248303934871099,0.11033028812368235,0.5294117647058824,8.604548089376456,8.633197982901315,7.777378485008378,0.11410958566672104,0.09960948030329349,0.5186909568854935
competitive_not_tharsis,Competitive maps except Tharsis,Inventors' Guild,4235,4144,91,97.85123966942149,0.5652892561983471,0.6030405405405406,-1.1538461538461537,8.480112296615951,8.510163475357482,6.793662204867574,0.5545684483779583,0.5923197327201517,-1.1645669616665426
competitive_not_tharsis,Competitive maps except Tharsis,Investment Loan,4326,3584,742,82.84789644012945,-0.047156726768377254,0.004743303571428571,-0.29784366576819404,8.506704326795631,8.55350286195989,8.27799519936656,-0.05787753458876613,-0.005977504248960299,-0.3085644735885829
competitive_not_tharsis,Competitive maps except Tharsis,Io Mining Industries,4435,3917,518,88.32018038331455,0.6888387824126269,0.7013020168496298,0.5945945945945946,8.506260762020826,8.508430646921406,8.497452669257788,0.678117974592238,0.6905812090292409,0.5838737867742058
competitive_not_tharsis,Competitive maps except Tharsis,Ironworks,4376,666,3710,15.219378427787934,-0.3414076782449726,-0.2927927927927928,-0.35013477088948786,8.602058716094183,8.445660486945945,8.630927087016813,-0.35212848606536146,-0.30351360061318167,-0.3608555787098767
competitive_not_tharsis,Competitive maps except Tharsis,Kelp Farming,4343,3987,356,91.8029012203546,0.8079668431959475,0.8610484073238024,0.21348314606741572,8.48848142983309,8.558746268368775,7.643422152394511,0.7972460353755586,0.8503275995034135,0.20276233824702686
competitive_not_tharsis,Competitive maps except Tharsis,Lagrange Observatory,4346,3837,509,88.28808099401749,-0.09618039576622181,-0.09877508470158979,-0.07662082514734773,8.5437989760038,8.550524016695595,8.501275007178377,-0.10690120358661068,-0.10949589252197865,-0.0873416329677366
competitive_not_tharsis,Competitive maps except Tharsis,Lake Marineris,4372,1368,3004,31.290027447392497,-0.31655992680695333,-0.35453216374269003,-0.2992676431424767,8.43232280939612,8.726564473257174,8.296293809404675,-0.3272807346273422,-0.3652529715630789,-0.3099884509628656
competitive_not_tharsis,Competitive maps except Tharsis,Land Claim,4243,750,3493,17.67617251944379,-0.3535234503888758,-0.5666666666666667,-0.3077583738906384,8.440290248986265,8.627908783062518,8.4000109049878,-0.36424425820926465,-0.5773874744870555,-0.3184791817110273
competitive_not_tharsis,Competitive maps except Tharsis,Large Convoy,4319,3941,378,91.24797406807131,0.27622134753415145,0.33900025374270487,-0.3783068783068783,8.469675465181686,8.549751319757513,7.56385761059271,0.2655005397137626,0.328279445922316,-0.3890276861272672
competitive_not_tharsis,Competitive maps except Tharsis,Lava Flows,4426,3794,632,85.72074107546317,0.20650700406687755,0.1481286241433843,0.5569620253164557,8.439391798021697,8.393322639985652,8.709427044341721,0.1957861962464887,0.13740781632299542,0.5462412174960668
competitive_not_tharsis,Competitive maps except Tharsis,Lava Tube Settlement,4269,2773,1496,64.9566643241977,-0.5450925275240103,-0.9188604399567256,0.14772727272727273,8.503879836838804,8.470829829969064,8.524383765239286,-0.5558133353443991,-0.9295812477771145,0.13700646490688387
competitive_not_tharsis,Competitive maps except Tharsis,Lichen,4357,3115,1242,71.49414734909341,-0.12072526968097315,-0.3027287319422151,0.3357487922705314,8.47440507876327,8.53199665149961,8.31408970566606,-0.13144607750136203,-0.313449539762604,0.3250279844501425
competitive_not_tharsis,Competitive maps except Tharsis,Lightning Harvest,4297,1128,3169,26.250872701885037,-0.22504072608796835,-0.4219858156028369,-0.15493846639318398,8.48483401121253,8.23151769371517,8.573378406560836,-0.23576153390835722,-0.43270662342322574,-0.16565927421357285
competitive_not_tharsis,Competitive maps except Tharsis,Livestock,4399,887,3512,20.163673562173223,-0.43077972266424186,-0.8996617812852311,-0.31235763097949887,8.583652944316574,8.4788989112845,8.60706431719321,-0.4415005304846307,-0.91038258910562,-0.32307843879988773
competitive_not_tharsis,Competitive maps except Tharsis,Local Heat Trapping,4311,1029,3282,23.869171885873346,-0.414520992809093,-0.793974732750243,-0.295551492992078,8.386436001867677,8.285654158131072,8.415514385272497,-0.42524180062948186,-0.8046955405706319,-0.30627230081246687
competitive_not_tharsis,Competitive maps except Tharsis,Lunar Beam,4280,2191,2089,51.191588785046726,-0.40373831775700936,-0.6389776357827476,-0.15701292484442317,8.519780815980678,8.53473780830889,8.499112522991604,-0.4144591255773982,-0.6496984436031364,-0.16773373266481204
competitive_not_tharsis,Competitive maps except Tharsis,Magnetic Field Dome,4286,111,4175,2.5898273448436773,-0.25968268782081194,-1.063063063063063,-0.23832335329341317,8.672089017491352,7.5079101065951885,8.70068577648835,-0.2704034956412008,-1.073783870883452,-0.24904416111380204
competitive_not_tharsis,Competitive maps except Tharsis,Magnetic Field Generators,4413,153,4260,3.4670292318150917,-0.4566054837978699,-0.9150326797385621,-0.44014084507042256,8.406557201246017,7.853048111216618,8.426160026410423,-0.4673262916182588,-0.9257534875589509,-0.4508616528908114
competitive_not_tharsis,Competitive maps except Tharsis,Mangrove,4377,2203,2174,50.33127713045465,-0.28604066712360066,-0.15796640944167045,-0.41582336706531736,8.468376989731297,8.717616282359774,8.208065569548348,-0.2967614749439895,-0.16868721726205932,-0.42654417488570623
competitive_not_tharsis,Competitive maps except Tharsis,Mars University,4523,4485,38,99.15984965730709,0.7006411673667919,0.7148272017837235,-0.9736842105263158,8.51087017480459,8.527939388916067,6.020177074280282,0.6899203595464031,0.7041063939633346,-0.9844050183467047
competitive_not_tharsis,Competitive maps except Tharsis,Martian Rails,4258,209,4049,4.9084077031470175,-0.4199154532644434,-1.1291866028708133,-0.38330451963447765,8.52859594716853,6.681458256350788,8.612271661319184,-0.4306362610848323,-1.1399074106912022,-0.3940253274548665
competitive_not_tharsis,Competitive maps except Tharsis,Martian Survey,4385,3319,1066,75.68985176738883,-0.15028506271379705,-0.2163302199457668,0.055347091932457786,8.65308637271394,8.639185487632291,8.69707924214807,-0.1610058705341859,-0.22705102776615566,0.04462628411206891
competitive_not_tharsis,Competitive maps except Tharsis,Mass Converter,4323,4062,261,93.96252602359472,0.7506361323155216,0.8247168882323979,-0.40229885057471265,8.461678125706655,8.491593804154226,7.907824416529019,0.7399153244951328,0.813996080412009,-0.4130196583951015
competitive_not_tharsis,Competitive maps except Tharsis,Media Archives,4317,1635,2682,37.87352328005559,-0.1892517952281677,0.1596330275229358,-0.40193885160328113,8.40851081053064,8.331611499058651,8.449527837141831,-0.19997260304855657,0.14891221970254692,-0.41265965942367
competitive_not_tharsis,Competitive maps except Tharsis,Media Group,4304,4271,33,99.23327137546468,1.3531598513011152,1.3617419808007492,0.24242424242424243,8.280735352304553,8.286923033203268,7.466719088019446,1.3424390434807263,1.3510211729803603,0.23170343460385356
competitive_not_tharsis,Competitive maps except Tharsis,Medical Lab,4315,3474,841,80.5098493626883,-0.046349942062572425,-0.07253886010362694,0.06183115338882283,8.480891964558209,8.445276498491845,8.630702723418777,-0.05707074988296129,-0.0832596679240158,0.051110345568433954
competitive_not_tharsis,Competitive maps except Tharsis,Methane From Titan,4293,3137,1156,73.07244351269509,0.03959934777544841,-0.04494740197641058,0.2690311418685121,8.509017037735937,8.540059085795482,8.423597616779839,0.028878539955059537,-0.055668209796799456,0.25831033404812326
competitive_not_tharsis,Competitive maps except Tharsis,Micro-Mills,4371,503,3868,11.507664150080073,-0.20727522306108442,-0.9463220675944334,-0.11116856256463288,8.360173219383807,8.006166783510604,8.401334100439584,-0.2179960308814733,-0.9570428754148222,-0.12188937038502175
competitive_not_tharsis,Competitive maps except Tharsis,Mine,4394,4309,85,98.06554392353209,0.5241238051888939,0.5251798561151079,0.47058823529411764,8.628139170172803,8.640081152276453,8.04686900852351,0.513402997368505,0.514459048294719,0.4598674274737288
competitive_not_tharsis,Competitive maps except Tharsis,Mineral Deposit,4346,4054,292,93.28117809479981,-0.14496088357109987,-0.08534780463739516,-0.9726027397260274,8.631847188104743,8.657795992526626,8.23281941616822,-0.15568169139148874,-0.09606861245778403,-0.9833235475464163
competitive_not_tharsis,Competitive maps except Tharsis,Mining Area,4396,4342,54,98.77161055505005,1.1337579617834395,1.1432519576232152,0.37037037037037035,8.34543399466913,8.358431184664765,7.251015013648925,1.1230371539630506,1.1325311498028263,0.3596495625499815
competitive_not_tharsis,Competitive maps except Tharsis,Mining Expedition,4303,1038,3265,24.12270508947246,-0.5073204740878456,-0.9556840077071291,-0.3647779479326187,8.37697802928262,8.043994355557542,8.47633219950565,-0.5180412819082345,-0.966404815527518,-0.37549875575300756
competitive_not_tharsis,Competitive maps except Tharsis,Mining Rights,4500,4487,13,99.71111111111111,1.166,1.15600624024961,4.615384615384615,8.331658692222142,8.331902330227024,7.794639841353176,1.155279192179611,1.1452854324292212,4.604663807564226
competitive_not_tharsis,Competitive maps except Tharsis,Miranda Resort,4418,3396,1022,76.86736079674061,0.11928474422815753,0.28180212014134276,-0.4207436399217221,8.671554951653963,8.678266920958723,8.631484644276536,0.10856393640776867,0.2710813123209539,-0.43146444774211096
competitive_not_tharsis,Competitive maps except Tharsis,Mohole Area,4310,3351,959,77.74941995359629,0.20417633410672853,0.12563413906296628,0.4786235662148071,8.462116098896102,8.494073579758101,8.348071907648418,0.19345552628633966,0.11491333124257741,0.46790275839441825
competitive_not_tharsis,Competitive maps except Tharsis,Moss,4387,2989,1398,68.13312058354228,-0.21905630271255982,-0.2827032452325192,-0.08297567954220315,8.495197093925245,8.633627860836787,8.192755447285213,-0.2297771105329487,-0.2934240530529081,-0.09369648736259202
competitive_not_tharsis,Competitive maps except Tharsis,Natural Preserve,4369,4346,23,99.47356374456398,0.9942778667887389,1.004601932811781,-0.9565217391304348,8.62158326636855,8.628050008062141,7.1888693058945785,0.98355705896835,0.9938811249913921,-0.9672425469508237
competitive_not_tharsis,Competitive maps except Tharsis,Nitrite Reducing Bacteria,4308,1212,3096,28.133704735376046,-0.2915506035283194,-0.6460396039603961,-0.1527777777777778,8.543878910143665,8.250873936650365,8.653232255571128,-0.3022714113487083,-0.6567604117807849,-0.16349858559816666
competitive_not_tharsis,Competitive maps except Tharsis,Nitrogen-Rich Asteroid,4384,4188,196,95.52919708029196,0.5791514598540146,0.6158070678127985,-0.20408163265306123,8.430718232262455,8.471320751451312,7.487369444842318,0.5684306520336257,0.6050862599924096,-0.2148024404734501
competitive_not_tharsis,Competitive maps except Tharsis,Nitrophilic Moss,4277,3240,1037,75.75403320084172,-0.20902501753565583,-0.2719135802469136,-0.01253616200578592,8.487721991822019,8.585322529276818,8.17619892085154,-0.2197458253560447,-0.28263438806730246,-0.02325696982617479
competitive_not_tharsis,Competitive maps except Tharsis,Noctis City,4285,3264,1021,76.17269544924154,-0.19789964994165693,-0.5306372549019608,0.8658178256611165,8.61710376984152,8.555759607199018,8.729857322134148,-0.2086204577620458,-0.5413580627223497,0.8550970178407277
competitive_not_tharsis,Competitive maps except Tharsis,Noctis Farming,4289,2759,1530,64.32734903240849,-0.28118442527395665,-0.48278361725262775,0.08235294117647059,8.444795651572015,8.582554193456536,8.180742094861372,-0.2919052330943455,-0.4935044250730166,0.07163213335608172
competitive_not_tharsis,Competitive maps except Tharsis,Nuclear Power,4190,1900,2290,45.346062052505964,-0.36563245823389023,-0.6168421052631579,-0.1572052401746725,8.477426403842033,8.377577996486838,8.555613204560212,-0.3763532660542791,-0.6275629130835467,-0.16792604799506136
competitive_not_tharsis,Competitive maps except Tharsis,Nuclear Zone,4433,4338,95,97.85698172794947,1.5089104443943153,1.5182111572153065,1.0842105263157895,8.523987945546011,8.529500426361817,8.301067808644728,1.4981896365739265,1.5074903493949177,1.0734897184954006
competitive_not_tharsis,Competitive maps except Tharsis,Olympus Conference,4266,4224,42,99.0154711673699,1.043834974214721,1.071969696969697,-1.7857142857142858,8.544714508970884,8.553160380882279,7.185811610510127,1.0331141663943322,1.0612488891493081,-1.7964350935346747
competitive_not_tharsis,Competitive maps except Tharsis,Open City,4279,968,3311,22.62210796915167,-0.5653189997663005,-0.6683884297520661,-0.5351857444880701,8.576383052848277,8.699662576272917,8.541097569520831,-0.5760398075866894,-0.679109237572455,-0.545906552308459
competitive_not_tharsis,Competitive maps except Tharsis,Optimal Aerobraking,4348,4273,75,98.27506899724011,0.5657773689052438,0.5394336531710742,2.066666666666667,8.418627506286308,8.408513017090295,8.906926143924926,0.5550565610848549,0.5287128453506853,2.055945858846278
competitive_not_tharsis,Competitive maps except Tharsis,Ore Processor,4305,781,3524,18.141695702671313,-0.30963995354239254,-0.8015364916773368,-0.20062429057888762,8.467413069781946,8.54357144411996,8.44778520265126,-0.3203607613627814,-0.8122572994977256,-0.21134509839927648
competitive_not_tharsis,Competitive maps except Tharsis,Permafrost extraction,4305,511,3794,11.869918699186991,-0.3440185830429733,-1.2367906066536203,-0.22377438060094887,8.516459960563289,8.36359388186528,8.530786904954036,-0.35473939086336215,-1.2475114144740092,-0.23449518842133774
competitive_not_tharsis,Competitive maps except Tharsis,Peroxide Power,4377,2899,1478,66.23257939227781,-0.24354580763079736,-0.29354949982752676,-0.14546684709066307,8.311194574119439,8.502774064756126,7.923881467677013,-0.25426661545118623,-0.3042703076479156,-0.15618765491105194
competitive_not_tharsis,Competitive maps except Tharsis,Pets,4330,2938,1392,67.85219399538106,-0.5187066974595843,-0.476855003403676,-0.6070402298850575,8.416741074817152,8.433458950756794,8.383684259218342,-0.5294275052799732,-0.48757581122406485,-0.6177610377054463
competitive_not_tharsis,Competitive maps except Tharsis,Phobos Space Haven,4346,2033,2313,46.77864703175334,-0.6826967326277036,-1.1155927201180522,-0.3022049286640726,8.473575507771992,8.087362422942705,8.783186171489135,-0.6934175404480925,-1.126313527938441,-0.3129257364844615
competitive_not_tharsis,Competitive maps except Tharsis,Physics Complex,4362,803,3559,18.40898670334709,-0.3447959651535993,-0.1444582814445828,-0.3899971902219725,8.546344071523087,8.35237380501757,8.590010209977892,-0.35551677297398815,-0.15517908926497168,-0.40071799804236136
competitive_not_tharsis,Competitive maps except Tharsis,Plantation,4222,3172,1050,75.13027001421128,-0.1880625296068214,-0.05138713745271122,-0.6009523809523809,8.557160098331108,8.640889495290327,8.28943756048786,-0.19878333742721027,-0.062107945273100096,-0.6116731887727698
competitive_not_tharsis,Competitive maps except Tharsis,Power Grid,4261,224,4037,5.256981929124619,-0.42407885472893686,-1.7678571428571428,-0.3495169680455784,8.426103660029062,7.498259460644288,8.469203692722388,-0.4347996625493257,-1.7785779506775317,-0.3602377758659673
competitive_not_tharsis,Competitive maps except Tharsis,Power Infrastructure,4323,379,3944,8.76705991209808,-0.32269257460097156,0.16358839050131926,-0.36942190669371194,8.455217850433847,8.300547811301104,8.469496703214956,-0.3334133824213604,0.1528675826809304,-0.3801427145141008
competitive_not_tharsis,Competitive maps except Tharsis,Power Plant,4443,3859,584,86.85572811163628,-0.1188386225523295,-0.06556102617258357,-0.4708904109589041,8.329267023614602,8.362144281712364,8.106866108925091,-0.1295594303727184,-0.07628183399297243,-0.48161121877929297
competitive_not_tharsis,Competitive maps except Tharsis,Power Supply Consortium,4296,1704,2592,39.66480446927374,-0.3165735567970205,-0.4794600938967136,-0.20949074074074073,8.343602736645085,8.194325160054733,8.44015979625099,-0.32729436461740935,-0.4901809017171025,-0.2202115485611296
competitive_not_tharsis,Competitive maps except Tharsis,Predators,4291,1710,2581,39.85085061757166,-0.3477044977860639,-0.49298245614035086,-0.25145292522278184,8.50869875595858,8.772443949291459,8.329684636527606,-0.35842530560645275,-0.5037032639607397,-0.2621737330431707
competitive_not_tharsis,Competitive maps except Tharsis,Protected Habitats,4355,4138,217,95.01722158438577,-0.5942594718714121,-0.6324311261478975,0.1336405529953917,8.453717065303913,8.480122611874043,7.91655684835034,-0.604980279691801,-0.6431519339682864,0.12291974517500284
competitive_not_tharsis,Competitive maps except Tharsis,Protected Valley,4351,3226,1125,74.14387497127098,-0.1385888301539876,-0.13949163050216987,-0.136,8.367416703141055,8.445267997845528,8.143737195907924,-0.14930963797437646,-0.15021243832255873,-0.14672080782038888
competitive_not_tharsis,Competitive maps except Tharsis,Psychrophiles,4237,4150,87,97.94666037290536,0.9910313901345291,0.996867469879518,0.7126436781609196,8.529148754041119,8.53841586592171,8.116747037119099,0.9803105823141403,0.9861466620591292,0.7019228703405307
competitive_not_tharsis,Competitive maps except Tharsis,Quantum Extractor,4305,3839,466,89.17537746806039,0.4213704994192799,0.5923417556655379,-0.9871244635193133,8.683959943252624,8.718052148208862,8.273279016931703,0.41064969159889103,0.5816209478451491,-0.9978452713397021
competitive_not_tharsis,Competitive maps except Tharsis,Rad-Chem Factory,4440,1304,3136,29.36936936936937,-0.46283783783783783,-1.1855828220858895,-0.16230867346938777,8.474919177619752,8.16131906619712,8.58533271122474,-0.4735586456582267,-1.1963036299062784,-0.17302948128977663
competitive_not_tharsis,Competitive maps except Tharsis,Rad-Suits,4246,316,3930,7.442298634008479,-0.2343382006594442,-1.1803797468354431,-0.15826972010178117,8.47235973640317,7.934797454817945,8.510493219665305,-0.24505900847983306,-1.191100554655832,-0.16899052792217004
competitive_not_tharsis,Competitive maps except Tharsis,Regolith Eaters,4354,828,3526,19.016995865870463,-0.32636655948553056,0.16908212560386474,-0.44271128757799205,8.53389120691124,8.516739935697466,8.534949885888944,-0.3370873673059194,0.15836131778347587,-0.4534320953983809
competitive_not_tharsis,Competitive maps except Tharsis,Release of Inert Gases,4342,749,3593,17.250115154306773,-0.21994472593274988,-0.9305740987983978,-0.07180629000834957,8.41909273635105,7.557656267180827,8.581352374087471,-0.23066553375313875,-0.9412949066187867,-0.08252709782873843
competitive_not_tharsis,Competitive maps except Tharsis,Research,4439,4348,91,97.94998873620185,0.6704212660509123,0.6766329346826127,0.37362637362637363,8.572134160881813,8.576713004382855,8.391329323439034,0.6597004582305235,0.6659121268622238,0.36290556580598476
competitive_not_tharsis,Competitive maps except Tharsis,Research Coordination,4353,4080,273,93.72846312887664,0.24695612221456467,0.2563725490196078,0.10622710622710622,8.528573327251403,8.542580917152092,8.330471928478861,0.2362353143941758,0.24565174119921895,0.09550629840671736
competitive_not_tharsis,Competitive maps except Tharsis,Research Outpost,4389,4378,11,99.74937343358395,1.9423558897243107,1.9417542256738236,2.1818181818181817,8.388884646138695,8.392503853670219,7.124860445204268,1.9316350819039219,1.9310334178534347,2.171097373997793
competitive_not_tharsis,Competitive maps except Tharsis,Restricted Area,4386,4364,22,99.49840401276789,2.0460556315549474,2.0474335472044,1.7727272727272727,8.422518233923943,8.432460517925309,6.278700337018635,2.0353348237345585,2.036712739384011,1.7620064649068838
competitive_not_tharsis,Competitive maps except Tharsis,Robotic Workforce,4261,3811,450,89.43909880309786,0.37362121567707113,0.4038310154815009,0.11777777777777777,8.36310917519358,8.37769040998517,8.243342157658844,0.36290040785668226,0.39311020766111204,0.1070569699573889
competitive_not_tharsis,Competitive maps except Tharsis,Rover Construction,4403,2515,1888,57.120145355439476,-0.4569611628435158,-0.7582504970178926,-0.055614406779661014,8.43564237484731,8.109214150440447,8.838033880085971,-0.46768197066390466,-0.7689713048382815,-0.06633521460004989
competitive_not_tharsis,Competitive maps except Tharsis,SF Memorial,4174,1886,2288,45.18447532343076,-0.31552467656923816,-0.5911983032873807,-0.08828671328671328,8.48284455884225,8.294058910160771,8.630544543564975,-0.326245484389627,-0.6019191111077695,-0.09900752110710215
competitive_not_tharsis,Competitive maps except Tharsis,Sabotage,4296,4038,258,93.99441340782123,0.17574487895716945,0.20975730559683012,-0.35658914728682173,8.490086153325738,8.554207739039624,7.40890036801873,0.16502407113678058,0.19903649777644125,-0.3673099551072106
competitive_not_tharsis,Competitive maps except Tharsis,Satellites,4291,2170,2121,50.57096247960848,-0.02563505010487066,0.18433179723502305,-0.24045261669024046,8.455687044251558,8.517935063230075,8.388091546653595,-0.03635585792525953,0.17361098941463418,-0.25117342451062935
competitive_not_tharsis,Competitive maps except Tharsis,Search For Life,4334,3057,1277,70.53530226119058,-0.41024457775726814,-0.42721622505724566,-0.36961628817541115,8.628718641871917,8.610006803127028,8.676597226416146,-0.420965385577657,-0.4379370328776345,-0.3803370959958
competitive_not_tharsis,Competitive maps except Tharsis,Security Fleet,4312,94,4218,2.1799628942486087,-0.4294990723562152,-2.117021276595745,-0.3918918918918919,8.53174469432312,6.3919579563441635,8.57013917276301,-0.4402198801766041,-2.1277420844161337,-0.40261269971228075
competitive_not_tharsis,Competitive maps except Tharsis,Shuttles,4354,1729,2625,39.71061093247589,-0.2733118971061093,-0.25621746674378254,-0.2845714285714286,8.364908142040447,8.44143411925473,8.31571263663267,-0.2840327049264982,-0.2669382745641714,-0.29529223639181745
competitive_not_tharsis,Competitive maps except Tharsis,Small Animals,4322,2689,1633,62.21656640444239,0.04187875983341046,0.2636667906284864,-0.32333129210042866,8.413401932999516,8.578377706734903,8.123860443381345,0.03115795201302159,0.25294598280809755,-0.3340520999208175
competitive_not_tharsis,Competitive maps except Tharsis,Soil Factory,4313,206,4107,4.776257825179689,-0.3489450498492928,-1.9951456310679612,-0.2663744825906988,8.522341011283846,7.129805233077195,8.578660788521239,-0.3596658576696817,-2.0058664388883503,-0.27709529041108766
competitive_not_tharsis,Competitive maps except Tharsis,Solar Power,4274,1396,2878,32.662611137108094,-0.398455779129621,-0.8051575931232091,-0.20118137595552468,8.557133461037497,8.170275825938853,8.73318466648627,-0.40917658695000986,-0.815878400943598,-0.21190218377591355
competitive_not_tharsis,Competitive maps except Tharsis,Solar Wind Power,4300,4181,119,97.23255813953489,0.44790697674418606,0.4654388902176513,-0.16806722689075632,8.35354141328533,8.358278936182534,8.196029762015817,0.4371861689237972,0.4547180823972624,-0.17878803471114518
competitive_not_tharsis,Competitive maps except Tharsis,Soletta,4307,1517,2790,35.22173206408173,-0.5073136754121198,-1.107448912326961,-0.18100358422939067,8.29902315500264,8.300804465070971,8.281303664715038,-0.5180344832325087,-1.11816972014735,-0.19172439204977954
competitive_not_tharsis,Competitive maps except Tharsis,Space Elevator,4407,4194,213,95.16678012253233,1.1744951213977763,1.1866952789699572,0.9342723004694836,8.413302660366817,8.437150220241076,7.944108951840366,1.1637743135773875,1.1759744711495683,0.9235514926490948
competitive_not_tharsis,Competitive maps except Tharsis,Space Hotels,4342,3816,526,87.8857669276831,0.8051589129433441,1.0820230607966457,-1.203422053231939,8.485215735172218,8.463897995275893,8.376296924775767,0.7944381051229552,1.0713022529762568,-1.214142861052328
competitive_not_tharsis,Competitive maps except Tharsis,Space Mirrors,4387,743,3644,16.9364030088899,-0.34693412354684294,-0.5477792732166891,-0.30598243688254667,8.383723159412598,8.088964049947855,8.443053814968103,-0.3576549313672318,-0.5585000810370779,-0.31670324470293554
competitive_not_tharsis,Competitive maps except Tharsis,Space Station,4314,3261,1053,75.59109874826147,-0.3518776077885953,-0.32444035571910457,-0.4368471035137702,8.584786010395328,8.578056290620022,8.609121209308322,-0.36259841560898415,-0.33516116353949343,-0.4475679113341591
competitive_not_tharsis,Competitive maps except Tharsis,Special Design,4343,510,3833,11.743034768593139,-0.30301634814644257,-0.3137254901960784,-0.3015914427341508,8.427314478232386,8.511151118539154,8.417215686272856,-0.31373715596683144,-0.3244462980164673,-0.31231225055453965
competitive_not_tharsis,Competitive maps except Tharsis,Sponsors,4290,4230,60,98.6013986013986,0.38927738927738925,0.40118203309692674,-0.45,8.49154266018863,8.496729846651538,8.141596478599206,0.3785565814570004,0.39046122527653787,-0.4607208078203889
competitive_not_tharsis,Competitive maps except Tharsis,Standard Technology,4265,3411,854,79.97655334114889,-0.23868698710433764,-0.2726473175021988,-0.10304449648711944,8.59088122964456,8.579940425845766,8.63815604402497,-0.2494077949247265,-0.28336812532258765,-0.11376530430750831
competitive_not_tharsis,Competitive maps except Tharsis,Steelworks,4485,1075,3410,23.968784838350057,-0.1995540691192865,0.04,-0.2750733137829912,8.419721113965839,8.272437464344456,8.46541427501688,-0.21027487693967536,0.02927919217961113,-0.2857941216033801
competitive_not_tharsis,Competitive maps except Tharsis,Strip Mine,4323,3433,890,79.41244506130002,0.10293777469349988,0.17302650742790562,-0.16741573033707866,8.551220212311787,8.52076891999387,8.667203810080077,0.09221696687311101,0.16230569960751676,-0.17813653815746752
competitive_not_tharsis,Competitive maps except Tharsis,Subterranean Reservoir,4387,2511,1876,57.237291999088214,-0.19033508092090268,-0.4958183990442055,0.21855010660980811,8.444584389965566,8.284668942049437,8.639333136495816,-0.20105588874129154,-0.5065392068645944,0.20782929878941925
competitive_not_tharsis,Competitive maps except Tharsis,Symbiotic Fungus,4310,301,4009,6.983758700696056,-0.33642691415313225,-0.7740863787375415,-0.30356697430780744,8.465541541382843,7.993463553377879,8.499964174403006,-0.3471477219735211,-0.7848071865579304,-0.3142877821281963
competitive_not_tharsis,Competitive maps except Tharsis,Tardigrades,4298,2057,2241,47.85946952070731,-0.1935784085621219,-0.3232863393291201,-0.07452030343596609,8.600687617813081,8.681009691996772,8.526496389127619,-0.20429921638251078,-0.33400714714950897,-0.08524111125635496
competitive_not_tharsis,Competitive maps except Tharsis,Technology Demonstration,4235,4110,125,97.04840613931523,0.3140495867768595,0.3491484184914842,-0.84,8.636416975197642,8.669620510182268,7.400305137562387,0.30332877895647065,0.33842761067109534,-0.8507208078203888
competitive_not_tharsis,Competitive maps except Tharsis,Tectonic Stress Power,4309,1450,2859,33.65049895567417,-0.2928753771176607,-0.23448275862068965,-0.3224903812521861,8.523908034935635,8.27754726502273,8.647450423929566,-0.3035961849380496,-0.24520356644107852,-0.33321118907257496
competitive_not_tharsis,Competitive maps except Tharsis,Terraforming Ganymede,4400,3234,1166,73.5,0.07272727272727272,0.0670995670995671,0.08833619210977701,8.512840511495526,8.584624315291022,8.314107219675988,0.06200646490688386,0.05637875927917824,0.07761538428938815
competitive_not_tharsis,Competitive maps except Tharsis,Titanium Mine,4257,4194,63,98.5200845665962,0.4193093727977449,0.43776824034334766,-0.8095238095238095,8.57555064062007,8.572445687675392,8.76182545212219,0.408588564977356,0.4270474325229588,-0.8202446173441984
competitive_not_tharsis,Competitive maps except Tharsis,Toll Station,4333,516,3817,11.908608354488807,-0.3572582506346642,-0.9224806201550387,-0.2808488341629552,8.493479170415771,8.09757235882581,8.543741963718482,-0.3679790584550531,-0.9332014279754276,-0.29156964198334406
competitive_not_tharsis,Competitive maps except Tharsis,Towing a Comet,4355,3940,415,90.4707233065442,-0.47393800229621125,-0.44898477157360406,-0.7108433734939759,8.443247159207768,8.50256813404642,7.863463669478354,-0.4846588101166001,-0.4597055793939929,-0.7215641813143647
competitive_not_tharsis,Competitive maps except Tharsis,Trans-Neptune Probe,4316,3482,834,80.67655236329935,-0.18582020389249304,-0.1588167719701321,-0.29856115107913667,8.558123436518539,8.581414253511857,8.46436342008662,-0.1965410117128819,-0.16953757979052098,-0.30928195889952553
competitive_not_tharsis,Competitive maps except Tharsis,Trees,4319,2684,1635,62.14401481824496,0.06297754109747626,-0.18926974664679583,0.47706422018348627,8.534062069301548,8.57398250002938,8.454424214903268,0.052256733277087394,-0.1999905544671847,0.4663434123630974
competitive_not_tharsis,Competitive maps except Tharsis,Tropical Resort,4322,194,4128,4.488662656177696,-0.22582137899120777,-2.4381443298969074,-0.12185077519379844,8.413816982074573,7.307373567551127,8.448789692279922,-0.23654218681159664,-2.4488651377172963,-0.1325715830141873
competitive_not_tharsis,Competitive maps except Tharsis,Tundra Farming,4337,466,3871,10.744754438551995,-0.4127276919529629,-1.0107296137339057,-0.3407388271764402,8.444703156430757,8.306099113137988,8.459442157999307,-0.42344849977335175,-1.0214504215542946,-0.3514596349968291
competitive_not_tharsis,Competitive maps except Tharsis,Underground City,4370,1777,2593,40.663615560640736,-0.4826086956521739,-0.9853685987619584,-0.13806401851137678,8.393437941136087,8.04371570719248,8.609510897044741,-0.49332950347256277,-0.9960894065823472,-0.14878482633176565
competitive_not_tharsis,Competitive maps except Tharsis,Underground Detonations,4475,66,4409,1.4748603351955307,-0.3139664804469274,-1.8333333333333333,-0.291222499432978,8.507167520190166,7.158820988732569,8.524360180985681,-0.32468728826731624,-1.8440541411537221,-0.3019433072533669
competitive_not_tharsis,Competitive maps except Tharsis,Urbanized Area,4260,939,3321,22.04225352112676,-0.21431924882629108,-0.9787007454739084,0.0018066847335140017,8.521692091031362,8.28153171862025,8.577253280820198,-0.22504005664667995,-0.9894215532942973,-0.008914123086874868
competitive_not_tharsis,Competitive maps except Tharsis,Vesta Shipyard,4350,3955,395,90.91954022988506,0.23126436781609194,0.2407079646017699,0.13670886075949368,8.512030738337726,8.49896369679851,8.652134756314117,0.22054355999570308,0.22998715678138104,0.1259880529391048
competitive_not_tharsis,Competitive maps except Tharsis,Viral Enhancers,4314,4256,58,98.65554010199351,0.1951784886416319,0.20864661654135339,-0.7931034482758621,8.487189234755707,8.501368132163732,7.36935004082439,0.18445768082124303,0.19792580872096452,-0.803824256096251
competitive_not_tharsis,Competitive maps except Tharsis,Virus,4281,3599,682,84.0691427236627,0.10021023125437982,0.1450402889691581,-0.13636363636363635,8.464963660221857,8.617050218383099,7.6136825383091065,0.08948942343399095,0.13431948114876924,-0.14708444418402522
competitive_not_tharsis,Competitive maps except Tharsis,Water Import From Europa,4298,2667,1631,62.05211726384365,-0.18659841786877618,-0.14360704911886013,-0.2568976088289393,8.539363167786552,8.464523700595315,8.662497971454915,-0.19731922568916505,-0.154327856939249,-0.2676184166493282
competitive_not_tharsis,Competitive maps except Tharsis,Water Splitting Plant,4243,330,3913,7.777515908555268,-0.451567287296724,-0.5909090909090909,-0.43981599795553283,8.528687992728292,8.569361683192273,8.526244769175062,-0.4622880951171129,-0.6016298987294798,-0.4505368057759217
competitive_not_tharsis,Competitive maps except Tharsis,Wave Power,4212,675,3537,16.025641025641026,-0.6196581196581197,-0.7288888888888889,-0.5988125530110263,8.625354763097464,8.55349605469399,8.640044669603178,-0.6303789274785085,-0.7396096967092778,-0.6095333608314152
competitive_not_tharsis,Competitive maps except Tharsis,Windmills,4289,369,3920,8.603404056889717,-0.23921660060620192,-1.5880758807588076,-0.11224489795918367,8.523570312884123,8.304233390964983,8.53398729068334,-0.2499374084265908,-1.5987966885791964,-0.12296570577957254
competitive_not_tharsis,Competitive maps except Tharsis,Worms,4356,267,4089,6.129476584022038,-0.378099173553719,-1.0823970037453183,-0.3321105404744436,8.511170085557826,7.840560453037484,8.552002115726259,-0.3888199813741079,-1.0931178115657072,-0.34283134829483247
competitive_not_tharsis,Competitive maps except Tharsis,Zeppelins,4341,136,4205,3.13291868233126,-0.44390693388620134,-0.75,-0.4340071343638526,8.55561355776791,8.106467468312864,8.570479850991855,-0.4546277417065902,-0.7607208078203889,-0.44472794218424144
competitive_hellas,Competitive Hellas,AI Central,2455,2422,33,98.65580448065172,2.555193482688391,2.610239471511148,-1.4848484848484849,8.568632530371712,8.58560089779216,6.052485089413748,2.5460885211441293,2.601134509966886,-1.4939534463927466
competitive_hellas,Competitive Hellas,Acquired Company,2494,2452,42,98.31595829991981,0.8664795509222133,0.9045676998368679,-1.3571428571428572,8.591419559555812,8.590879492913118,8.427080125554086,0.8573745893779515,0.8954627382926061,-1.366247818687119
competitive_hellas,Competitive Hellas,Adaptation Technology,2515,1016,1499,40.39761431411531,-0.2202783300198807,-0.04429133858267716,-0.33955970647098066,8.783798589628177,8.87632634311746,8.721478945660746,-0.2293832915641425,-0.05339630012693897,-0.3486646680152425
competitive_hellas,Competitive Hellas,Adapted Lichen,2511,1241,1270,49.42254082039028,-0.1812027080844285,-0.6333601933924254,0.2606299212598425,8.521651654430075,8.22996976476992,8.778094893397794,-0.1903076696286903,-0.6424651549366872,0.2515249597155807
competitive_hellas,Competitive Hellas,Advanced Alloys,2464,2433,31,98.74188311688312,1.8587662337662338,1.9132757912042746,-2.4193548387096775,8.50480150620265,8.506593350120783,7.288228836273766,1.849661272221972,1.9041708296600128,-2.4284598002539393
competitive_hellas,Competitive Hellas,Advanced Ecosystems,2515,1868,647,74.27435387673957,-0.4584493041749503,-0.3998929336188437,-0.6275115919629057,8.42342095975201,8.5643310572866,8.006695175741944,-0.4675542657192121,-0.40899789516310553,-0.6366165535071675
competitive_hellas,Competitive Hellas,Aerobraked Ammonia Asteroid,2491,256,2235,10.27699718988358,-0.19550381372942593,-1.1875,-0.08187919463087248,8.680537008047246,8.11606975298353,8.737390610275845,-0.20460877527368773,-1.1966049615442618,-0.09098415617513428
competitive_hellas,Competitive Hellas,Algae,2507,2031,476,81.01316314319904,-0.24571200638213003,-0.3229935992122107,0.08403361344537816,8.70883639565862,8.747135103094138,8.544698406240247,-0.25481696792639186,-0.33209856075647254,0.07492865190111636
competitive_hellas,Competitive Hellas,Anti-Gravity Technology,2431,2264,167,93.13039901275195,0.7219251336898396,0.8551236749116607,-1.0838323353293413,8.439765306704494,8.50708629688493,7.251433737463761,0.7128201721455778,0.846018713367399,-1.092937296873603
competitive_hellas,Competitive Hellas,Ants,2402,569,1833,23.688592839300583,-0.26602830974188174,-0.6080843585237259,-0.15984724495362793,8.41249660254976,8.406235404924844,8.413902664950182,-0.27513327128614357,-0.6171893200679877,-0.16895220649788972
competitive_hellas,Competitive Hellas,Aquifer Pumping,2430,373,2057,15.349794238683128,-0.17078189300411523,-0.06702412868632708,-0.18959649975692758,8.571788377931941,8.449299200560898,8.595709084871283,-0.17988685454837702,-0.07612909023058888,-0.19870146130118937
competitive_hellas,Competitive Hellas,Archaebacteria,2587,2247,340,86.85736374178585,0.1306532663316583,0.155318202047174,-0.03235294117647059,8.430963427390177,8.403313014015673,8.622301487590866,0.1215483047873965,0.1462132405029122,-0.041457902720732395
competitive_hellas,Competitive Hellas,Arctic Algae,2440,2382,58,97.62295081967213,0.5286885245901639,0.5121746431570109,1.206896551724138,8.521347474019116,8.523238164047179,8.488916655799533,0.5195835630459021,0.5030696816127491,1.1977915901798761
competitive_hellas,Competitive Hellas,Artificial Lake,2539,109,2430,4.293028751476959,-0.33910988578180384,-0.6146788990825688,-0.3267489711934156,8.53286019273096,8.746330719412965,8.524793987093453,-0.34821484732606567,-0.6237838606268306,-0.33585393273767744
competitive_hellas,Competitive Hellas,Artificial Photosynthesis,2430,1955,475,80.45267489711934,-0.28641975308641976,-0.16624040920716113,-0.7810526315789473,8.44512599600816,8.477647527970205,8.30042821752411,-0.2955247146306816,-0.17534537075142292,-0.7901575931232091
competitive_hellas,Competitive Hellas,Asteroid,2492,2232,260,89.56661316211878,-0.44542536115569825,-0.5076164874551972,0.08846153846153847,8.52727406563272,8.608676434826135,7.788459283458957,-0.4545303226999601,-0.5167214489994589,0.07935657691727667
competitive_hellas,Competitive Hellas,Asteroid Mining,2456,2267,189,92.30456026058631,0.3550488599348534,0.3153947948831054,0.8306878306878307,8.544466114326541,8.538048705271175,8.629668644122503,0.3459438983905916,0.3062898333388436,0.8215828691435689
competitive_hellas,Competitive Hellas,Asteroid Mining Consortium,2488,2318,170,93.16720257234726,1.5361736334405145,1.684641932700604,-0.48823529411764705,8.71301695190004,8.724787295917332,8.31426964366821,1.5270686718962527,1.6755369711563421,-0.49734025566190887
competitive_hellas,Competitive Hellas,Beam From a Thorium Asteroid,2497,1462,1035,58.55026031237485,0.12294753704445334,0.3372093023255814,-0.17971014492753623,8.577121268657834,8.366876603765444,8.860872519760909,0.11384257550019154,0.32810434078131956,-0.18881510647179803
competitive_hellas,Competitive Hellas,Big Asteroid,2456,2276,180,92.67100977198697,0.1970684039087948,0.2627416520210896,-0.6333333333333333,8.400044100662727,8.45489338751979,7.6457166596875314,0.187963442364533,0.2536366904768278,-0.6424382948775951
competitive_hellas,Competitive Hellas,Biomass Combustors,2378,620,1758,26.07232968881413,-0.4087468460891506,-0.7209677419354839,-0.2986348122866894,8.604738352458035,8.454642588032023,8.65674442781646,-0.4178518076334124,-0.7300727034797456,-0.30773977383095125
competitive_hellas,Competitive Hellas,Birds,2420,1629,791,67.31404958677686,-0.050413223140495865,-0.16451810926949048,0.1845764854614412,8.658794418869757,8.813725794187867,8.331201976368193,-0.05951818468475767,-0.17362307081375228,0.1754715239171794
competitive_hellas,Competitive Hellas,Black Polar Dust,2462,490,1972,19.902518277822907,-0.2372055239642567,-1.3,0.0268762677484787,8.510993248999817,8.261931323997675,8.553338646868891,-0.2463104855085185,-1.3091049615442618,0.0177713062042169
competitive_hellas,Competitive Hellas,Breathing Filters,2438,295,2143,12.100082034454472,-0.3896636587366694,-0.6101694915254238,-0.35930937937470836,8.754571337075145,8.367041246634056,8.80802971070329,-0.39876862028093124,-0.6192744530696855,-0.3684143409189702
competitive_hellas,Competitive Hellas,Bribed Committee,2467,1773,694,71.86866639643291,-0.18321848398865018,-0.03948110547095319,-0.5504322766570605,8.470625385544874,8.494362634731674,8.404607311188993,-0.19232344553291197,-0.04858606701521499,-0.5595372382013223
competitive_hellas,Competitive Hellas,Building Industries,2447,2158,289,88.18961994278709,0.45525132815692687,0.3804448563484708,1.013840830449827,8.509598496168831,8.529711761910749,8.351219271567434,0.44614636661266505,0.371339894804209,1.0047358689055652
competitive_hellas,Competitive Hellas,Bushes,2517,1906,611,75.72506952721494,-0.13110846245530394,-0.2885624344176285,0.36006546644844517,8.553458894794566,8.679577219800086,8.13480536683963,-0.14021342399956574,-0.29766739596189035,0.35096050490418335
competitive_hellas,Competitive Hellas,Business Contacts,2474,2365,109,95.5941794664511,0.150767987065481,0.12642706131078224,0.6788990825688074,8.462824285133484,8.473238410790955,8.253933668196069,0.1416630255212192,0.11732209976652044,0.6697941210245456
competitive_hellas,Competitive Hellas,Business Network,2492,2404,88,96.46869983948636,0.3021669341894061,0.2995008319467554,0.375,8.558427154021036,8.577917807255496,8.053431481094854,0.2930619726451443,0.2903958704024936,0.3658950384557382
competitive_hellas,Competitive Hellas,CEO's Favourite Project,2485,242,2243,9.738430583501007,-0.24909456740442656,-1.2892561983471074,-0.13687026304057068,8.747551082717786,8.183008421745368,8.800671575147875,-0.25819952894868836,-1.2983611598913691,-0.14597522458483247
competitive_hellas,Competitive Hellas,Callisto Penal Mines,2421,1579,842,65.22098306484924,-0.14250309789343246,-0.2539582013932869,0.0665083135391924,8.796830675320459,8.933891932998467,8.535181130217127,-0.15160805943769426,-0.2630631629375487,0.0574033519949306
competitive_hellas,Competitive Hellas,Capital,2475,577,1898,23.31313131313131,-0.3115151515151515,-0.8180242634315424,-0.15753424657534246,8.506044781486226,8.191066075353021,8.595701358537468,-0.32062011305941335,-0.8271292249758042,-0.16663920811960425
competitive_hellas,Competitive Hellas,Carbonate Processing,2454,980,1474,39.93480032599837,-0.23471882640586797,-0.753061224489796,0.10990502035278155,8.243659979877638,8.084603762350065,8.332621641844725,-0.24382378795012977,-0.7621661860340577,0.10080005880851975
competitive_hellas,Competitive Hellas,Caretaker Contract,2486,18,2468,0.7240547063555913,-0.22687047465808527,-4.666666666666667,-0.19448946515397084,8.545865016144482,4.2840332837725,8.561152374441503,-0.23597543620234707,-4.675771628210929,-0.20359442669823263
competitive_hellas,Competitive Hellas,Cartel,2430,1909,521,78.559670781893,0.4646090534979424,0.5987427972760607,-0.026871401151631478,8.45695896596876,8.422187833010133,8.573396216963609,0.4555040919536806,0.589637835731799,-0.03597636269589328
competitive_hellas,Competitive Hellas,Cloud Seeding,2553,405,2148,15.863689776733255,-0.37406972189580884,-1.4222222222222223,-0.17644320297951582,8.519242542703344,8.067598069677329,8.589215842933111,-0.38317468344007066,-1.431327183766484,-0.18554816452377762
competitive_hellas,Competitive Hellas,Colonizer Training Camp,2487,2178,309,87.57539203860073,-0.39244069159630074,-0.43021120293847565,-0.1262135922330097,8.520312624925744,8.46164282042302,8.932662535169301,-0.40154565314056256,-0.43931616448273747,-0.1353185537772715
competitive_hellas,Competitive Hellas,Comet,2506,2253,253,89.90422984836393,-0.26975259377494015,-0.36884154460719043,0.6126482213438735,8.54285071284985,8.582855310077537,8.141126127616543,-0.278857555319202,-0.37794650615145226,0.6035432597996118
competitive_hellas,Competitive Hellas,Commercial District,2450,1676,774,68.40816326530613,-0.07387755102040816,-0.21062052505966586,0.2222222222222222,8.453210594812798,8.44284209608914,8.47351690364755,-0.08298251256466996,-0.21972548660392766,0.2131172606779604
competitive_hellas,Competitive Hellas,Convoy From Europa,2448,2047,401,83.61928104575163,-0.006944444444444444,-0.02051783097215437,0.06234413965087282,8.561298047137388,8.592920835796944,8.408246160244826,-0.016049405988706245,-0.029622792516416172,0.053239178106611024
competitive_hellas,Competitive Hellas,Corporate Stronghold,2475,1221,1254,49.333333333333336,0.2,0.2031122031122031,0.19696969696969696,8.603077037839284,8.379308442728657,8.818844931489453,0.19089503845573821,0.1940072415679413,0.18786473542543516
competitive_hellas,Competitive Hellas,Cupola City,2418,2114,304,87.42762613730356,0.15715467328370555,0.08561967833491012,0.6546052631578947,8.615019963980926,8.63355867909173,8.482311930438113,0.14804971173944376,0.07651471679064832,0.6455003016136329
competitive_hellas,Competitive Hellas,Decomposers,2472,2107,365,85.23462783171522,-0.0877831715210356,-0.04888467014712862,-0.31232876712328766,8.517555158191632,8.566813685009338,8.2352756581878,-0.0968881330652974,-0.05798963169139042,-0.3214337286675495
competitive_hellas,Competitive Hellas,Deep Well Heating,2409,1533,876,63.63636363636363,-0.1461187214611872,-0.12459230267449445,-0.18378995433789955,8.268655696710914,8.101075053170089,8.558598671501684,-0.155223683005449,-0.13369726421875625,-0.19289491588216134
competitive_hellas,Competitive Hellas,Deimos Down,2483,2357,126,94.92549335481273,0.8179621425694724,0.8935086974968179,-0.5952380952380952,8.44810958471629,8.495936077415159,7.385584414442579,0.8088571810252106,0.8844037359525562,-0.604343056782357
competitive_hellas,Competitive Hellas,Designed Microorganisms,2517,2112,405,83.90941597139452,0.4159713945172825,0.23674242424242425,1.3506172839506172,8.605546838353662,8.54873256201214,8.848031098554506,0.40686643297302066,0.22763746269816246,1.3415123224063554
competitive_hellas,Competitive Hellas,Development Center,2352,2286,66,97.1938775510204,1.4481292517006803,1.4768153980752405,0.45454545454545453,8.48111149170389,8.479355060321073,8.547031546200602,1.4390242901564185,1.4677104365309788,0.4454404930011927
competitive_hellas,Competitive Hellas,Domed Crater,2431,2027,404,83.38132455779514,-0.12258329905388729,-0.33300444005920077,0.9331683168316832,8.473232366662536,8.346997675153787,9.017104719914911,-0.1316882605981491,-0.3421094016034626,0.9240633552874215
competitive_hellas,Competitive Hellas,Dust Seals,2483,606,1877,24.405960531614983,-0.43616592831252515,-0.6782178217821783,-0.35801811401172084,8.377732089509243,8.638205782026759,8.292732317496469,-0.445270889856787,-0.68732278332644,-0.36712307555598267
competitive_hellas,Competitive Hellas,Earth Catapult,2419,2413,6,99.75196362133113,2.9214551467548575,2.9324492333195193,-1.5,8.421168443146271,8.411277010006721,11.91217864204529,2.9123501852105957,2.9233442717752576,-1.5091049615442618
competitive_hellas,Competitive Hellas,Earth Office,2414,2389,25,98.96437448218724,0.6466445733222866,0.6726663876098786,-1.84,8.697322942489414,8.70756099935089,7.3862484839508795,0.6375396117780249,0.6635614260656169,-1.8491049615442618
competitive_hellas,Competitive Hellas,Ecological Zone,2519,2325,194,92.29853116315998,0.09884874950377134,0.10365591397849462,0.041237113402061855,8.553629040486918,8.628396932020085,7.6204218747851185,0.08974378795950955,0.09455095243423282,0.03213215185780005
competitive_hellas,Competitive Hellas,Electro Catapult,2461,2362,99,95.97724502234864,0.9780577001219016,1.0008467400508043,0.43434343434343436,8.366911580545676,8.403625564022736,7.45484586429801,0.9689527385776399,0.9917417785065425,0.42523847279917254
competitive_hellas,Competitive Hellas,Energy Saving,2486,62,2424,2.49396621078037,-0.6500402252614642,-1.7741935483870968,-0.6212871287128713,8.506584856090852,6.881715747839055,8.543311555936054,-0.659145186805726,-1.7832985099313585,-0.630392090257133
competitive_hellas,Competitive Hellas,Energy Tapping,2531,2157,374,85.22323192414066,0.4847886210983801,0.4334724153917478,0.7807486631016043,8.645366241825808,8.704052520732944,8.303883485414604,0.4756836595541183,0.424367453847486,0.7716437015573425
competitive_hellas,Competitive Hellas,Eos Chasma National Park,2465,757,1708,30.709939148073023,-0.19432048681541583,-0.7939233817701453,0.07142857142857142,8.502432818548748,8.513749542935601,8.486361287003255,-0.20342544835967763,-0.8030283433144071,0.06232360988430963
competitive_hellas,Competitive Hellas,Equatorial Magnetizer,2396,92,2304,3.8397328881469117,-0.66110183639399,-2.358695652173913,-0.5933159722222222,8.424460228551347,7.768040359526567,8.444087955018304,-0.6702067979382518,-2.367800613718175,-0.602420933766484
competitive_hellas,Competitive Hellas,Extreme-Cold Fungus,2529,894,1635,35.34994068801898,-0.27955713720838277,-0.38031319910514544,-0.22446483180428134,8.518301061147811,8.479254276956544,8.541661935537395,-0.2886620987526446,-0.38941816064940726,-0.23356979334854314
competitive_hellas,Competitive Hellas,Farming,2397,871,1526,36.337088026700044,-0.4188569044639132,-0.529276693455798,-0.35583224115334205,8.37650810351862,8.462289807526751,8.329280097719415,-0.42796186600817504,-0.5383816550000597,-0.3649372026976039
competitive_hellas,Competitive Hellas,Fish,2456,1482,974,60.34201954397394,-0.3000814332247557,-0.3515519568151147,-0.22176591375770022,8.431341008107504,8.625599879539026,8.130620346412742,-0.30918639476901755,-0.3606569183593765,-0.23087087530196201
competitive_hellas,Competitive Hellas,Flooding,2510,1667,843,66.41434262948208,-0.3908366533864542,-0.563887222555489,-0.04863582443653618,8.666064462801256,8.663924805981187,8.665258529407557,-0.399941614930716,-0.5729921840997507,-0.05774078598079799
competitive_hellas,Competitive Hellas,Food Factory,2443,251,2192,10.27425296766271,-0.3319688907081457,-1.203187250996016,-0.23220802919708028,8.638754584175695,7.776538420196792,8.728126630807107,-0.34107385225240755,-1.2122922125402777,-0.24131299074134208
competitive_hellas,Competitive Hellas,Fuel Factory,2353,2000,353,84.99787505312368,0.3858903527411815,0.54,-0.48725212464589235,8.55100770704831,8.551196494101884,8.509385298972319,0.3767853911969197,0.5308950384557383,-0.4963570861901542
competitive_hellas,Competitive Hellas,Fueled Generators,2474,1589,885,64.22797089733226,-0.4361358124494745,-0.6349905601006922,-0.07909604519774012,8.489912414248106,8.673416003328066,8.142707872055443,-0.44524077399373635,-0.644095521644954,-0.08820100674200192
competitive_hellas,Competitive Hellas,Fusion Power,2412,1149,1263,47.63681592039801,-0.13681592039800994,-0.26718885987815494,-0.018210609659540775,8.571287197668411,8.41885706011341,8.709276124620198,-0.14592088194227174,-0.27629382142241676,-0.027315571203802576
competitive_hellas,Competitive Hellas,GHG Factories,2471,1381,1090,55.888304330230675,-0.405503844597329,-0.8928312816799421,0.21192660550458717,8.548780843252263,8.616050872076437,8.426315689619518,-0.41460880614159085,-0.9019362432242038,0.20282164396032537
competitive_hellas,Competitive Hellas,GHG Producing Bacteria,2442,825,1617,33.78378378378378,-0.5266175266175266,-0.07515151515151515,-0.7569573283858998,8.495770204796253,8.5241903500485,8.474608413733554,-0.5357224881617884,-0.08425647669577695,-0.7660622899301616
competitive_hellas,Competitive Hellas,Ganymede Colony,2520,1909,611,75.75396825396825,-0.45714285714285713,-0.5248821372446307,-0.24549918166939444,8.482365506424829,8.545907233871521,8.284013354069945,-0.46624781868711895,-0.5339870987888925,-0.25460414321365626
competitive_hellas,Competitive Hellas,Gene Repair,2352,1543,809,65.60374149659864,-0.12202380952380952,0.037589112119248216,-0.4264524103831891,8.67774546414933,8.742750186558952,8.549497257989996,-0.13112877106807133,0.028484150574986416,-0.4355573719274509
competitive_hellas,Competitive Hellas,Geothermal Power,2462,2028,434,82.37205523964256,0.016653127538586516,0.03155818540433925,-0.052995391705069124,8.537564703196344,8.546341369395261,8.505911693174362,0.007548165994324715,0.02245322386007745,-0.06210035324933093
competitive_hellas,Competitive Hellas,Giant Ice Asteroid,2445,2333,112,95.41922290388548,0.5423312883435583,0.6125160737248179,-0.9196428571428571,8.519950321608366,8.591494121487667,6.727834334037575,0.5332263267992965,0.6034111121805561,-0.9287478186871189
competitive_hellas,Competitive Hellas,Giant Space Mirror,2556,1791,765,70.07042253521126,0.24843505477308295,0.19095477386934673,0.38300653594771245,8.635865769517661,8.596890871897617,8.730608961219534,0.23933009322882115,0.18184981232508493,0.3739015744034506
competitive_hellas,Competitive Hellas,Grass,2505,1565,940,62.4750499001996,-0.1121756487025948,-0.25303514376996805,0.12234042553191489,8.451975746927058,8.440395731496414,8.4705171104413,-0.1212806102468566,-0.2621401053142299,0.11323546398765309
competitive_hellas,Competitive Hellas,Great Dam,2469,616,1853,24.94937221547185,-0.5731065208586472,-1.1607142857142858,-0.37776578521316784,8.567778540669398,8.146932116054511,8.696513909886804,-0.582211482402909,-1.1698192472585476,-0.38687074675742966
competitive_hellas,Competitive Hellas,Great Escarpment Consortium,2447,1818,629,74.29505516959543,0.39476910502656315,0.5297029702970297,0.0047694753577106515,8.573205827107085,8.49334927222419,8.79517326476763,0.3856641434823013,0.520598008752768,-0.004335486186551149
competitive_hellas,Competitive Hellas,Greenhouses,2389,1665,724,69.69443281707828,0.05567182921724571,0.14354354354354354,-0.1464088397790055,8.63942687158577,8.670542147851895,8.569985310366297,0.0465668676729839,0.13443858199928174,-0.1555138013232673
competitive_hellas,Competitive Hellas,Hackers,2492,1548,944,62.118780096308186,0.43258426966292135,0.8081395348837209,-0.1832627118644068,8.488537484749026,8.535110096420683,8.379727060630003,0.4234793081186595,0.7990345733394592,-0.1923676734086686
competitive_hellas,Competitive Hellas,Heat Trappers,2378,1707,671,71.7830109335576,-0.03406223717409588,0.008201523140011716,-0.14157973174366617,8.673681315545721,8.923403544604323,8.008721917662909,-0.04316719871835768,-0.0009034384042500843,-0.15068469328792797
competitive_hellas,Competitive Hellas,Heather,2461,1500,961,60.950832994717594,-0.5733441690369768,-0.8973333333333333,-0.06763787721123829,8.659691018011815,8.64048020391952,8.669907459256057,-0.5824491305812386,-0.9064382948775951,-0.07674283875550009
competitive_hellas,Competitive Hellas,Herbivores,2477,1530,947,61.768268066209124,-0.1005248284214776,-0.12549019607843137,-0.06019007391763464,8.55434894255942,8.747601965420223,8.236948749358776,-0.1096297899657394,-0.13459515762269317,-0.06929503546189644
competitive_hellas,Competitive Hellas,Hired Raiders,2463,2339,124,94.96548924076329,-0.15387738530247666,-0.10517315091919624,-1.0725806451612903,8.447445416585674,8.541102940340874,6.387453895713552,-0.16298234684673846,-0.11427811246345804,-1.081685606705552
competitive_hellas,Competitive Hellas,House Printing,2431,1614,817,66.39243109831345,-0.20238584944467297,-0.24411400247831475,-0.11995104039167687,8.578382874504607,8.643444063795263,8.453030898449919,-0.21149081098893477,-0.25321896402257654,-0.12905600193593866
competitive_hellas,Competitive Hellas,Ice Asteroid,2487,2259,228,90.83232810615199,-0.06353035786087656,-0.1363435148295706,0.6578947368421053,8.485422694947495,8.490603522900875,8.418386576580307,-0.07263531940513836,-0.1454484763738324,0.6487897752978435
competitive_hellas,Competitive Hellas,Ice cap Melting,2408,148,2260,6.146179401993355,-0.49709302325581395,-1.6081081081081081,-0.4243362831858407,8.637412454784618,9.161168519424493,8.599135752008046,-0.5061979848000757,-1.6172130696523699,-0.43344124473010254
competitive_hellas,Competitive Hellas,Immigrant City,2396,1708,688,71.28547579298831,-0.8656093489148581,-1.4028103044496487,0.4680232558139535,8.62231716673292,8.487796350274714,8.813224193591328,-0.8747143104591198,-1.4119152659939105,0.45891829426969166
competitive_hellas,Competitive Hellas,Immigration Shuttles,2517,1246,1271,49.50337703615415,-0.08541914978148589,0.13162118780096307,-0.2981904012588513,8.712157205925632,8.566602477774333,8.850730021847031,-0.09452411132574769,0.12251622625670128,-0.30729536280311315
competitive_hellas,Competitive Hellas,Import of Advanced GHG,2502,1516,986,60.59152677857714,-0.4244604316546763,-0.5930079155672823,-0.16531440162271804,8.48879646018775,8.505245358203233,8.4612016134643,-0.4335653931989381,-0.602112877111544,-0.17441936316697984
competitive_hellas,Competitive Hellas,Imported GHG,2509,1496,1013,59.62534874451973,-0.3332004782781985,-0.5955882352941176,0.054294175715695954,8.465556549185877,8.24768462015535,8.767191683777337,-0.3423054398224603,-0.6046931968383794,0.04518921417143415
competitive_hellas,Competitive Hellas,Imported Hydrogen,2454,2298,156,93.64303178484107,-0.026079869600651995,-0.002175805047867711,-0.3782051282051282,8.509708392748543,8.580764069988406,7.3995143247055015,-0.035184831144913796,-0.011280766592129511,-0.38731008974939
competitive_hellas,Competitive Hellas,Imported Nitrogen,2460,1981,479,80.52845528455285,-0.30447154471544713,-0.2700656234225139,-0.44676409185803756,8.544668907554868,8.635097365452395,8.167236372680998,-0.31357650625970895,-0.2791705849667757,-0.4558690534022994
competitive_hellas,Competitive Hellas,Indentured Workers,2437,2037,400,83.58637669265491,0.01928600738613049,0.15365733922434954,-0.665,8.519900724597697,8.699098514052023,7.514248787276924,0.010181045841868689,0.14455237768008775,-0.6741049615442618
competitive_hellas,Competitive Hellas,Industrial Center,2431,1926,505,79.22665569724393,-0.24269847799259564,-0.34631360332294914,0.15247524752475247,8.537566655813748,8.517789141436028,8.609617569574539,-0.25180343953685747,-0.35541856486721096,0.14337028598049067
competitive_hellas,Competitive Hellas,Industrial Microbes,2532,2315,217,91.42969984202212,0.2334123222748815,0.2125269978401728,0.45622119815668205,8.660346498195153,8.600904374395945,9.289040261936746,0.22430736073061971,0.203422036295911,0.4471162366124202
competitive_hellas,Competitive Hellas,Insects,2526,2270,256,89.86539984164688,0.12034837688044339,0.12687224669603525,0.0625,8.429261012990413,8.492172550064888,7.864788742285727,0.1112434153361816,0.11776728515177345,0.0533950384557382
competitive_hellas,Competitive Hellas,Insulation,2465,79,2386,3.204868154158215,-0.3411764705882353,-0.25316455696202533,-0.3440905280804694,8.854479903535186,7.451498480223892,8.898460556951699,-0.35028143213249713,-0.26226951850628716,-0.35319548962473124
competitive_hellas,Competitive Hellas,Interstellar Colony Ship,2404,917,1487,38.14475873544093,-0.1622296173044925,0.38058887677208286,-0.4969737726967048,8.505970350642768,8.6428514067333,8.405909299938955,-0.1713345788487543,0.37148391522782104,-0.5060787342409666
competitive_hellas,Competitive Hellas,Invention Contest,2555,2462,93,96.3600782778865,-0.14520547945205478,-0.16003249390739235,0.24731182795698925,8.642629152725688,8.67623775982039,7.731437677738202,-0.15431044099631658,-0.16913745545165415,0.23820686641272745
competitive_hellas,Competitive Hellas,Inventors' Guild,2417,2373,44,98.1795614398014,0.5486139842780307,0.5769068689422672,-0.9772727272727273,8.515483994229562,8.552368548993627,6.086541143102604,0.5395090227337689,0.5678019073980054,-0.9863776888169891
competitive_hellas,Competitive Hellas,Investment Loan,2444,2008,436,82.16039279869067,-0.004091653027823241,0.021912350597609563,-0.12385321100917432,8.490392323237161,8.483315077657613,8.531660027203543,-0.013196614572085041,0.012807389053347763,-0.13295817255343612
competitive_hellas,Competitive Hellas,Io Mining Industries,2489,2271,218,91.24146243471273,0.7613499397348332,0.7749889916336415,0.6192660550458715,8.533606768487816,8.542405736078722,8.45955383408284,0.7522449781905715,0.7658840300893798,0.6101610935016097
competitive_hellas,Competitive Hellas,Ironworks,2478,402,2076,16.222760290556902,-0.42211460855528654,-0.5049751243781094,-0.4060693641618497,8.600975151956582,8.541593999614037,8.614380902060734,-0.43121957009954837,-0.5140800859223712,-0.4151743257061115
competitive_hellas,Competitive Hellas,Kelp Farming,2442,2259,183,92.50614250614251,0.7796887796887797,0.8410801239486498,0.02185792349726776,8.502487106638558,8.585627364292273,7.378284356517946,0.7705838181445179,0.8319751624043881,0.012752961953005959
competitive_hellas,Competitive Hellas,Lagrange Observatory,2512,2235,277,88.97292993630573,0.06050955414012739,0.07606263982102908,-0.06498194945848375,8.594840740510984,8.609219032560128,8.49228770429803,0.05140459259586559,0.06695767827676728,-0.07408691100274555
competitive_hellas,Competitive Hellas,Lake Marineris,2505,747,1758,29.820359281437124,-0.3465069860279441,-0.4190093708165997,-0.31569965870307165,8.492179072876514,8.747718972457431,8.383582442825475,-0.35561194757220593,-0.42811433236086155,-0.3248046202473335
competitive_hellas,Competitive Hellas,Land Claim,2422,158,2264,6.5235342691990095,-0.5189925681255161,-1.2341772151898733,-0.46908127208480566,8.411618072918762,8.48765887276163,8.405904425115367,-0.5280975296697779,-1.243282176734135,-0.4781862336290675
competitive_hellas,Competitive Hellas,Large Convoy,2504,2312,192,92.33226837060703,0.2388178913738019,0.28460207612456745,-0.3125,8.56315838593053,8.630416556137822,7.7064092452644495,0.2297129298295401,0.2754971145803056,-0.3216049615442618
competitive_hellas,Competitive Hellas,Lava Flows,2489,2077,412,83.44716753716352,0.12896745680996385,0.06644198363023592,0.4441747572815534,8.432577346811197,8.43474415513313,8.424809270212506,0.11986249526570206,0.05733702208597412,0.4350697957372916
competitive_hellas,Competitive Hellas,Lava Tube Settlement,2439,1713,726,70.23370233702337,-0.33825338253382536,-0.6351430239346176,0.3622589531680441,8.662288993020804,8.637594569520267,8.686074935587643,-0.3473583440780872,-0.6442479854788794,0.35315399162378225
competitive_hellas,Competitive Hellas,Lichen,2484,1790,694,72.06119162640901,-0.14251207729468598,-0.3346368715083799,0.3530259365994236,8.523770999966043,8.598248567673958,8.314221256484544,-0.15161703883894778,-0.3437418330526417,0.3439209750551618
competitive_hellas,Competitive Hellas,Lightning Harvest,2454,687,1767,27.99511002444988,-0.10309698451507743,-0.30858806404657935,-0.02320316921335597,8.36223618858937,8.204615366344314,8.42366457990435,-0.11220194605933922,-0.31769302559084117,-0.03230813075761777
competitive_hellas,Competitive Hellas,Livestock,2524,587,1937,23.256735340729,-0.6414421553090333,-1.190800681431005,-0.47496128033040785,8.659830800934529,8.633080902933008,8.663266579144995,-0.650547116853295,-1.1999056429752668,-0.4840662418746697
competitive_hellas,Competitive Hellas,Local Heat Trapping,2458,575,1883,23.39300244100895,-0.37876322213181446,-0.7895652173913044,-0.2533191715347849,8.509669652262481,8.376749116979862,8.548112467451809,-0.3878681836760763,-0.7986701789355661,-0.2624241330790467
competitive_hellas,Competitive Hellas,Lunar Beam,2421,1260,1161,52.04460966542751,-0.2932672449401074,-0.353968253968254,-0.22739018087855298,8.521624904612635,8.711879638161303,8.313468973456727,-0.30237220648436924,-0.3630732155125158,-0.23649514242281477
competitive_hellas,Competitive Hellas,Magnetic Field Dome,2432,61,2371,2.508223684210526,-0.26726973684210525,-1.1639344262295082,-0.24420075917334458,8.799243513702287,7.7355894579724875,8.82515602138981,-0.2763746983863671,-1.17303938777377,-0.2533057207176064
competitive_hellas,Competitive Hellas,Magnetic Field Generators,2537,101,2436,3.9810800157666537,-0.42412297989751674,-1.3663366336633664,-0.3850574712643678,8.532542170803607,7.558733719714207,8.56967616216718,-0.43322794144177856,-1.3754415952076282,-0.3941624328086296
competitive_hellas,Competitive Hellas,Mangrove,2508,1195,1313,47.6475279106858,-0.3129984051036683,-0.30962343096234307,-0.31607006854531605,8.596882029841947,8.733704104159644,8.473768298579651,-0.3221033666479301,-0.3187283925066049,-0.3251750300895779
competitive_hellas,Competitive Hellas,Mars University,2534,2518,16,99.36858721389108,0.6689029202841358,0.6898332009531374,-2.625,8.53869318495504,8.55784402581982,3.344149119482164,0.659797958739874,0.6807282394088756,-2.6341049615442618
competitive_hellas,Competitive Hellas,Martian Rails,2459,142,2317,5.774705164701098,-0.1838145587637251,-0.852112676056338,-0.14285714285714285,8.65275594497046,6.815654886605787,8.752342747950221,-0.1929195203079869,-0.8612176376005998,-0.15196210440140465
competitive_hellas,Competitive Hellas,Martian Survey,2493,1870,623,75.01002807862014,-0.1255515443241075,-0.1572192513368984,-0.030497592295345103,8.699359360156208,8.688035275613123,8.739570775526008,-0.1346565058683693,-0.1663242128811602,-0.039602553839606904
competitive_hellas,Competitive Hellas,Mass Converter,2395,2274,121,94.94780793319416,0.6359081419624217,0.7550571679859279,-1.603305785123967,8.591502473089855,8.62909694307832,7.539318425033499,0.62680318041816,0.7459522064416662,-1.6124107466682287
competitive_hellas,Competitive Hellas,Media Archives,2390,893,1497,37.36401673640167,-0.297907949790795,0.1690929451287794,-0.5764863059452238,8.53333869061629,8.47916643391302,8.556180034927177,-0.3070129113350568,0.1599879835845176,-0.5855912674894855
competitive_hellas,Competitive Hellas,Media Group,2415,2392,23,99.04761904761905,1.0964803312629399,1.1132943143812708,-0.6521739130434783,8.405883253635103,8.424643136571868,6.027276602339295,1.087375369718678,1.104189352837009,-0.66127887458774
competitive_hellas,Competitive Hellas,Medical Lab,2452,2042,410,83.278955954323,-0.18393148450244698,-0.12144955925563174,-0.4951219512195122,8.484128434430808,8.540243394155018,8.20198709358775,-0.19303644604670878,-0.13055452079989355,-0.504226912763774
competitive_hellas,Competitive Hellas,Methane From Titan,2396,1837,559,76.66944908180301,0.20701168614357263,0.0130647795318454,0.8443649373881932,8.569483220928047,8.610795475301853,8.40842082497111,0.19790672459931083,0.003959817987583599,0.8352599758439314
competitive_hellas,Competitive Hellas,Micro-Mills,2471,237,2234,9.591258599757184,-0.3087818696883853,-0.8481012658227848,-0.25156669650850494,8.31450124449492,7.957655850422886,8.351133625635022,-0.3178868312326471,-0.8572062273670465,-0.26067165805276676
competitive_hellas,Competitive Hellas,Mine,2537,2488,49,98.06858494284589,0.6318486401261332,0.6410771704180064,0.16326530612244897,8.73285040040664,8.741806018328028,8.337532955395915,0.6227436785818714,0.6319722088737446,0.15416034457818717
competitive_hellas,Competitive Hellas,Mineral Deposit,2491,2309,182,92.69369731031715,-0.24207145724608592,-0.1823300129926375,-1.0,8.587350155623875,8.587914179743253,8.56757345560148,-0.25117641879034774,-0.1914349745368993,-1.0091049615442618
competitive_hellas,Competitive Hellas,Mining Area,2501,2464,37,98.52059176329468,0.9564174330267893,0.9569805194805194,0.918918918918919,8.508448730531315,8.521269510958218,7.711385443969551,0.9473124714825275,0.9478755579362577,0.9098139573746572
competitive_hellas,Competitive Hellas,Mining Expedition,2456,573,1883,23.330618892508145,-0.5850977198697068,-1.0802792321116927,-0.43441317047265005,8.36830930607719,8.070093624655435,8.453305198012846,-0.5942026814139686,-1.0893841936559545,-0.44351813201691187
competitive_hellas,Competitive Hellas,Mining Rights,2538,2531,7,99.72419227738376,1.1666666666666667,1.1544843935203477,5.571428571428571,8.437264135595827,8.438397947584122,7.230886134196437,1.157561705122405,1.145379431976086,5.562323609884309
competitive_hellas,Competitive Hellas,Miranda Resort,2517,2009,508,79.81724274930473,0.24473579658323402,0.4021901443504231,-0.3779527559055118,8.60771187920641,8.620802875186923,8.535739121414643,0.23563083503897223,0.3930851828061613,-0.38705771744977363
competitive_hellas,Competitive Hellas,Mohole Area,2542,1941,601,76.35719905586153,0.03225806451612903,-0.0762493560020608,0.3826955074875208,8.544748861870653,8.565054723716816,8.476435968148982,0.02315310297186723,-0.0853543175463226,0.37359054594325897
competitive_hellas,Competitive Hellas,Moss,2470,1674,796,67.77327935222672,-0.10283400809716599,-0.21027479091995221,0.12311557788944724,8.584317937022222,8.685305908085965,8.368850200427236,-0.11193896964142779,-0.219379752464214,0.11401061634518544
competitive_hellas,Competitive Hellas,Natural Preserve,2500,2488,12,99.52,0.93,0.9381028938906752,-0.75,8.606621263412764,8.615414035616057,6.593729803932879,0.9208950384557383,0.9289979323464135,-0.7591049615442618
competitive_hellas,Competitive Hellas,Nitrite Reducing Bacteria,2442,566,1876,23.177723177723177,-0.147010647010647,-0.950530035335689,0.09541577825159915,8.623164195622355,8.263644104017146,8.716327072819697,-0.1561156085549088,-0.9596349968799508,0.08631081670733735
competitive_hellas,Competitive Hellas,Nitrogen-Rich Asteroid,2484,2377,107,95.69243156199678,0.6163446054750402,0.6209507782919647,0.514018691588785,8.511094756522082,8.541970964060873,7.829991308196949,0.6072396439307784,0.6118458167477029,0.5049137300445232
competitive_hellas,Competitive Hellas,Nitrophilic Moss,2468,1861,607,75.40518638573744,-0.10737439222042139,-0.23052122514777001,0.2701812191103789,8.500424314883407,8.580614134298703,8.245179637875381,-0.11647935376468319,-0.2396261866920318,0.2610762575661171
competitive_hellas,Competitive Hellas,Noctis City,2443,1825,618,74.70323372902169,-0.23864101514531313,-0.5605479452054795,0.7119741100323624,8.636955441531757,8.621982037849241,8.618017704773088,-0.24774597668957493,-0.5696529067497412,0.7028691484881007
competitive_hellas,Competitive Hellas,Noctis Farming,2463,1613,850,65.48924076329679,-0.2537555826228177,-0.5995040297582145,0.4023529411764706,8.418491569695947,8.470840349710748,8.283577868389346,-0.26286054416707955,-0.6086089913024763,0.39324797963220876
competitive_hellas,Competitive Hellas,Nuclear Power,2414,1207,1207,50.0,-0.4884009942004971,-0.6246893123446562,-0.352112676056338,8.569676762434744,8.437703833714636,8.701010792803386,-0.4975059557447589,-0.633794273888918,-0.36121763760059983
competitive_hellas,Competitive Hellas,Nuclear Zone,2533,2480,53,97.90761942360837,1.1946308724832215,1.2024193548387097,0.8301886792452831,8.619548829838068,8.639813876329535,7.675475051839322,1.1855259109389598,1.1933143932944479,0.8210837177010213
competitive_hellas,Competitive Hellas,Olympus Conference,2415,2403,12,99.5031055900621,1.2600414078674949,1.2854764877236788,-3.8333333333333335,8.57562232484814,8.578582317324527,6.379417661273613,1.250936446323233,1.276371526179417,-3.8424382948775953
competitive_hellas,Competitive Hellas,Open City,2419,607,1812,25.093013642000827,-0.5915667631252584,-0.6919275123558485,-0.5579470198675497,8.679441211053406,8.778291409718909,8.648256082936204,-0.6006717246695201,-0.7010324739001103,-0.5670519814118115
competitive_hellas,Competitive Hellas,Optimal Aerobraking,2499,2448,51,97.95918367346938,0.4417767106842737,0.38439542483660133,3.196078431372549,8.516556627769054,8.499027178283896,8.98224828835885,0.4326717491400119,0.3752904632923395,3.1869734698282874
competitive_hellas,Competitive Hellas,Ore Processor,2450,461,1989,18.816326530612244,-0.5204081632653061,-1.2885032537960954,-0.34238310708898945,8.576832621439271,8.534155044296892,8.579016006857175,-0.5295131248095679,-1.2976082153403572,-0.35148806863325127
competitive_hellas,Competitive Hellas,Permafrost extraction,2484,284,2200,11.43317230273752,-0.40901771336553944,-1.9929577464788732,-0.20454545454545456,8.64981772982825,8.746121990806383,8.618115868400167,-0.41812267490980126,-2.0020627080231352,-0.21365041608971636
competitive_hellas,Competitive Hellas,Peroxide Power,2550,1715,835,67.25490196078431,-0.2203921568627451,-0.36268221574344023,0.0718562874251497,8.301784812562005,8.490244647736453,7.897552107069525,-0.2294971184070069,-0.37178717728770205,0.0627513258808879
competitive_hellas,Competitive Hellas,Pets,2480,1834,646,73.95161290322581,-0.369758064516129,-0.2055616139585605,-0.8359133126934984,8.448499317868068,8.566402587146623,8.09273832893976,-0.37886302606039085,-0.2146665755028223,-0.8450182742377602
competitive_hellas,Competitive Hellas,Phobos Space Haven,2508,1299,1209,51.79425837320574,-0.7085326953748007,-1.1547344110854503,-0.22911497105045492,8.527576454749095,8.207155094693924,8.837267525208334,-0.7176376569190624,-1.163839372629712,-0.23821993259471672
competitive_hellas,Competitive Hellas,Physics Complex,2467,523,1944,21.199837859748683,-0.32306445074989865,0.21032504780114722,-0.46656378600823045,8.673156788337339,8.6636670587942,8.67233421128378,-0.33216941229416047,0.20122008625688542,-0.4756687475524923
competitive_hellas,Competitive Hellas,Plantation,2462,1812,650,73.5987002437043,0.12144597887896019,0.3228476821192053,-0.44,8.777503651865889,8.804400476802154,8.68416549556671,0.1123410173346984,0.31374272057494346,-0.4491049615442618
competitive_hellas,Competitive Hellas,Power Grid,2433,147,2286,6.041923551171394,-0.35511713933415534,-1.0816326530612246,-0.3083989501312336,8.558937954619488,7.89443206254632,8.599414227166704,-0.36422210087841717,-1.0907376146054863,-0.3175039116754954
competitive_hellas,Competitive Hellas,Power Infrastructure,2446,240,2206,9.811937857726901,-0.3814390842191333,0.20833333333333334,-0.4456029011786038,8.428336597780739,8.270930931027646,8.444643604087984,-0.39054404576339513,0.19922837178907155,-0.4547078627228656
competitive_hellas,Competitive Hellas,Power Plant,2523,2209,314,87.55449861276259,-0.10978993261989695,0.002716161158895428,-0.9012738853503185,8.291109772783106,8.29320001761508,8.24619952940388,-0.11889489416415874,-0.0063888003853663725,-0.9103788468945803
competitive_hellas,Competitive Hellas,Power Supply Consortium,2456,1058,1398,43.07817589576547,-0.5492671009771987,-0.3752362948960302,-0.6809728183118741,8.481056852080444,8.376433987624536,8.560020683355583,-0.5583720625214604,-0.38434125644029205,-0.6900777798561358
competitive_hellas,Competitive Hellas,Predators,2427,1027,1400,42.315615986815,-0.5574783683559951,-0.8899707887049659,-0.31357142857142856,8.487873406089214,8.661636343739712,8.352805837741853,-0.5665833299002568,-0.8990757502492277,-0.3226763901156904
competitive_hellas,Competitive Hellas,Protected Habitats,2492,2392,100,95.98715890850723,-0.7897271268057785,-0.834866220735786,0.29,8.426550368316425,8.443870129717833,7.964942123474785,-0.7988320883500403,-0.8439711822800477,0.28089503845573816
competitive_hellas,Competitive Hellas,Protected Valley,2428,1741,687,71.70510708401977,-0.3373146622734761,-0.3360137851809305,-0.3406113537117904,8.405041438742524,8.556990552720627,8.013135803060907,-0.34641962381773794,-0.3451187467251923,-0.34971631525605223
competitive_hellas,Competitive Hellas,Psychrophiles,2401,2347,54,97.75093710953769,0.7788421491045397,0.78014486578611,0.7222222222222222,8.605898296642604,8.605063903724893,8.723026709150526,0.769737187560278,0.7710399042418482,0.7131172606779604
competitive_hellas,Competitive Hellas,Quantum Extractor,2458,2221,237,90.3580146460537,0.43653376729048005,0.6015308419630797,-1.109704641350211,8.551993278677308,8.57133171597022,8.22644240078362,0.4274288057462182,0.5924258804188179,-1.1188096028944727
competitive_hellas,Competitive Hellas,Rad-Chem Factory,2555,803,1752,31.428571428571427,-0.47279843444227004,-0.9676214196762142,-0.24600456621004566,8.443577058101488,8.261254558415576,8.518564804862674,-0.48190339598653187,-0.976726381220476,-0.25510952775430745
competitive_hellas,Competitive Hellas,Rad-Suits,2399,207,2192,8.628595248020009,-0.14172571904960402,-1.328502415458937,-0.029653284671532845,8.483654824963446,8.277839710372822,8.49611484051132,-0.1508306805938658,-1.3376073770031989,-0.03875824621579464
competitive_hellas,Competitive Hellas,Regolith Eaters,2480,504,1976,20.322580645161292,-0.4528225806451613,0.2698412698412698,-0.6371457489878543,8.58886772201334,8.50626030569683,8.602232077192856,-0.4619275421894231,0.260736308297008,-0.646250710532116
competitive_hellas,Competitive Hellas,Release of Inert Gases,2461,402,2059,16.334823242584314,-0.08492482730597319,-0.8482587064676617,0.06410879067508499,8.556727270976632,7.830776258501423,8.685341068994209,-0.09402978885023498,-0.8573636680119234,0.05500382913082319
competitive_hellas,Competitive Hellas,Research,2561,2518,43,98.32096837172979,0.6813744631003514,0.687053216838761,0.3488372093023256,8.610948734611839,8.621456863459784,8.058960469801336,0.6722695015560897,0.6779482552944992,0.33973224775806377
competitive_hellas,Competitive Hellas,Research Coordination,2454,2328,126,94.86552567237163,0.3581907090464548,0.37285223367697595,0.0873015873015873,8.687165054044504,8.722931961885022,8.024980838626188,0.34908574750219296,0.36374727213271413,0.0781966257573255
competitive_hellas,Competitive Hellas,Research Outpost,2474,2466,8,99.67663702506063,1.8908649959579629,1.884022708840227,4.0,8.551467207839625,8.555956621549043,7.171371656006362,1.881760034413701,1.8749177472959653,3.9908950384557382
competitive_hellas,Competitive Hellas,Restricted Area,2487,2472,15,99.39686369119421,1.9589867310012063,1.9595469255663431,1.8666666666666667,8.474271711032538,8.483849361992924,6.947421584060281,1.9498817694569446,1.9504419640220814,1.857561705122405
competitive_hellas,Competitive Hellas,Robotic Workforce,2450,2216,234,90.44897959183673,0.41346938775510206,0.45306859205776173,0.038461538461538464,8.473197854075975,8.474343675914096,8.471272800413724,0.40436442621084023,0.4439636305134999,0.029356576917276663
competitive_hellas,Competitive Hellas,Rover Construction,2496,1514,982,60.657051282051285,-0.6205929487179487,-0.8890356671070013,-0.20672097759674135,8.310210575466277,8.058746546265274,8.67154859216549,-0.6296979102622104,-0.8981406286512631,-0.21582593914100315
competitive_hellas,Competitive Hellas,SF Memorial,2409,1150,1259,47.737650477376505,-0.18638439186384392,-0.3373913043478261,-0.048451151707704525,8.566655626591208,8.423365291375662,8.696528393832013,-0.19548935340810572,-0.34649626589208793,-0.05755611325196633
competitive_hellas,Competitive Hellas,Sabotage,2470,2301,169,93.15789473684211,0.09595141700404858,0.11473272490221642,-0.15976331360946747,8.435259839015584,8.517595868212174,7.238573257264788,0.08684645545978678,0.10562776335795462,-0.16886827515372926
competitive_hellas,Competitive Hellas,Satellites,2425,1270,1155,52.371134020618555,-0.13072164948453607,0.14881889763779527,-0.4380952380952381,8.667338477637635,8.842945981931527,8.46321041395359,-0.13982661102879787,0.13971393609353347,-0.4472001996394999
competitive_hellas,Competitive Hellas,Search For Life,2518,1876,642,74.50357426528991,-0.3673550436854647,-0.31289978678038377,-0.5264797507788161,8.643497572849302,8.605341839428494,8.75886445067327,-0.3764600052297265,-0.3220047483246456,-0.5355847123230779
competitive_hellas,Competitive Hellas,Security Fleet,2420,56,2364,2.3140495867768593,-0.5053719008264462,-1.6964285714285714,-0.47715736040609136,8.522055866923314,6.421327087015702,8.564602686025301,-0.514476862370708,-1.7055335329728332,-0.4862623219503532
competitive_hellas,Competitive Hellas,Shuttles,2502,1054,1448,42.126298960831335,-0.32773780975219824,-0.32637571157495254,-0.3287292817679558,8.389871633105795,8.54026421008068,8.281649094359157,-0.33684277129646006,-0.33548067311921437,-0.3378342433122176
competitive_hellas,Competitive Hellas,Small Animals,2456,1521,935,61.9299674267101,0.2007328990228013,0.3405654174884944,-0.026737967914438502,8.48504227662795,8.680876862457234,8.155890893350776,0.1916279374785395,0.33146045594423257,-0.0358429294587003
competitive_hellas,Competitive Hellas,Soil Factory,2454,127,2327,5.175224123879381,-0.5089649551752241,-1.7322834645669292,-0.44220025784271594,8.565597882791398,7.0917443830978995,8.635097449854172,-0.5180699167194859,-1.741388426111191,-0.45130521938697776
competitive_hellas,Competitive Hellas,Solar Power,2390,840,1550,35.14644351464435,-0.5025104602510461,-1.1535714285714285,-0.14967741935483872,8.530532289218286,8.10914735966317,8.732716947204537,-0.5116154217953078,-1.1626763901156902,-0.15878238089910052
competitive_hellas,Competitive Hellas,Solar Wind Power,2519,2459,60,97.61810242159586,0.593092497022628,0.5807238714924766,1.1,8.377034678912047,8.372742553353172,8.607643430331487,0.5839875354783662,0.5716189099482148,1.0908950384557383
competitive_hellas,Competitive Hellas,Soletta,2421,817,1604,33.746385790995454,-0.6071871127633209,-1.127294981640147,-0.3422693266832918,8.23511517088767,8.412668531213235,8.133059624270217,-0.6162920743075827,-1.1363999431844087,-0.3513742882275536
competitive_hellas,Competitive Hellas,Space Elevator,2527,2418,109,95.68658488326078,1.1685793430945786,1.164598842018197,1.2568807339449541,8.393390520750533,8.40125514345733,8.25452027648507,1.1594743815503168,1.1554938804739352,1.2477757724006924
competitive_hellas,Competitive Hellas,Space Hotels,2467,2173,294,88.08269152817186,0.9728415079043372,1.242521859180856,-1.0204081632653061,8.566641114000667,8.547537715844296,8.457861329134468,0.9637365463600754,1.2334168976365942,-1.029513124809568
competitive_hellas,Competitive Hellas,Space Mirrors,2503,441,2062,17.618857371154615,-0.19176987614862165,0.2108843537414966,-0.27788554801163917,8.318066361924409,8.181657388648825,8.346387783060722,-0.20087483769288345,0.2017793921972348,-0.286990509555901
competitive_hellas,Competitive Hellas,Space Station,2486,1959,527,78.80128720836686,-0.31979082864038616,-0.30781010719754975,-0.36432637571157495,8.580516188719747,8.526273475537401,8.787310386713324,-0.328895790184648,-0.3169150687418116,-0.37343133725583677
competitive_hellas,Competitive Hellas,Special Design,2503,282,2221,11.266480223731522,-0.4554534558529764,0.06382978723404255,-0.5213867627194957,8.50722134260966,8.991663015586779,8.443565547628797,-0.46455841739723824,0.05472482568978075,-0.5304917242637575
competitive_hellas,Competitive Hellas,Sponsors,2449,2417,32,98.69334422213149,0.3156390363413638,0.32312784443525033,-0.25,8.741966691072548,8.731381258962463,9.641978113202905,0.306534074797102,0.3140228828909885,-0.2591049615442618
competitive_hellas,Competitive Hellas,Standard Technology,2415,1925,490,79.71014492753623,-0.231055900621118,-0.29298701298701296,0.012244897959183673,8.54877983239748,8.574813094605597,8.45001258824733,-0.2401608621653798,-0.3020919745312748,0.0031399364149218723
competitive_hellas,Competitive Hellas,Steelworks,2537,653,1884,25.739061884115095,-0.009854158454867954,0.35068912710566613,-0.13481953290870488,8.427103301235828,8.314254537365665,8.464469360213629,-0.018959119999129755,0.3415841655614043,-0.14392449445296668
competitive_hellas,Competitive Hellas,Strip Mine,2472,1995,477,80.70388349514563,0.04854368932038835,0.0786967418546366,-0.07756813417190776,8.539957141073991,8.532334058111063,8.579598869567267,0.039438727776126545,0.0695917803103748,-0.08667309571616956
competitive_hellas,Competitive Hellas,Subterranean Reservoir,2510,1439,1071,57.330677290836654,-0.1605577689243028,-0.5698401667824878,0.38935574229691877,8.476923290037181,8.256102857719556,8.738604791194852,-0.1696627304685646,-0.5789451283267496,0.38025078075265695
competitive_hellas,Competitive Hellas,Symbiotic Fungus,2463,201,2262,8.160779537149818,-0.16889971579374746,-1.0696517412935322,-0.08885941644562334,8.59561167670822,7.973401054638444,8.645843767021196,-0.17800467733800926,-1.078756702837794,-0.09796437798988514
competitive_hellas,Competitive Hellas,Tardigrades,2426,1139,1287,46.94971145919209,-0.41591096455070076,-0.6496927129060579,-0.20901320901320902,8.737343620399475,8.929780126301301,8.561586214730719,-0.4250159260949626,-0.6587976744503197,-0.21811817055747082
competitive_hellas,Competitive Hellas,Technology Demonstration,2410,2327,83,96.55601659751038,0.2933609958506224,0.3094112591319295,-0.1566265060240964,8.619718138972017,8.654225849933756,7.62134667011796,0.2842560343063606,0.3003062975876677,-0.1657314675683582
competitive_hellas,Competitive Hellas,Tectonic Stress Power,2505,940,1565,37.5249500998004,-0.2874251497005988,-0.1574468085106383,-0.36549520766773164,8.530088024993857,8.309809046038254,8.661395991702085,-0.2965301112448606,-0.1665517700549001,-0.37460016921199346
competitive_hellas,Competitive Hellas,Terraforming Ganymede,2537,1935,602,76.27118644067797,0.17106819077650767,0.3488372093023256,-0.4003322259136213,8.559352910226291,8.59840341603736,8.414245896053863,0.16196322923224588,0.33973224775806377,-0.4094371874578831
competitive_hellas,Competitive Hellas,Titanium Mine,2421,2390,31,98.71953738124742,0.3969434118133003,0.4251046025104602,-1.7741935483870968,8.716649248678209,8.728357045374104,7.570599612621425,0.38783845026903846,0.4159996409661984,-1.7832985099313585
competitive_hellas,Competitive Hellas,Toll Station,2496,293,2203,11.738782051282051,-0.5232371794871795,-0.9044368600682594,-0.4725374489332728,8.505819114880472,8.470198407875325,8.511174695290919,-0.5323421410314413,-0.9135418216125212,-0.48164241047753464
competitive_hellas,Competitive Hellas,Towing a Comet,2504,2263,241,90.37539936102236,-0.3430511182108626,-0.32169686257180735,-0.5435684647302904,8.392544659919318,8.434115720970164,8.005673126789613,-0.3521560797551244,-0.3308018241160692,-0.5526734262745522
competitive_hellas,Competitive Hellas,Trans-Neptune Probe,2491,2019,472,81.05178643115215,-0.223203532717784,-0.19960376423972265,-0.3241525423728814,8.464475703198854,8.515902447250433,8.248966307372298,-0.2323084942620458,-0.20870872578398444,-0.3332575039171432
competitive_hellas,Competitive Hellas,Trees,2460,1536,924,62.4390243902439,0.16626016260162602,-0.02734375,0.4880952380952381,8.452123367766895,8.371381820894637,8.579553729464624,0.15715520105736422,-0.0364487115442618,0.47899027655097626
competitive_hellas,Competitive Hellas,Tropical Resort,2437,136,2301,5.580631924497332,-0.17931883463274517,-2.176470588235294,-0.061277705345501955,8.45592838328114,7.710389674488694,8.48477818222385,-0.18842379617700697,-2.1855755497795557,-0.07038266688976376
competitive_hellas,Competitive Hellas,Tundra Farming,2441,286,2155,11.716509627201967,-0.253994264645637,-0.7237762237762237,-0.19164733178654292,8.522211181645128,7.89962875469659,8.601241776534865,-0.26309922618989884,-0.7328811853204855,-0.20075229333080472
competitive_hellas,Competitive Hellas,Underground City,2509,1020,1489,40.653646871263454,-0.5013949780789159,-1.161764705882353,-0.049026192075218265,8.54575930157766,8.057954263471446,8.838660688938065,-0.5104999396231776,-1.1708696674266148,-0.05813115361948007
competitive_hellas,Competitive Hellas,Underground Detonations,2567,32,2535,1.2465913517724971,-0.0736268017140631,-3.53125,-0.029980276134122286,8.54101754609548,8.250061094592944,8.53725115367106,-0.0827317632583249,-3.5403549615442618,-0.03908523767838409
competitive_hellas,Competitive Hellas,Urbanized Area,2448,587,1861,23.97875816993464,-0.309640522875817,-1.112436115843271,-0.05642127888232133,8.60012289482857,8.476888799194858,8.625389994789431,-0.31874548442007883,-1.1215410773875327,-0.06552624042658313
competitive_hellas,Competitive Hellas,Vesta Shipyard,2490,2354,136,94.53815261044177,0.3100401606425703,0.3254035683942226,0.04411764705882353,8.570803800147822,8.549665926141387,8.957403432508961,0.30093519909830846,0.31629860684996075,0.03501268551456173
competitive_hellas,Competitive Hellas,Viral Enhancers,2515,2482,33,98.68787276341948,0.29025844930417494,0.29814665592264306,-0.30303030303030304,8.633114893554783,8.646755057525086,7.630059176068232,0.2811534877599131,0.28904169437838123,-0.31213526457456486
competitive_hellas,Competitive Hellas,Virus,2444,2008,436,82.16039279869067,0.08060556464811784,0.10756972111553785,-0.04357798165137615,8.407477732778426,8.563801552494821,7.654338716806699,0.07150060310385604,0.09846475957127605,-0.052682943195637946
competitive_hellas,Competitive Hellas,Water Import From Europa,2457,1632,825,66.42246642246643,-0.2323972323972324,-0.24509803921568626,-0.20727272727272728,8.579867664776291,8.480509655230325,8.77825233366752,-0.2415021939414942,-0.25420300075994806,-0.21637768881698907
competitive_hellas,Competitive Hellas,Water Splitting Plant,2419,210,2209,8.6812732534105,-0.45349317899958663,-0.49047619047619045,-0.4499773653236759,8.489314014268324,8.767185707323824,8.464459011013354,-0.46259814054384846,-0.4995811520204523,-0.4590823268679377
competitive_hellas,Competitive Hellas,Wave Power,2405,456,1949,18.96049896049896,-0.5621621621621622,-0.6118421052631579,-0.5505387378142638,8.738004774332348,8.678164597137718,8.754121116171175,-0.571267123706424,-0.6209470668074196,-0.5596436993585255
competitive_hellas,Competitive Hellas,Windmills,2443,235,2208,9.619320507572656,0.014326647564469915,-1.2382978723404254,0.14764492753623187,8.781087248787422,8.681608254045146,8.78303828727779,0.005221686020208114,-1.2474028338846872,0.13853996599197008
competitive_hellas,Competitive Hellas,Worms,2443,164,2279,6.713057715923045,-0.5022513303315596,-1.0060975609756098,-0.4659938569548047,8.525549057945067,7.988102311724025,8.563431515280946,-0.5113562918758213,-1.0152025225198715,-0.47509881849906654
competitive_hellas,Competitive Hellas,Zeppelins,2460,78,2382,3.1707317073170733,-0.46016260162601624,-1.141025641025641,-0.4378673383711167,8.580293108226682,8.190466994240902,8.59349119228825,-0.46926756317027807,-1.1501306025699027,-0.4469722999153785
competitive_not_hellas,Competitive maps except Hellas,AI Central,6368,6226,142,97.77010050251256,2.1724246231155777,2.2182781882428526,0.1619718309859155,8.62461365499612,8.606771966625493,9.182651947750559,2.1570916265068756,2.2029451916341505,0.14663883437721356
competitive_not_hellas,Competitive maps except Hellas,Acquired Company,6493,6347,146,97.75142461111967,0.8824888341290621,0.8900267843075469,0.5547945205479452,8.555816329572474,8.563321901454875,8.244564204553463,0.8671558375203602,0.874693787698845,0.5394615239392433
competitive_not_hellas,Competitive maps except Hellas,Adaptation Technology,6431,2307,4124,35.873114601150675,-0.18441921940600217,-0.37017771998266147,-0.08050436469447139,8.634241201208754,8.628847627199837,8.636560102146694,-0.1997522160147041,-0.3855107165913634,-0.09583736130317332
competitive_not_hellas,Competitive maps except Hellas,Adapted Lichen,6497,2982,3515,45.89810681853163,-0.3356933969524396,-0.6378269617706237,-0.07937411095305832,8.608647601777868,8.541958973555667,8.657770362856718,-0.3510263935611415,-0.6531599583793256,-0.09470710756176025
competitive_not_hellas,Competitive maps except Hellas,Advanced Alloys,6448,6260,188,97.08436724565757,1.7400744416873448,1.761182108626198,1.0372340425531914,8.723030539361986,8.70088380652232,9.428804246977391,1.724741445078643,1.7458491120174962,1.0219010459444895
competitive_not_hellas,Competitive maps except Hellas,Advanced Ecosystems,6411,4408,2003,68.75682420839183,-0.25300265169240366,-0.18284936479128858,-0.4073889166250624,8.709666386525923,8.871528709872791,8.34249292081708,-0.26833564830110557,-0.19818236139999051,-0.4227219132337643
competitive_not_hellas,Competitive maps except Hellas,Aerobraked Ammonia Asteroid,6439,851,5588,13.216337940674018,-0.5514831495573846,-0.9788484136310224,-0.48639942734430924,8.576834026020194,8.053908022630662,8.652530886312146,-0.5668161461660866,-0.9941814102397243,-0.5017324239530112
competitive_not_hellas,Competitive maps except Hellas,Algae,6483,5182,1301,79.93213018664198,-0.00971772327626099,0.0005789270551910459,-0.05073020753266718,8.612133004899604,8.724581170005406,8.151953602867836,-0.025050719884962918,-0.014754069553510881,-0.06606320414136911
competitive_not_hellas,Competitive maps except Hellas,Anti-Gravity Technology,6287,5689,598,90.48830920947988,0.5135994910132018,0.6596941465986993,-0.8762541806020067,8.605381515923835,8.64575910311091,8.087134643948644,0.4982664944044999,0.6443611499899974,-0.8915871772107086
competitive_not_hellas,Competitive maps except Hellas,Ants,6439,547,5892,8.495107936014909,-0.4211834135735363,-1.4442413162705667,-0.3262050237610319,8.56237961126414,8.145770083710817,8.594517621298847,-0.4365164101822382,-1.4595743128792686,-0.3415380203697338
competitive_not_hellas,Competitive maps except Hellas,Aquifer Pumping,6498,1170,5328,18.005540166204987,-0.11034164358264081,-0.14358974358974358,-0.10304054054054054,8.677927830783462,8.300797003953036,8.759306035697273,-0.12567464019134275,-0.15892274019844552,-0.11837353714924247
competitive_not_hellas,Competitive maps except Hellas,Archaebacteria,6388,5045,1343,78.97620538509706,0.030682529743268627,-0.13022794846382557,0.6351451973194341,8.570012879164658,8.489105770333449,8.844459106707905,0.0153495331345667,-0.1455609450725275,0.6198122007107322
competitive_not_hellas,Competitive maps except Hellas,Arctic Algae,6370,6180,190,97.01726844583987,0.5442700156985871,0.5441747572815534,0.5473684210526316,8.645274901439462,8.649987958378192,8.513007067684558,0.5289370190898852,0.5288417606728515,0.5320354244439297
competitive_not_hellas,Competitive maps except Hellas,Artificial Lake,6394,342,6052,5.34876446668752,-0.2668126368470441,-1.6257309941520468,-0.1900198281559815,8.645808844785025,8.471462110237814,8.649871321106117,-0.282145633455746,-1.6410639907607487,-0.20535282476468344
competitive_not_hellas,Competitive maps except Hellas,Artificial Photosynthesis,6377,4947,1430,77.57566253724322,-0.13344832993570643,-0.10026278552658177,-0.24825174825174826,8.674182509068578,8.654675659316752,8.74340181611048,-0.14878132654440837,-0.1155957821352837,-0.2635847448604502
competitive_not_hellas,Competitive maps except Hellas,Asteroid,6470,5861,609,90.58732612055641,-0.3221020092735703,-0.3209349940283228,-0.3333333333333333,8.689618322831384,8.728628911525854,8.311704387462383,-0.3374350058822722,-0.3362679906370247,-0.3486663299420352
competitive_not_hellas,Competitive maps except Hellas,Asteroid Mining,6455,5394,1061,83.56312935708753,0.008210689388071263,-0.04004449388209121,0.2535344015080113,8.602114210628477,8.632034807576604,8.44811016301337,-0.007122307220630664,-0.055377490490793144,0.23820140489930938
competitive_not_hellas,Competitive maps except Hellas,Asteroid Mining Consortium,6407,5541,866,86.48353363508663,0.7846105821757453,0.9498285508031041,-0.27251732101616627,8.73560331713268,8.737508384455706,8.654023482860223,0.7692775855670434,0.9344955541944022,-0.2878503176248682
competitive_not_hellas,Competitive maps except Hellas,Beam From a Thorium Asteroid,6420,3167,3253,49.33021806853583,-0.07897196261682243,-0.47489737922323966,0.3064863203197049,8.671704978850299,8.556965192055939,8.766119103604147,-0.09430495922552436,-0.49023037583194157,0.291153323711003
competitive_not_hellas,Competitive maps except Hellas,Big Asteroid,6546,6147,399,93.90467461044913,0.2500763825236786,0.23816495851634945,0.43358395989974935,8.669093923344356,8.684131711889536,8.442532601118463,0.23474338591497665,0.2228319619076475,0.41825096329104744
competitive_not_hellas,Competitive maps except Hellas,Biomass Combustors,6396,1663,4733,26.000625390869292,-0.5451844903064416,-0.4636199639206254,-0.5738432283963659,8.554931654829966,8.785570607947475,8.47316186914859,-0.5605174869151435,-0.4789529605293273,-0.5891762250050678
competitive_not_hellas,Competitive maps except Hellas,Birds,6452,4104,2348,63.60818350898946,0.036267823930564165,0.1881091617933723,-0.22913117546848383,8.5846430150075,8.76509567546874,8.254905900255304,0.020934827321862238,0.17277616518467037,-0.24446417207718577
competitive_not_hellas,Competitive maps except Hellas,Black Polar Dust,6469,2074,4395,32.060596691915286,-0.288916370381821,-0.6571841851494696,-0.11513083048919226,8.650456529036715,8.602753066659787,8.668419599981888,-0.3042493669905229,-0.6725171817581715,-0.1304638270978942
competitive_not_hellas,Competitive maps except Hellas,Breathing Filters,6409,775,5634,12.09237010454049,-0.3048837572164144,-0.6774193548387096,-0.2536386226482073,8.629622801186702,8.660504281907468,8.62487814766088,-0.32021675382511633,-0.6927523514474115,-0.2689716192569092
competitive_not_hellas,Competitive maps except Hellas,Bribed Committee,6515,5065,1450,77.74366845740599,0.2575594781273983,0.36090819348469894,-0.10344827586206896,8.57270209711536,8.607216421728452,8.444046451100164,0.24222648151869638,0.345575196875997,-0.11878127247077089
competitive_not_hellas,Competitive maps except Hellas,Building Industries,6373,5557,816,87.19598305350698,0.3908677232072807,0.4252294403455102,0.1568627450980392,8.688381355271066,8.70951688987897,8.544644329050351,0.3755347265985788,0.4098964437368083,0.14152974848933728
competitive_not_hellas,Competitive maps except Hellas,Bushes,6462,4807,1655,74.38873413803776,-0.26957598266790467,-0.3501144164759725,-0.03564954682779456,8.705738194842091,8.807127375047214,8.40254239310451,-0.2849089792766066,-0.36544741308467443,-0.05098254343649648
competitive_not_hellas,Competitive maps except Hellas,Business Contacts,6431,6035,396,93.84232623231223,0.33976053490903435,0.39188069594034797,-0.45454545454545453,8.63895318696645,8.678874970758278,7.974037272660364,0.32442753830033244,0.37654769933164606,-0.46987845115415644
competitive_not_hellas,Competitive maps except Hellas,Business Network,6296,5901,395,93.7261753494282,0.19075603557814486,0.18623962040332148,0.2582278481012658,8.880352893556749,8.878428654081937,8.92007101441845,0.17542303896944292,0.17090662379461954,0.24289485149256387
competitive_not_hellas,Competitive maps except Hellas,CEO's Favourite Project,6364,609,5755,9.569453174104337,-0.3241671904462602,0.0,-0.3584708948740226,8.642353768255656,8.760707733967617,8.629792493549894,-0.3395001870549621,-0.015332996608701927,-0.3738038914827245
competitive_not_hellas,Competitive maps except Hellas,Callisto Penal Mines,6454,3050,3404,47.25751471955377,-0.48497056089246976,-0.7875409836065573,-0.21386603995299647,8.626880407962357,8.506404250273103,8.725754461736257,-0.5003035575011717,-0.8028739802152592,-0.2291990365616984
competitive_not_hellas,Competitive maps except Hellas,Capital,6465,1766,4699,27.316318638824438,-0.38994586233565354,-0.9756511891279728,-0.16982336667376038,8.492169756075553,8.138042480314692,8.61205013979503,-0.40527885894435545,-0.9909841857366747,-0.18515636328246232
competitive_not_hellas,Competitive maps except Hellas,Carbonate Processing,6346,3151,3195,49.65332492908919,-0.3573904821935077,-0.8089495398286258,0.08794992175273865,8.553797108778866,8.530040056903227,8.555178119637906,-0.37272347880220963,-0.8242825364373277,0.07261692514403673
competitive_not_hellas,Competitive maps except Hellas,Caretaker Contract,6499,41,6458,0.6308662871210956,-0.5517771964917679,-3.3902439024390243,-0.533756580984825,8.475130883131431,6.942182829559043,8.481385032248804,-0.5671101931004698,-3.4055768990477264,-0.549089577593527
competitive_not_hellas,Competitive maps except Hellas,Cartel,6365,4799,1566,75.39670070699135,0.5509819324430479,0.6953531985830381,0.10855683269476372,8.661603016041473,8.675049463628449,8.60795179366564,0.535648935834346,0.6800202019743362,0.0932238360860618
competitive_not_hellas,Competitive maps except Hellas,Cloud Seeding,6420,944,5476,14.70404984423676,-0.29345794392523367,-1.0434322033898304,-0.1641709276844412,8.578778430357403,8.423016696217092,8.59949462607711,-0.3087909405339356,-1.0587651999985324,-0.17950392429314313
competitive_not_hellas,Competitive maps except Hellas,Colonizer Training Camp,6515,3642,2873,55.90176515732924,-0.5297006907137375,-0.671059857221307,-0.3505046989209885,8.617151311926074,8.426719019780336,8.850901347018905,-0.5450336873224394,-0.6863928538300089,-0.3658376955296904
competitive_not_hellas,Competitive maps except Hellas,Comet,6344,5931,413,93.48991172761664,0.255359394703657,0.27347833417636147,-0.004842615012106538,8.688418738565957,8.715093400247435,8.301653583492596,0.24002639809495505,0.25814533756765956,-0.020175611620808463
competitive_not_hellas,Competitive maps except Hellas,Commercial District,6441,4130,2311,64.12047818661698,0.11908088806086012,0.10581113801452785,0.14279532669839895,8.613975220128642,8.610384226341655,8.622202226252009,0.1037478914521582,0.09047814140582593,0.127462330089697
competitive_not_hellas,Competitive maps except Hellas,Convoy From Europa,6460,5756,704,89.10216718266254,-0.04860681114551084,-0.07227241139680333,0.14488636363636365,8.631636340487795,8.640658487199735,8.56115325639772,-0.06393980775421276,-0.08760540800550526,0.1295533670276617
competitive_not_hellas,Competitive maps except Hellas,Corporate Stronghold,6365,3162,3203,49.677926158680286,0.00408483896307934,0.1894370651486401,-0.17889478613799564,8.640471383266371,8.5939644513723,8.683599546799497,-0.011248157645622588,0.17410406853993815,-0.19422778274669758
competitive_not_hellas,Competitive maps except Hellas,Cupola City,6386,5456,930,85.4368932038835,-0.18979016598809897,-0.22635630498533724,0.024731182795698924,8.692411782859306,8.675591833921601,8.792086616063656,-0.2051231625968009,-0.24168930159403917,0.009398186186996997
competitive_not_hellas,Competitive maps except Hellas,Decomposers,6427,4802,1625,74.716041699082,-0.3840049789948654,-0.42357351103706786,-0.2670769230769231,8.606035452214234,8.757993361196243,8.141909785806531,-0.3993379756035673,-0.4389065076457698,-0.282409919685625
competitive_not_hellas,Competitive maps except Hellas,Deep Well Heating,6554,4077,2477,62.206286237412264,0.04256942325297528,-0.09246995339710572,0.2648364957610012,8.603044783145537,8.53895045565288,8.704683419427957,0.027236426644273354,-0.10780295000580764,0.24950349915229927
competitive_not_hellas,Competitive maps except Hellas,Deimos Down,6452,6139,313,95.14879107253564,0.6374767513949163,0.6553184557745562,0.28753993610223644,8.5747197599476,8.6222133673233,7.587126708122035,0.6221437547862144,0.6399854591658543,0.2722069394935345
competitive_not_hellas,Competitive maps except Hellas,Designed Microorganisms,6413,4983,1430,77.70154373927959,0.32948697957274287,0.31988761790086295,0.36293706293706296,8.499888021831877,8.487245716419217,8.546691241976584,0.31415398296404096,0.30455462129216104,0.34760406632836105
competitive_not_hellas,Competitive maps except Hellas,Development Center,6499,6259,240,96.30712417294968,1.1707955070010772,1.2307077807956543,-0.39166666666666666,8.762226360997454,8.798722796240558,7.6007000705240415,1.1554625103923752,1.2153747841869524,-0.4069996632753686
competitive_not_hellas,Competitive maps except Hellas,Domed Crater,6434,5261,1173,81.76872862915761,-0.17982592477463474,-0.29405056072989927,0.33248081841432225,8.662155965283416,8.58318835818718,8.993756484381652,-0.19515892138333668,-0.3093835573386012,0.31714782180562034
competitive_not_hellas,Competitive maps except Hellas,Dust Seals,6460,555,5905,8.591331269349846,-0.36609907120743035,-1.1225225225225226,-0.295004233700254,8.643631561632285,7.8721357140998665,8.709868311297907,-0.38143206781613226,-1.1378555191312245,-0.31033723030895594
competitive_not_hellas,Competitive maps except Hellas,Earth Catapult,6320,6288,32,99.49367088607595,2.6716772151898733,2.6669847328244276,3.59375,8.58661620661199,8.581097017678264,9.71815519132004,2.656344218581171,2.6516517362157255,3.578417003391298
competitive_not_hellas,Competitive maps except Hellas,Earth Office,6340,6214,126,98.01261829652996,0.9061514195583596,0.9369166398455101,-0.6111111111111112,8.640048802091002,8.639807250515567,8.549126011210477,0.8908184229496577,0.9215836432368082,-0.6264441077198131
competitive_not_hellas,Competitive maps except Hellas,Ecological Zone,6583,5970,613,90.68813610815738,-0.20811180312927235,-0.15979899497487438,-0.6786296900489397,8.596290767207535,8.69674446803135,7.5385382471336015,-0.2234447997379743,-0.1751319915835763,-0.6939626866576416
competitive_not_hellas,Competitive maps except Hellas,Electro Catapult,6408,6013,395,93.83583021223471,0.8308364544319601,0.8751039414601697,0.1569620253164557,8.540181531776293,8.54430746928893,8.459258639924244,0.8155034578232582,0.8597709448514678,0.14162902870775376
competitive_not_hellas,Competitive maps except Hellas,Energy Saving,6592,203,6389,3.079490291262136,-0.17475728155339806,-0.9753694581280788,-0.14931914227578652,8.639395601921898,7.983546461034608,8.65878567889525,-0.1900902781621,-0.9907024547367808,-0.16465213888448846
competitive_not_hellas,Competitive maps except Hellas,Energy Tapping,6384,5255,1129,82.31516290726817,0.28211152882205515,0.481255946717412,-0.6448184233835252,8.462790218874135,8.598650575679898,7.735692133906459,0.26677853221335324,0.4659229501087101,-0.6601514199922272
competitive_not_hellas,Competitive maps except Hellas,Eos Chasma National Park,6463,1738,4725,26.891536438186602,-0.1568930837072567,-0.6657077100115075,0.030264550264550265,8.598212895560795,8.629212818253118,8.580108538081358,-0.17222608031595862,-0.6810407066202094,0.014931553655848338
competitive_not_hellas,Competitive maps except Hellas,Equatorial Magnetizer,6386,144,6242,2.254932665205136,-0.41857187597870343,-0.6527777777777778,-0.4131688561358539,8.445617244827348,8.114839591798571,8.453644084343923,-0.43390487258740534,-0.6681107743864797,-0.4285018527445558
competitive_not_hellas,Competitive maps except Hellas,Extreme-Cold Fungus,6385,1394,4991,21.832419733750978,-0.2245888801879405,-0.6119081779053085,-0.11640953716690042,8.639210348326952,8.179388691786114,8.761060756720449,-0.23992187679664242,-0.6272411745140104,-0.13174253377560236
competitive_not_hellas,Competitive maps except Hellas,Farming,6482,2240,4242,34.557235421166304,-0.43227398950941065,-0.471875,-0.41136256482791134,8.550428283778714,8.603680987860164,8.523116856186206,-0.44760698611811256,-0.4872079966087019,-0.42669556143661325
competitive_not_hellas,Competitive maps except Hellas,Fish,6508,3502,3006,53.81069452980947,-0.2526121696373694,-0.326956025128498,-0.16600133067198936,8.597971404815565,8.659027602816803,8.526910818022007,-0.2679451662460713,-0.3422890217371999,-0.1813343272806913
competitive_not_hellas,Competitive maps except Hellas,Flooding,6421,5270,1151,82.07444323314125,0.01541815916523906,0.09430740037950665,-0.34578627280625546,8.685303532164674,8.820430067014458,8.031372023315173,8.516255653713209e-05,0.07897440377080472,-0.36111926941495737
competitive_not_hellas,Competitive maps except Hellas,Food Factory,6408,628,5780,9.800249687890137,-0.4305555555555556,-0.8184713375796179,-0.3884083044982699,8.580207579506293,7.876975282761637,8.65275816158082,-0.4458885521642575,-0.8338043341883198,-0.4037413011069718
competitive_not_hellas,Competitive maps except Hellas,Fuel Factory,6568,5481,1087,83.45006090133982,0.2678136419001218,0.3198321474183543,0.005519779208831647,8.604236102658593,8.590505009729366,8.672364974755357,0.2524806452914199,0.3044991508096524,-0.00981321739987028
competitive_not_hellas,Competitive maps except Hellas,Fueled Generators,6462,4059,2403,62.8133704735376,-0.2517796347879913,-0.30869672333086967,-0.155638784852268,8.67456074431585,8.804544883056094,8.451403696171667,-0.2671126313966932,-0.3240297199395716,-0.17097178146096995
competitive_not_hellas,Competitive maps except Hellas,Fusion Power,6385,2497,3888,39.10728269381362,-0.41049334377447144,-0.7845414497396876,-0.17026748971193414,8.639075788184309,8.406587086939888,8.77781195645821,-0.42582634038317335,-0.7998744463483896,-0.18560048632063608
competitive_not_hellas,Competitive maps except Hellas,GHG Factories,6537,4164,2373,63.698944469940336,-0.19596145020651676,-0.39721421709894333,0.1571849978929625,8.542409621728083,8.615927573243294,8.402008562855526,-0.2112944468152187,-0.41254721370764524,0.14185200128426056
competitive_not_hellas,Competitive maps except Hellas,GHG Producing Bacteria,6414,1854,4560,28.90551917680075,-0.08715310258808856,-0.39104638619201726,0.03640350877192983,8.627180107982586,8.605633622411487,8.633808744500802,-0.10248609919679048,-0.40637938280071917,0.0210705121632279
competitive_not_hellas,Competitive maps except Hellas,Ganymede Colony,6489,4077,2412,62.82940360610264,-0.20419170904607797,-0.3200883002207506,-0.008291873963515755,8.702601461206209,8.722401938463221,8.667311410422665,-0.2195247056547799,-0.3354212968294525,-0.023624870572217682
competitive_not_hellas,Competitive maps except Hellas,Gene Repair,6474,3779,2695,58.37194933580476,-0.19138090824837814,-0.19899444297433183,-0.18070500927643784,8.566241004424278,8.571536795292626,8.56038849428903,-0.20671390485708008,-0.21432743958303377,-0.19603800588513978
competitive_not_hellas,Competitive maps except Hellas,Geothermal Power,6421,5019,1402,78.16539479831802,-0.030524840367543996,-0.08607292289300658,0.16833095577746077,8.57724673464216,8.637406211914053,8.358332547799954,-0.04585783697624592,-0.1014059195017085,0.15299795916875883
competitive_not_hellas,Competitive maps except Hellas,Giant Ice Asteroid,6454,6174,280,95.66160520607376,0.9595599628137589,1.0040492387431164,-0.02142857142857143,8.511106545411751,8.547377030503359,7.615742850865367,0.944226966205057,0.9887162421344144,-0.03676156803727336
competitive_not_hellas,Competitive maps except Hellas,Giant Space Mirror,6577,4043,2534,61.47179565151285,0.1844305914550707,0.21864951768488747,0.1298342541436464,8.521613476495322,8.412407982964053,8.694405689878531,0.16909759484636877,0.20331652107618553,0.11450125753494449
competitive_not_hellas,Competitive maps except Hellas,Grass,6459,4020,2439,62.238736646539714,-0.20034061000154824,-0.31293532338308455,-0.014760147601476014,8.56620112302931,8.567811663805431,8.562070540589879,-0.21567360661025017,-0.32826831999178646,-0.03009314421017794
competitive_not_hellas,Competitive maps except Hellas,Great Dam,6431,1412,5019,21.956149898927073,-0.51904835950863,-1.31657223796034,-0.29468021518230725,8.595429149662502,8.285715261746978,8.668156701754237,-0.534381356117332,-1.3319052345690419,-0.31001321179100916
competitive_not_hellas,Competitive maps except Hellas,Great Escarpment Consortium,6445,4440,2005,68.89061287820016,0.2178432893716059,0.5186936936936937,-0.4483790523690773,8.599782632819178,8.55066461629511,8.672630775423709,0.20251029276290397,0.5033606970849918,-0.46371204897777923
competitive_not_hellas,Competitive maps except Hellas,Greenhouses,6276,4425,1851,70.50669216061185,-0.2501593371574251,-0.3389830508474576,-0.037817396002161,8.59783397016898,8.605865643169961,8.577196441800337,-0.265492333766127,-0.3543160474561595,-0.05315039261086292
competitive_not_hellas,Competitive maps except Hellas,Hackers,6411,3725,2686,58.103260021837464,0.3537669630322883,0.6936912751677853,-0.11764705882352941,8.568815285799989,8.658354678097396,8.421990005539794,0.33843396642358636,0.6783582785590834,-0.13298005543223135
competitive_not_hellas,Competitive maps except Hellas,Heat Trappers,6284,4668,1616,74.28389560789306,0.021642266072565246,0.04798628963153385,-0.054455445544554455,8.731288915158906,8.941100163775104,8.096905647561044,0.006309269463863319,0.03265329302283192,-0.06978844215325639
competitive_not_hellas,Competitive maps except Hellas,Heather,6347,3835,2512,60.422246730738934,-0.28674964550181187,-0.579400260756193,0.16003184713375795,8.57631170964536,8.700106616795551,8.365783109787444,-0.3020826421105138,-0.5947332573648949,0.14469885052505602
competitive_not_hellas,Competitive maps except Hellas,Herbivores,6400,3554,2846,55.53125,-0.40640625,-0.40377039954980304,-0.4096978215038651,8.643048503992894,8.829842024747668,8.405502682126512,-0.42173924660870193,-0.41910339615850495,-0.425030818112567
competitive_not_hellas,Competitive maps except Hellas,Hired Raiders,6458,6122,336,94.79715082068752,-0.1327036234128213,-0.08983992159425025,-0.9136904761904762,8.49869737392409,8.549466736625188,7.482217131666358,-0.14803662002152324,-0.10517291820295217,-0.9290234727991781
competitive_not_hellas,Competitive maps except Hellas,House Printing,6317,4074,2243,64.49263891087541,-0.18220674370745607,-0.24496809032891506,-0.06821221578243424,8.60009131465057,8.483856535512682,8.80805738527587,-0.197539740316158,-0.260301086937617,-0.08354521239113616
competitive_not_hellas,Competitive maps except Hellas,Ice Asteroid,6462,6089,373,94.2277932528629,0.36969978334880843,0.38052225324355393,0.19302949061662197,8.505720529374141,8.539574430951847,7.94133427020066,0.3543667867401065,0.365189256634852,0.17769649400792004
competitive_not_hellas,Competitive maps except Hellas,Ice cap Melting,6296,409,5887,6.4961880559085134,-0.2863722998729352,-0.15892420537897312,-0.29522677085102766,8.72142943176935,9.11455821139176,8.694193873722494,-0.30170529648163713,-0.17425720198767505,-0.3105597674597296
competitive_not_hellas,Competitive maps except Hellas,Immigrant City,6500,4677,1823,71.95384615384616,-0.8316923076923077,-1.2358349369253796,0.20515633571036754,8.521037129529915,8.337498056227066,8.893480867336212,-0.8470253043010096,-1.2511679335340815,0.1898233391016656
competitive_not_hellas,Competitive maps except Hellas,Immigration Shuttles,6540,2991,3549,45.73394495412844,-0.06116207951070336,-0.05616850551654965,-0.06537052690898845,8.652768250951771,8.445349865153045,8.824974075254023,-0.07649507611940529,-0.07150150212525158,-0.08070352351769038
competitive_not_hellas,Competitive maps except Hellas,Import of Advanced GHG,6397,4396,2001,68.71971236517118,-0.20009379396592153,-0.30095541401273884,0.02148925537231384,8.604686608818435,8.561825424791726,8.696150756570947,-0.21542679057462347,-0.31628841062144075,0.0061562587636119145
competitive_not_hellas,Competitive maps except Hellas,Imported GHG,6405,4158,2247,64.91803278688525,-0.03981264637002342,-0.177008177008177,0.2140631953716066,8.587453332808087,8.55397502975381,8.645229785396634,-0.055145642978725345,-0.19234117361687894,0.19873019876290465
competitive_not_hellas,Competitive maps except Hellas,Imported Hydrogen,6564,6190,374,94.30225472273004,-0.06413772090188909,-0.06946688206785137,0.02406417112299465,8.596017259511022,8.630548512496112,8.013190101938932,-0.07947071751059101,-0.0847998786765533,0.008731174514292724
competitive_not_hellas,Competitive maps except Hellas,Imported Nitrogen,6448,4618,1830,71.61910669975187,-0.37034739454094295,-0.34040710264183627,-0.4459016393442623,8.629721731600474,8.811024461110517,8.15614914463246,-0.38568039114964486,-0.3557400992505382,-0.4612346359529642
competitive_not_hellas,Competitive maps except Hellas,Indentured Workers,6423,5390,1033,83.91717266075042,-0.170014012143858,-0.05955473098330241,-0.7463697967086157,8.724389442583592,8.859345881665549,7.962457263021477,-0.18534700875255994,-0.07488772759200434,-0.7617027933173176
competitive_not_hellas,Competitive maps except Hellas,Industrial Center,6452,5079,1373,78.71977681339119,-0.1444513329200248,-0.1823193542035834,-0.004369992716678805,8.686708303843073,8.667222781490919,8.76016584720779,-0.15978432952872673,-0.19765235081228533,-0.019702989325380733
competitive_not_hellas,Competitive maps except Hellas,Industrial Microbes,6417,5709,708,88.96680691912108,0.4770141810815023,0.49868628481345245,0.3022598870056497,8.583360305025641,8.533326810737625,8.980988594268618,0.4616811844728004,0.48335328820475054,0.2869268903969478
competitive_not_hellas,Competitive maps except Hellas,Insects,6389,5653,736,88.48020034434184,-0.1763969322272656,-0.12099770033610473,-0.6019021739130435,8.612075595585873,8.712430593461848,7.790658747740808,-0.19172992883596754,-0.13633069694480665,-0.6172351705217454
competitive_not_hellas,Competitive maps except Hellas,Insulation,6403,203,6200,3.1703888802124003,-0.4010620021864751,-1.019704433497537,-0.3808064516129032,8.638312478913148,7.674672625735118,8.667859129860311,-0.416394998795177,-1.0350374301062388,-0.39613944822160513
competitive_not_hellas,Competitive maps except Hellas,Interstellar Colony Ship,6316,2482,3834,39.29702343255225,-0.5237492083597214,-0.14302981466559225,-0.7702138758476786,8.673632357721845,8.612960070922808,8.704928394442241,-0.5390822049684233,-0.1583628112742942,-0.7855468724563806
competitive_not_hellas,Competitive maps except Hellas,Invention Contest,6460,6164,296,95.41795665634675,0.3611455108359133,0.3679428942245295,0.2195945945945946,8.638429061654156,8.65195474266023,8.364721388240373,0.3458125142272114,0.3526098976158276,0.20426159798589266
competitive_not_hellas,Competitive maps except Hellas,Inventors' Guild,6442,6212,230,96.42968022353307,0.5900341508848184,0.6551835157759176,-1.1695652173913043,8.649304981554739,8.660053279095841,8.177182802617976,0.5747011542761165,0.6398505191672157,-1.1848982140000062
competitive_not_hellas,Competitive maps except Hellas,Investment Loan,6421,5257,1164,81.87198255723408,-0.10403363961999688,0.06981167966520829,-0.8891752577319587,8.644686711374163,8.801326728996946,7.854365710365451,-0.11936663622869881,0.05447868305650637,-0.9045082543406606
competitive_not_hellas,Competitive maps except Hellas,Io Mining Industries,6457,5388,1069,83.4443239894688,0.4201641629239585,0.26688938381588717,1.1927034611786718,8.691489579644626,8.702690001740585,8.597333392815814,0.40483116631525656,0.25155638720718526,1.1773704645699699
competitive_not_hellas,Competitive maps except Hellas,Ironworks,6427,868,5559,13.505523572428816,-0.31647736113272135,0.03571428571428571,-0.3714696887929484,8.59619308114028,8.651252341632171,8.587042581968582,-0.33181035774142326,0.020381289105583785,-0.3868026854016503
competitive_not_hellas,Competitive maps except Hellas,Kelp Farming,6531,5895,636,90.26182820395039,0.866789159393661,0.9793044953350297,-0.1761006289308176,8.588268883471473,8.657701675075778,7.8455842166211,0.8514561627849591,0.9639714987263278,-0.19143362553951954
competitive_not_hellas,Competitive maps except Hellas,Lagrange Observatory,6432,5404,1028,84.01741293532338,-0.23025497512437812,-0.14822353811991118,-0.6614785992217899,8.679274598393656,8.73680251061923,8.36125637287482,-0.24558797173308006,-0.16355653472861312,-0.6768115958304918
competitive_not_hellas,Competitive maps except Hellas,Lake Marineris,6434,2035,4399,31.628846751631954,-0.4053465962076469,-0.47714987714987717,-0.37213002955217095,8.556783167439892,8.870910983996065,8.408318700012954,-0.4206795928163488,-0.4924828737585791,-0.38746302616087286
competitive_not_hellas,Competitive maps except Hellas,Land Claim,6383,935,5448,14.648284505718314,-0.135359548801504,-0.35614973262032085,-0.0974669603524229,8.675574819951175,8.637253244973953,8.682360005235909,-0.15069254541020594,-0.37148272922902276,-0.11279995696112483
competitive_not_hellas,Competitive maps except Hellas,Large Convoy,6422,5795,627,90.23668639053254,0.10915602616007475,0.145297670405522,-0.22488038277511962,8.651505127948694,8.703825941123771,8.151059033295189,0.09382302955137282,0.12996467379682006,-0.24021337938382156
competitive_not_hellas,Competitive maps except Hellas,Lava Flows,6617,5389,1228,81.4417409702282,0.2387789028260541,0.26516979031360177,0.12296416938110749,8.613078211869842,8.575119743392465,8.780323282437292,0.22344590621735216,0.24983679370489983,0.10763117277240557
competitive_not_hellas,Competitive maps except Hellas,Lava Tube Settlement,6321,3062,3259,48.44170226230027,-0.561936402467964,-1.065643370346179,-0.08867750843817122,8.589495368188514,8.48023251891314,8.665557589470025,-0.5772693990766659,-1.0809763669548809,-0.10401050504687315
competitive_not_hellas,Competitive maps except Hellas,Lichen,6361,4211,2150,66.2002829743751,-0.349944977204842,-0.5176917596770363,-0.021395348837209303,8.706509370666312,8.76650708932843,8.58030837809286,-0.36527797381354393,-0.5330247562857382,-0.036728345445911234
competitive_not_hellas,Competitive maps except Hellas,Lightning Harvest,6402,1600,4802,24.99218994064355,-0.302561699468916,-0.64,-0.19012911286963766,8.682971337595925,8.292971925950486,8.8070503005754,-0.3178946960776179,-0.6553329966087019,-0.2054621094783396
competitive_not_hellas,Competitive maps except Hellas,Livestock,6448,1200,5248,18.610421836228287,-0.361197270471464,-1.0566666666666666,-0.20217225609756098,8.748877226881678,8.6395789341276,8.766745203711373,-0.3765302670801659,-1.0719996632753686,-0.21750525270626292
competitive_not_hellas,Competitive maps except Hellas,Local Heat Trapping,6358,1424,4934,22.39698018244731,-0.2271154451085247,-0.25,-0.22051074179164978,8.48607892489039,8.620564081766494,8.447739251538048,-0.24244844171722663,-0.2653329966087019,-0.23584373840035172
competitive_not_hellas,Competitive maps except Hellas,Lunar Beam,6360,3457,2903,54.355345911949684,-0.2757861635220126,-0.6641596760196702,0.18670341026524284,8.682137110598466,8.69478427268729,8.64581434588595,-0.2911191601307145,-0.6794926726283721,0.1713704136565409
competitive_not_hellas,Competitive maps except Hellas,Magnetic Field Dome,6358,196,6162,3.0827304183705566,-0.353413022963196,-1.1275510204081634,-0.3287893541058098,8.577831036904835,7.218853955669211,8.616896926327467,-0.3687460195718979,-1.1428840170168653,-0.3441223507145117
competitive_not_hellas,Competitive maps except Hellas,Magnetic Field Generators,6492,237,6255,3.6506469500924212,-0.25646950092421444,-0.5822784810126582,-0.24412470023980815,8.462009478757016,8.145302683355336,8.474158140209493,-0.27180249753291635,-0.5976114776213601,-0.25945769684851006
competitive_not_hellas,Competitive maps except Hellas,Mangrove,6409,3121,3288,48.69714464034951,-0.22905289436729598,0.049343159243832105,-0.49330900243309,8.589505892541608,8.862670221024084,8.31465643615959,-0.24438589097599792,0.03401016263513018,-0.508641999041792
competitive_not_hellas,Competitive maps except Hellas,Mars University,6610,6530,80,98.78971255673223,0.951285930408472,0.9687595712098009,-0.475,8.662693731319582,8.664237952136538,8.467323639749054,0.9359529337997701,0.953426574601099,-0.4903329966087019
competitive_not_hellas,Competitive maps except Hellas,Martian Rails,6414,331,6083,5.160586217648893,-0.4412223261615217,-0.5921450151057401,-0.4330100279467368,8.67121559275675,7.668894190966533,8.722940039402289,-0.4565553227702236,-0.607478011714442,-0.44834302455543873
competitive_not_hellas,Competitive maps except Hellas,Martian Survey,6415,4571,1844,71.25487139516757,-0.18363211223694467,-0.24196018376722817,-0.039045553145336226,8.716167442991226,8.642427429142726,8.897047518227751,-0.1989651088456466,-0.2572931803759301,-0.05437854975403815
competitive_not_hellas,Competitive maps except Hellas,Mass Converter,6524,6013,511,92.16738197424893,0.7952176578786021,0.8795942125394978,-0.19765166340508805,8.663806193429588,8.695989338415275,8.218944780081657,0.7798846612699002,0.8642612159307959,-0.21298466001379
competitive_not_hellas,Competitive maps except Hellas,Media Archives,6540,2400,4140,36.69724770642202,-0.1437308868501529,-0.07166666666666667,-0.1855072463768116,8.560346785033701,8.47770470140989,8.608635691243558,-0.15906388345885483,-0.0869996632753686,-0.20084024298551353
competitive_not_hellas,Competitive maps except Hellas,Media Group,6415,6343,72,98.87763055339049,1.2341387373343726,1.2576068106574176,-0.8333333333333334,8.633427211830265,8.632014791189338,8.566229140651144,1.2188057407256707,1.2422738140487157,-0.8486663299420353
competitive_not_hellas,Competitive maps except Hellas,Medical Lab,6394,5235,1159,81.87363152955896,0.09415076634344698,0.12148997134670488,-0.029335634167385678,8.657709830109319,8.643943285181193,8.722303938775495,0.07881776973474505,0.10615697473800295,-0.044668630776087605
competitive_not_hellas,Competitive maps except Hellas,Methane From Titan,6511,4360,2151,66.96360006143449,0.0024573798187682385,-0.04243119266055046,0.09344490934449093,8.659508688981745,8.679096433124299,8.620964646105762,-0.012875616789933689,-0.05776418926925239,0.078111912735789
competitive_not_hellas,Competitive maps except Hellas,Micro-Mills,6480,830,5650,12.808641975308642,-0.34228395061728395,-1.2409638554216869,-0.21026548672566372,8.554364918565442,7.993046376989142,8.626534714841409,-0.35761694722598586,-1.2562968520303888,-0.22559848333436566
competitive_not_hellas,Competitive maps except Hellas,Mine,6475,6347,128,98.02316602316603,0.6185328185328185,0.6240743658421302,0.34375,8.69927839288769,8.708294344672804,8.267608267007631,0.6031998219241166,0.6087413692334283,0.3284170033912981
competitive_not_hellas,Competitive maps except Hellas,Mineral Deposit,6394,5941,453,92.91523303096653,0.05317485142320926,0.1057061100824777,-0.6357615894039735,8.73020471437204,8.725148610572607,8.776842602378627,0.03784185481450733,0.09037311347377577,-0.6510945860126754
competitive_not_hellas,Competitive maps except Hellas,Mining Area,6422,6316,106,98.34942385549672,1.2074120211772033,1.2381253958201393,-0.6226415094339622,8.439914948260556,8.440372191107208,8.246734222522708,1.1920790245685013,1.2227923992114373,-0.6379745060426641
competitive_not_hellas,Competitive maps except Hellas,Mining Expedition,6497,1644,4853,25.303986455287056,-0.30337078651685395,-0.9592457420924574,-0.08118689470430661,8.754248231381169,8.457414336060861,8.842372649536207,-0.31870378312555586,-0.9745787387011593,-0.09651989131300853
competitive_not_hellas,Competitive maps except Hellas,Mining Rights,6569,6551,18,99.72598569036383,1.172324554726747,1.1763089604640513,-0.2777777777777778,8.568195025045721,8.570331953547337,7.835106182362105,1.156991558118045,1.1609759638553494,-0.2931107743864797
competitive_not_hellas,Competitive maps except Hellas,Miranda Resort,6491,4460,2031,68.71052226159297,0.03558773686643044,0.17219730941704037,-0.26440177252584934,8.746901535775171,8.802965825557902,8.617058812918556,0.020254740257728516,0.15686431280833843,-0.27973476913455125
competitive_not_hellas,Competitive maps except Hellas,Mohole Area,6429,5502,927,85.58096126924872,0.7789702908694975,0.806434023991276,0.61596548004315,8.531384615481185,8.547256834118953,8.439294323145342,0.7636372942607956,0.791101027382574,0.6006324834344481
competitive_not_hellas,Competitive maps except Hellas,Moss,6536,4284,2252,65.54467564259485,-0.44996940024479803,-0.6057422969187675,-0.15364120781527532,8.651561945686927,8.760878947866885,8.433681498965123,-0.46530239685349994,-0.6210752935274694,-0.16897420442397726
competitive_not_hellas,Competitive maps except Hellas,Natural Preserve,6420,6344,76,98.81619937694704,0.9118380062305296,0.932219419924338,-0.7894736842105263,8.708823397647762,8.72326531594889,7.252247080684596,0.8965050096218277,0.9168864233156361,-0.8048066808192282
competitive_not_hellas,Competitive maps except Hellas,Nitrite Reducing Bacteria,6388,1266,5122,19.81840951784596,-0.3551972448340639,-0.6066350710900474,-0.29304959000390474,8.659965289661486,8.376708923182044,8.728242484312007,-0.3705302414427658,-0.6219680676987493,-0.30838258661260665
competitive_not_hellas,Competitive maps except Hellas,Nitrogen-Rich Asteroid,6277,5929,348,94.45595029472678,0.7197705910466784,0.7903525046382189,-0.4827586206896552,8.5877920050275,8.630482260519038,7.737571898279809,0.7044375944379765,0.775019508029517,-0.4980916172983571
competitive_not_hellas,Competitive maps except Hellas,Nitrophilic Moss,6327,4710,1617,74.44286391654812,0.026078710289236605,-0.021443736730360933,0.1645021645021645,8.687560715985253,8.741574643163702,8.529442399053051,0.010745713680534678,-0.03677673333906286,0.14916916789346257
competitive_not_hellas,Competitive maps except Hellas,Noctis City,6583,5589,994,84.90050129120462,-0.20173173325231658,-0.32367149758454106,0.48390342052313884,8.591068445960873,8.55883547482921,8.742842991829766,-0.21706472986101852,-0.33900449419324297,0.46857042391443693
competitive_not_hellas,Competitive maps except Hellas,Noctis Farming,6404,3958,2446,61.8051217988757,-0.2932542161149282,-0.3473976755937342,-0.20564186426819298,8.565457221176164,8.626869535780575,8.466161735799583,-0.3085872127236301,-0.3627306722024361,-0.2209748608768949
competitive_not_hellas,Competitive maps except Hellas,Nuclear Power,6371,2704,3667,42.4423167477633,-0.30937058546539004,-0.44711538461538464,-0.20779929097354785,8.556665221548947,8.543861664497173,8.565839756329666,-0.32470358207409195,-0.46244838122408655,-0.2231322875822498
competitive_not_hellas,Competitive maps except Hellas,Nuclear Zone,6509,6304,205,96.85051467199263,1.2599477646335844,1.2856916243654823,0.4682926829268293,8.556656764292075,8.566400956676624,8.232242893110705,1.2446147680248825,1.2703586277567804,0.4529596863181274
competitive_not_hellas,Competitive maps except Hellas,Olympus Conference,6347,6243,104,98.3614305971325,0.706002835985505,0.7246516098029794,-0.41346153846153844,8.698466283081132,8.69897514391839,8.635679629230147,0.690669839376803,0.7093186131942775,-0.42879453507024035
competitive_not_hellas,Competitive maps except Hellas,Open City,6425,1286,5139,20.01556420233463,-0.41167315175097274,-0.2115085536547434,-0.46176298890834794,8.553874069639773,8.681232034055402,8.521824572806729,-0.42700614835967465,-0.22684155026344532,-0.47709598551704985
competitive_not_hellas,Competitive maps except Hellas,Optimal Aerobraking,6270,6129,141,97.7511961722488,0.6920255183413078,0.7128405938978626,-0.2127659574468085,8.481316684144545,8.49141979248713,8.00607671944817,0.6766925217326059,0.6975075972891607,-0.22809895405551045
competitive_not_hellas,Competitive maps except Hellas,Ore Processor,6439,1091,5348,16.943624786457523,-0.2610653828234198,-0.6040329972502292,-0.19109947643979058,8.560296789618631,8.308221983514315,8.609895276807432,-0.2763983794321217,-0.6193659938589311,-0.20643247304849252
competitive_not_hellas,Competitive maps except Hellas,Permafrost extraction,6373,950,5423,14.906637376431823,-0.34818766671897067,-0.7652631578947369,-0.27512446985063616,8.59564894135942,8.725932046389007,8.571347815453253,-0.3635206633276726,-0.7805961545034388,-0.29045746645933807
competitive_not_hellas,Competitive maps except Hellas,Peroxide Power,6326,4171,2155,65.93423964590579,-0.2695226051217199,-0.34476144809398224,-0.12389791183294664,8.543304837286863,8.630327333834016,8.37236687240902,-0.2848556017304218,-0.36009444470268415,-0.13923090844164857
competitive_not_hellas,Competitive maps except Hellas,Pets,6483,3346,3137,51.61190806725281,-0.656331945087151,-0.8921099820681411,-0.4048453936882372,8.62816784741797,8.258203362797707,9.000564153768474,-0.6716649416958529,-0.907442978676843,-0.4201783902969391
competitive_not_hellas,Competitive maps except Hellas,Phobos Space Haven,6378,2773,3605,43.47757917842584,-0.5098777046095955,-1.278038225748287,0.08099861303744799,8.648502393465247,8.319872950036148,8.848903510724814,-0.5252107012182974,-1.2933712223569889,0.06566561642874606
competitive_not_hellas,Competitive maps except Hellas,Physics Complex,6528,987,5541,15.119485294117647,-0.40012254901960786,-0.5440729483282675,-0.3744811405883415,8.609240708158106,8.250688878163277,8.672021816662973,-0.4154555456283098,-0.5594059449369694,-0.3898141371970434
competitive_not_hellas,Competitive maps except Hellas,Plantation,6369,4687,1682,73.59083058564924,-0.5950698696812686,-0.6178792404523149,-0.5315101070154578,8.508481996866605,8.60615247224404,8.232378652455873,-0.6104028662899705,-0.6332122370610168,-0.5468431036241597
competitive_not_hellas,Competitive maps except Hellas,Power Grid,6369,262,6107,4.11367561626629,-0.20175851782069398,-2.698473282442748,-0.09464548878336336,8.632045410121858,7.484128644555018,8.662346229839503,-0.21709151442939592,-2.7138062790514503,-0.10997848539206528
competitive_not_hellas,Competitive maps except Hellas,Power Infrastructure,6463,418,6045,6.467584712981587,-0.3332817576976636,-0.6985645933014354,-0.30802315963606286,8.588102866587803,8.141732965436166,8.61818277064021,-0.3486147543063655,-0.7138975899101373,-0.32335615624476477
competitive_not_hellas,Competitive maps except Hellas,Power Plant,6445,5536,909,85.89604344453065,0.1208688906128782,0.1381864161849711,0.015401540154015401,8.613023744066984,8.65433025887858,8.360923924718582,0.10553589400417628,0.12285341957626918,6.854354531347397e-05
competitive_not_hellas,Competitive maps except Hellas,Power Supply Consortium,6380,2360,4020,36.990595611285265,-0.23557993730407523,-0.6580508474576271,0.012437810945273632,8.483941133053628,8.351108422467403,8.552275882430912,-0.25091293391277714,-0.673383844066329,-0.0028951856634282947
competitive_not_hellas,Competitive maps except Hellas,Predators,6405,2003,4402,31.272443403590945,-0.17002341920374708,-0.3844233649525711,-0.0724670604270786,8.620348409338778,8.811773354713479,8.531054290068507,-0.18535641581244902,-0.39975636156127303,-0.08780005703578052
competitive_not_hellas,Competitive maps except Hellas,Protected Habitats,6436,6116,320,95.02796768178993,-0.5203542573026725,-0.540876389797253,-0.128125,8.706099404234322,8.721987337042561,8.400206534817237,-0.5356872539113744,-0.556209386405955,-0.14345799660870193
competitive_not_hellas,Competitive maps except Hellas,Protected Valley,6480,5182,1298,79.96913580246914,0.2271604938271605,0.28077962176765725,0.013097072419106317,8.510941177887428,8.616431984575925,8.075719977869644,0.21182749721845856,0.26544662515895534,-0.0022359241895956103
competitive_not_hellas,Competitive maps except Hellas,Psychrophiles,6393,6204,189,97.04364148287189,0.7725637415923666,0.7920696324951644,0.13227513227513227,8.61295146806727,8.635654207385816,7.8251140708472695,0.7572307449836647,0.7767366358864625,0.11694213566643034
competitive_not_hellas,Competitive maps except Hellas,Quantum Extractor,6472,5612,860,86.71199011124845,0.4721878862793572,0.6400570206699929,-0.6232558139534884,8.82047632671409,8.857823859075204,8.496656528187941,0.4568548896706553,0.624724024061291,-0.6385888105621903
competitive_not_hellas,Competitive maps except Hellas,Rad-Chem Factory,6466,2119,4347,32.7714197339932,-0.34101453758119393,-0.9797074091552619,-0.029675638371290544,8.643878627856939,8.44003811315773,8.725543322248893,-0.35634753418989584,-0.9950404057639638,-0.04500863497999247
competitive_not_hellas,Competitive maps except Hellas,Rad-Suits,6384,456,5928,7.142857142857143,-0.44141604010025065,-1.355263157894737,-0.37112010796221323,8.61166380563775,7.2412808302443175,8.704700627753338,-0.45674903670895256,-1.3705961545034389,-0.38645310457091514
competitive_not_hellas,Competitive maps except Hellas,Regolith Eaters,6367,1071,5296,16.82110884246898,-0.11810899952882048,0.3202614379084967,-0.20675981873111782,8.604161933696295,8.691877738623289,8.584420501922208,-0.13344199613752242,0.3049284412997948,-0.22209281533981975
competitive_not_hellas,Competitive maps except Hellas,Release of Inert Gases,6458,1250,5208,19.35583772065655,-0.27764013626509754,-0.8592,-0.1380568356374808,8.649304474975585,8.138080734819308,8.762576214326662,-0.29297313287379945,-0.8745329966087019,-0.15338983224618274
competitive_not_hellas,Competitive maps except Hellas,Research,6490,6304,186,97.13405238828967,0.710015408320493,0.7198604060913706,0.3763440860215054,8.673814124794463,8.685355009167905,8.28859715381693,0.6946824117117911,0.7045274094826687,0.36101108941280347
competitive_not_hellas,Competitive maps except Hellas,Research Coordination,6390,5492,898,85.94679186228483,-0.05070422535211268,-0.04297159504734159,-0.09799554565701558,8.523668829945441,8.544076841939285,8.40232597673871,-0.0660372219608146,-0.058304591656043514,-0.11332854226571751
competitive_not_hellas,Competitive maps except Hellas,Research Outpost,6509,6499,10,99.8463665693655,1.9159625134429252,1.9135251577165717,3.5,8.428037247554544,8.42884691501814,8.14111649454654,1.9006295168342233,1.8981921611078698,3.484667003391298
competitive_not_hellas,Competitive maps except Hellas,Restricted Area,6530,6497,33,99.49464012251148,2.1258805513016847,2.1349853778667076,0.3333333333333333,8.565859619239363,8.569933065303513,7.626707459098368,2.1105475546929826,2.1196523812580055,0.3180003367246314
competitive_not_hellas,Competitive maps except Hellas,Robotic Workforce,6397,5693,704,88.99484133187431,0.40800375175863685,0.4336904971017038,0.2002840909090909,8.419254769680268,8.420312026969533,8.413796833747284,0.39267075514993494,0.4183575004930019,0.18495109430038897
competitive_not_hellas,Competitive maps except Hellas,Rover Construction,6357,3675,2682,57.81028787163756,-0.38398615699229194,-0.6141496598639455,-0.0686055182699478,8.650162602927015,8.431814706378573,8.932658180245227,-0.39931915360099385,-0.6294826564726475,-0.08393851487864973
competitive_not_hellas,Competitive maps except Hellas,SF Memorial,6207,2948,3259,47.49476397615595,-0.43450942484291927,-0.7503392130257802,-0.14881865602945687,8.615381773715201,8.39151108663985,8.804520975655102,-0.4498424214516212,-0.7656722096344821,-0.1641516526381588
competitive_not_hellas,Competitive maps except Hellas,Sabotage,6337,5929,408,93.56162221871548,0.22928830676976486,0.29937594872659806,-0.7892156862745098,8.657390906747015,8.730884341140682,7.443789778261302,0.21395531016106292,0.28404295211789615,-0.8045486828832117
competitive_not_hellas,Competitive maps except Hellas,Satellites,6379,2746,3633,43.04749960808904,-0.18984166797303653,-0.08339402767662053,-0.27030002752546106,8.50373077459972,8.314972182310107,8.643938146330052,-0.20517466458173847,-0.09872702428532246,-0.28563302413416297
competitive_not_hellas,Competitive maps except Hellas,Search For Life,6391,4209,2182,65.85823814739477,-0.41511500547645125,-0.41292468519838443,-0.41934005499541704,8.713108681386766,8.691621343685908,8.756403403965837,-0.43044800208515316,-0.42825768180708634,-0.43467305160411895
competitive_not_hellas,Competitive maps except Hellas,Security Fleet,6424,107,6317,1.665628891656289,-0.3949252801992528,-2.102803738317757,-0.3659965173341776,8.630432475545572,6.8348918632172,8.655168425679072,-0.41025827680795474,-2.118136734926459,-0.3813295139428795
competitive_not_hellas,Competitive maps except Hellas,Shuttles,6471,2414,4057,37.304898779168596,-0.2611651985782723,-0.31938690969345485,-0.22652206063593788,8.651009990212573,8.618178550616433,8.671361565348937,-0.2764981951869742,-0.33471990630215676,-0.24185505724463982
competitive_not_hellas,Competitive maps except Hellas,Small Animals,6489,3664,2825,56.46478656187394,-0.17244567730004623,0.05431222707423581,-0.46654867256637167,8.537597573764574,8.67897745729815,8.343015620821811,-0.18777867390874817,0.03897923046553388,-0.4818816691750736
competitive_not_hellas,Competitive maps except Hellas,Soil Factory,6435,312,6123,4.848484848484849,-0.2745920745920746,-1.5705128205128205,-0.20855789645598563,8.61891165645509,7.31172003682726,8.675581200962252,-0.2899250712007765,-1.5858458171215224,-0.22389089306468757
competitive_not_hellas,Competitive maps except Hellas,Solar Power,6552,2102,4450,32.081807081807085,-0.47115384615384615,-0.6322549952426261,-0.3950561797752809,8.593026712797139,8.28194084014366,8.736000794154469,-0.48648684276254806,-0.647587991851328,-0.4103891763839828
competitive_not_hellas,Competitive maps except Hellas,Solar Wind Power,6225,6004,221,96.44979919678715,0.2700401606425703,0.3169553630912725,-1.004524886877828,8.769461120473855,8.788838593092482,8.141084212781804,0.2547071640338684,0.30162236648257057,-1.01985788348653
competitive_not_hellas,Competitive maps except Hellas,Soletta,6541,2962,3579,45.2835957804617,-0.5150588595016052,-0.9814314652261985,-0.12908633696563285,8.497038220296364,8.501861820661693,8.474839658785564,-0.5303918561103071,-0.9967644618349004,-0.14441933357433479
competitive_not_hellas,Competitive maps except Hellas,Space Elevator,6376,5966,410,93.56963613550816,1.2874843161856964,1.3808246731478377,-0.07073170731707316,8.56537527077277,8.56025207365772,8.535120709566154,1.2721513195769945,1.3654916765391358,-0.08606470392577509
competitive_not_hellas,Competitive maps except Hellas,Space Hotels,6446,5392,1054,83.64877443375737,0.7401489295687248,1.0261498516320475,-0.7229601518026565,8.63408143418318,8.602986294925344,8.648737995337289,0.7248159329600229,1.0108168550233456,-0.7382931484113584
competitive_not_hellas,Competitive maps except Hellas,Space Mirrors,6506,822,5684,12.634491238856441,-0.4492775899169997,-1.210462287104623,-0.3391977480647431,8.668972135107671,7.9303138794726165,8.765825805280333,-0.4646105865257016,-1.2257952837133248,-0.35453074467344503
competitive_not_hellas,Competitive maps except Hellas,Space Station,6373,4473,1900,70.18672524713635,-0.21418484230346777,-0.30181086519114686,-0.007894736842105263,8.704742501096627,8.692142671146264,8.733153694320825,-0.2295178389121697,-0.31714386179984877,-0.02322773345080719
competitive_not_hellas,Competitive maps except Hellas,Special Design,6396,739,5657,11.554096310193872,-0.37367104440275173,-1.0514208389715831,-0.28513346296623654,8.60087933213724,8.509682513934713,8.609526890320263,-0.38900404101145364,-1.066753835580285,-0.30046645957493845
competitive_not_hellas,Competitive maps except Hellas,Sponsors,6315,6184,131,97.92557403008709,0.5483768804433887,0.5700194049159121,-0.4732824427480916,8.585794365211374,8.602698289201673,7.706469055055987,0.5330438838346868,0.5546864083072102,-0.4886154393567935
competitive_not_hellas,Competitive maps except Hellas,Standard Technology,6376,5294,1082,83.03011292346298,-0.13629234629861983,-0.1539478655081224,-0.04990757855822551,8.697572904189807,8.659976238679244,8.882796571016932,-0.15162534290732177,-0.16928086211682433,-0.06524057516692744
competitive_not_hellas,Competitive maps except Hellas,Steelworks,6516,1416,5100,21.731123388581953,-0.22713321055862493,0.07203389830508475,-0.31019607843137254,8.552145524345873,8.508015449273067,8.563334980154291,-0.24246620716732686,0.056700901696382824,-0.32552907504007444
competitive_not_hellas,Competitive maps except Hellas,Strip Mine,6414,5139,1275,80.12160898035548,0.2906142812597443,0.3290523448141662,0.13568627450980392,8.704464684224432,8.659091758533414,8.886760400705784,0.2752812846510424,0.31371934820546427,0.120353277901102
competitive_not_hellas,Competitive maps except Hellas,Subterranean Reservoir,6539,4812,1727,73.58923382780242,0.10613243615231686,0.040939318370739816,0.28778228141285467,8.668871538722065,8.65083964688933,8.718860239376259,0.09079943954361494,0.02560632176203789,0.27244928480415276
competitive_not_hellas,Competitive maps except Hellas,Symbiotic Fungus,6480,311,6169,4.799382716049383,-0.28487654320987654,-0.00964630225080386,-0.29875182363430053,8.6303602150289,8.741257579321339,8.625216405385313,-0.30020953981857845,-0.024979298859505786,-0.31408482024300244
competitive_not_hellas,Competitive maps except Hellas,Tardigrades,6456,1562,4894,24.19454770755886,-0.08658612143742256,-0.1440460947503201,-0.06824683285655905,8.607443668133733,8.498505337505454,8.642704602641674,-0.10191911804612448,-0.15937909135902203,-0.08357982946526098
competitive_not_hellas,Competitive maps except Hellas,Technology Demonstration,6428,6171,257,96.00186683260735,0.1992843808338519,0.22589531680440772,-0.4396887159533074,8.65551605046832,8.662453696283473,8.478676188104115,0.18395138422514995,0.21056232019570578,-0.4550217125620093
competitive_not_hellas,Competitive maps except Hellas,Tectonic Stress Power,6485,1867,4618,28.78951426368543,-0.16931380107941404,-0.17996786288162828,-0.1650064963187527,8.64777996428417,8.356073927915217,8.763840998251064,-0.18464679768811598,-0.19530085949033021,-0.18033949292745463
competitive_not_hellas,Competitive maps except Hellas,Terraforming Ganymede,6466,4334,2132,67.02752861119703,-0.027064645839777298,-0.19820027688047992,0.32082551594746717,8.71517388184056,8.744636626818371,8.646576354798354,-0.042397642448479225,-0.21353327348918186,0.30549251933876526
competitive_not_hellas,Competitive maps except Hellas,Titanium Mine,6410,6306,104,98.37753510140405,0.5862714508580343,0.5937202664129401,0.1346153846153846,8.750514702002231,8.744057561361751,9.16627174562878,0.5709384542493324,0.5783872698042382,0.11928238800668269
competitive_not_hellas,Competitive maps except Hellas,Toll Station,6484,634,5850,9.777914867365823,-0.35903763109191855,-1.135646687697161,-0.27487179487179486,8.669841494167235,7.970159035249492,8.73879622363219,-0.37437062770062046,-1.1509796843058628,-0.29020479148049677
competitive_not_hellas,Competitive maps except Hellas,Towing a Comet,6452,5925,527,91.83199008059516,-0.38918164910105396,-0.39409282700421944,-0.33396584440227706,8.666738096275807,8.72972516713699,7.931649794507416,-0.40451464570975587,-0.40942582361292135,-0.34929884101097897
competitive_not_hellas,Competitive maps except Hellas,Trans-Neptune Probe,6328,4887,1441,77.22819216182047,-0.21428571428571427,-0.19950890116635972,-0.2643997224149896,8.744601880417965,8.762436093445924,8.686686161151055,-0.2296187108944162,-0.21484189777506166,-0.2797327190236915
competitive_not_hellas,Competitive maps except Hellas,Trees,6427,3982,2445,61.957367356464914,0.041076707639645244,0.03691612255148167,0.04785276073619632,8.791699850802564,8.91802480220631,8.583788464151304,0.025743711030943316,0.02158312594277974,0.0325197641274944
competitive_not_hellas,Competitive maps except Hellas,Tropical Resort,6397,285,6112,4.455213381272472,-0.4262935751133344,-2.449122807017544,-0.3319698952879581,8.562086985977848,7.601545497208639,8.59320317130494,-0.4416265717220363,-2.464455803626246,-0.34730289189666
competitive_not_hellas,Competitive maps except Hellas,Tundra Farming,6501,745,5756,11.459775419166283,-0.5063836332871866,-1.3932885906040269,-0.391591382904795,8.592402592981767,8.195016060373252,8.636529142264486,-0.5217166298958885,-1.4086215872127288,-0.4069243795134969
competitive_not_hellas,Competitive maps except Hellas,Underground City,6450,2554,3896,39.5968992248062,-0.30387596899224806,-0.7443226311667972,-0.015143737166324436,8.460945305152382,8.101008498391499,8.677714163969398,-0.31920896560094997,-0.7596556277754991,-0.03047673377502636
competitive_not_hellas,Competitive maps except Hellas,Underground Detonations,6442,130,6312,2.018006830176964,-0.48758149642968024,-1.6307692307692307,-0.46403675538656525,8.64671284323006,7.701946257140667,8.66404826094706,-0.5029144930383822,-1.6461022273779327,-0.47936975199526716
competitive_not_hellas,Competitive maps except Hellas,Urbanized Area,6347,1358,4989,21.395935087442886,-0.2807625649913345,-0.8394698085419735,-0.12868310282621767,8.654845318096346,8.229348974137903,8.761718987543318,-0.2960955616000364,-0.8548028051506754,-0.1440160994349196
competitive_not_hellas,Competitive maps except Hellas,Vesta Shipyard,6310,5261,1049,83.37559429477021,0.014421553090332806,0.012164987644934424,0.025738798856053385,8.619772244778712,8.611704183442214,8.664236456297818,-0.0009114435183691216,-0.0031680089637675032,0.010405802247351457
competitive_not_hellas,Competitive maps except Hellas,Viral Enhancers,6379,6255,124,98.05612164916131,0.07806866279981188,0.10071942446043165,-1.064516129032258,8.507454553134433,8.517073531174407,7.955917095918993,0.06273566619110996,0.08538642785172973,-1.07984912564096
competitive_not_hellas,Competitive maps except Hellas,Virus,6351,5386,965,84.80554243426232,0.0976224216658794,0.16654288897140734,-0.28704663212435233,8.72360788342251,8.854394342339576,7.947538573709679,0.08228942505717747,0.1512098923627054,-0.30237962873305424
competitive_not_hellas,Competitive maps except Hellas,Water Import From Europa,6400,3507,2893,54.796875,-0.281875,-0.45651554034787567,-0.07016937435188386,8.636189130472795,8.59824798448559,8.678735790193025,-0.2972079966087019,-0.4718485369565776,-0.08550237096058579
competitive_not_hellas,Competitive maps except Hellas,Water Splitting Plant,6472,498,5974,7.694684796044499,-0.33637206427688504,-0.8955823293172691,-0.2897556076330767,8.676296476047096,8.415106933991513,8.696776692293808,-0.35170506088558695,-0.910915325925971,-0.3050886042417786
competitive_not_hellas,Competitive maps except Hellas,Wave Power,6428,994,5434,15.463596764156813,-0.21048537647790916,-1.0191146881287727,-0.06256900993743099,8.683267285017587,8.319926989868526,8.74074648389036,-0.2258183730866111,-1.0344476847374746,-0.07790200654613291
competitive_not_hellas,Competitive maps except Hellas,Windmills,6351,522,5829,8.219178082191782,-0.346087230357424,-1.0229885057471264,-0.28546920569565964,8.571379773598636,8.475517880092056,8.578025940705533,-0.3614202269661259,-1.0383215023558283,-0.30080220230436155
competitive_not_hellas,Competitive maps except Hellas,Worms,6502,301,6201,4.629344816979391,-0.33605044601661027,-1.2591362126245846,-0.2912433478471214,8.65069046003771,7.776414635596381,8.688962357903424,-0.3513834426253122,-1.2744692092332865,-0.3065763444558233
competitive_not_hellas,Competitive maps except Hellas,Zeppelins,6369,307,6062,4.8202229549379805,-0.2691160307740619,-0.42996742671009774,-0.26096997690531176,8.671079254637762,7.912355750871373,8.70826502839349,-0.2844490273827638,-0.44530042331879965,-0.27630297351401367
competitive_elysium,Competitive Elysium,AI Central,941,923,18,98.08714133900106,1.5270988310308182,1.52329360780065,1.7222222222222223,8.266348017896899,8.290302804707698,7.127457723113568,1.5162334837277527,1.5124282604975845,1.7113568749191568
competitive_elysium,Competitive Elysium,Acquired Company,988,969,19,98.07692307692308,0.8157894736842105,0.846233230134159,-0.7368421052631579,8.352569915827994,8.351528337347268,8.484247529413016,0.804924126381145,0.8353678828310934,-0.7477074525662234
competitive_elysium,Competitive Elysium,Adaptation Technology,910,325,585,35.714285714285715,0.1010989010989011,-0.09846153846153846,0.21196581196581196,8.336217250228852,8.474152645423006,8.263813284363895,0.09023355379583552,-0.10932688576460405,0.2011004646627464
competitive_elysium,Competitive Elysium,Adapted Lichen,957,499,458,52.14211076280042,-0.31452455590386624,-0.7474949899799599,0.1572052401746725,8.23328331156957,8.060537064523006,8.400880596583129,-0.32538990320693184,-0.7583603372830254,0.14633989287160692
competitive_elysium,Competitive Elysium,Advanced Alloys,926,910,16,98.27213822894169,1.6058315334773219,1.6527472527472526,-1.0625,8.773616993329629,8.777550881937595,8.378295371573703,1.5949661861742563,1.641881905444187,-1.0733653473030655
competitive_elysium,Competitive Elysium,Advanced Ecosystems,937,671,266,71.61152614727855,-0.6051227321237994,-0.6646795827123696,-0.4548872180451128,8.467881462598633,8.648315590126973,8.008476322378693,-0.615988079426865,-0.6755449300154351,-0.4657525653481784
competitive_elysium,Competitive Elysium,Aerobraked Ammonia Asteroid,948,114,834,12.025316455696203,-0.7763713080168776,-1.043859649122807,-0.7398081534772182,8.485815901089307,8.513799678831873,8.486451200870679,-0.7872366553199431,-1.0547249964258725,-0.7506735007802837
competitive_elysium,Competitive Elysium,Algae,953,752,201,78.9087093389297,-0.45120671563483733,-0.2872340425531915,-1.064676616915423,7.999604842674822,8.166049480027924,7.330129331730819,-0.4620720629379029,-0.2980993898562571,-1.0755419642184885
competitive_elysium,Competitive Elysium,Anti-Gravity Technology,971,901,70,92.79093717816684,0.38928939237899074,0.4550499445061043,-0.45714285714285713,8.333564515605152,8.465316790210151,6.387682245701463,0.37842404507592514,0.4441845972030387,-0.4680082044459227
competitive_elysium,Competitive Elysium,Ants,944,91,853,9.639830508474576,0.1673728813559322,-0.6813186813186813,0.25791324736225085,8.197945781849755,6.948827432466768,8.318573248975358,0.15650753405286663,-0.6921840286217469,0.24704790005918528
competitive_elysium,Competitive Elysium,Aquifer Pumping,1001,146,855,14.585414585414586,-0.13886113886113885,-0.4452054794520548,-0.08654970760233918,8.522188586372534,8.805195035469653,8.477107574853642,-0.14972648616420442,-0.4560708267551204,-0.09741505490540477
competitive_elysium,Competitive Elysium,Archaebacteria,992,860,132,86.69354838709677,-0.3649193548387097,-0.5255813953488372,0.6818181818181818,8.095538205896913,8.151678888139923,7.667038782468797,-0.3757847021417753,-0.5364467426519027,0.6709528345151162
competitive_elysium,Competitive Elysium,Arctic Algae,949,932,17,98.2086406743941,0.35721812434141204,0.3798283261802575,-0.8823529411764706,8.380451375002727,8.371062937724131,9.061473065547734,0.34635277703834644,0.3689629788771919,-0.8932182884795361
competitive_elysium,Competitive Elysium,Artificial Lake,972,83,889,8.539094650205762,0.01440329218106996,-3.108433734939759,0.3059617547806524,8.6955484399421,7.129485405766898,8.774372645286697,0.0035379448780043787,-3.119299082242825,0.2950964074775868
competitive_elysium,Competitive Elysium,Artificial Photosynthesis,926,721,205,77.86177105831534,0.11231101511879049,0.0027739251040221915,0.4975609756097561,8.433672513136889,8.332832855983828,8.789267290974552,0.10144566781572491,-0.008091422199043389,0.4866956283066905
competitive_elysium,Competitive Elysium,Asteroid,973,892,81,91.67523124357656,-0.35868448098663924,-0.28139013452914796,-1.2098765432098766,8.595614438074849,8.722841197636482,7.033342109876918,-0.36954982828970484,-0.29225548183221356,-1.2207418905129421
competitive_elysium,Competitive Elysium,Asteroid Mining,974,817,157,83.88090349075975,0.5297741273100616,0.5055079559363526,0.6560509554140127,8.41074513102756,8.320055000628198,8.894476372789175,0.518908780006996,0.49464260863328696,0.6451856081109472
competitive_elysium,Competitive Elysium,Asteroid Mining Consortium,995,877,118,88.14070351758794,0.7798994974874371,0.8175598631698974,0.5,8.446350871722013,8.542187114878823,7.724696768866735,0.7690341501843716,0.8066945158668318,0.4891346526969344
competitive_elysium,Competitive Elysium,Beam From a Thorium Asteroid,942,458,484,48.61995753715499,0.03078556263269639,0.21397379912663755,-0.14256198347107438,8.591948583772416,8.530423166767639,8.655012456814843,0.01992021532963081,0.20310845182357198,-0.15342733077413995
competitive_elysium,Competitive Elysium,Big Asteroid,957,897,60,93.73040752351098,0.13584117032392895,0.15942028985507245,-0.21666666666666667,8.57323488108259,8.616339006669063,7.95983916596451,0.12497582302086337,0.14855494255200688,-0.22753201396973224
competitive_elysium,Competitive Elysium,Biomass Combustors,963,243,720,25.233644859813083,-0.5586708203530634,-0.6419753086419753,-0.5305555555555556,8.32196671707937,8.572455373074552,8.241599404724328,-0.5695361676561289,-0.6528406559450408,-0.5414209028586211
competitive_elysium,Competitive Elysium,Birds,969,657,312,67.80185758513932,0.6615067079463365,0.8462709284627092,0.2724358974358974,8.369746668671274,8.573878487757296,7.9220159969344115,0.6506413606432709,0.8354055811596437,0.2615705501328318
competitive_elysium,Competitive Elysium,Black Polar Dust,969,172,797,17.750257997936018,-0.2724458204334365,-0.7616279069767442,-0.1668757841907152,8.301652373571018,8.087687105380517,8.348321944999793,-0.2833111677365021,-0.7724932542798097,-0.17774113149378076
competitive_elysium,Competitive Elysium,Breathing Filters,951,89,862,9.35856992639327,-0.15352260778128285,-2.269662921348315,0.06496519721577726,8.388939190151953,7.774907256014844,8.42376222216407,-0.16438795508434842,-2.2805282686513806,0.054099849912711676
competitive_elysium,Competitive Elysium,Bribed Committee,1005,816,189,81.19402985074628,0.1154228855721393,0.30637254901960786,-0.708994708994709,8.6445185027678,8.743615154303075,8.173970983774586,0.10455753826907371,0.29550720171654227,-0.7198600562977745
competitive_elysium,Competitive Elysium,Building Industries,975,879,96,90.15384615384616,0.2594871794871795,0.4379977246871445,-1.375,8.378455169682514,8.417248999784219,7.868993114216008,0.2486218321841139,0.4271323773840789,-1.3858653473030655
competitive_elysium,Competitive Elysium,Bushes,956,713,243,74.581589958159,-0.7531380753138075,-0.8751753155680224,-0.3950617283950617,8.366834338251383,8.535771606272393,7.856164099334865,-0.764003422616873,-0.886040662871088,-0.4059270756981273
competitive_elysium,Competitive Elysium,Business Contacts,946,912,34,96.40591966173362,0.46405919661733613,0.4605263157894737,0.5588235294117647,8.62034495269014,8.639923348249777,8.199006504747032,0.45319384931427054,0.4496609684864081,0.5479581821086992
competitive_elysium,Competitive Elysium,Business Network,966,919,47,95.13457556935818,0.07660455486542443,0.2089227421109902,-2.5106382978723403,8.801573767833306,8.848512475058044,7.445081073595804,0.06573920756235885,0.19805739480792464,-2.521503645175406
competitive_elysium,Competitive Elysium,CEO's Favourite Project,934,137,797,14.668094218415417,-0.36295503211991437,0.3284671532846715,-0.48180677540777916,8.460611609966266,8.662893730166793,8.425179582823048,-0.37382037942297996,0.3176018059816059,-0.49267212271084476
competitive_elysium,Competitive Elysium,Callisto Penal Mines,988,461,527,46.659919028340084,-0.2408906882591093,-0.43817787418655096,-0.0683111954459203,8.456616026894961,8.363935009704036,8.54105949707828,-0.2517560355621749,-0.44904322148961656,-0.07917654274898589
competitive_elysium,Competitive Elysium,Capital,918,253,665,27.5599128540305,-0.3333333333333333,-0.1225296442687747,-0.41353383458646614,8.361645833619841,8.117001944045201,8.457483870924072,-0.3441986806363989,-0.1333949915718403,-0.42439918188953174
competitive_elysium,Competitive Elysium,Carbonate Processing,924,390,534,42.20779220779221,-0.15367965367965367,-0.7487179487179487,0.2808988764044944,8.277825951308044,8.21925983804388,8.301073097806132,-0.16454500098271924,-0.7595832960210143,0.2700335291014288
competitive_elysium,Competitive Elysium,Caretaker Contract,913,6,907,0.6571741511500547,-0.3537787513691128,-4.666666666666667,-0.32524807056229327,8.291610208525134,6.592925501373928,8.297121220699134,-0.3646440986721784,-4.677532013969732,-0.33611341786535887
competitive_elysium,Competitive Elysium,Cartel,943,739,204,78.36691410392365,0.7221633085896076,0.7158322056833559,0.7450980392156863,8.466820893168595,8.558449189231215,8.146668181127493,0.7112979612865421,0.7049668583802904,0.7342326919126207
competitive_elysium,Competitive Elysium,Cloud Seeding,993,112,881,11.278952668680766,-0.23867069486404835,-1.25,-0.11010215664018161,8.598834495603429,9.13413556021764,8.525251268678103,-0.24953604216711392,-1.2608653473030655,-0.12096750394324719
competitive_elysium,Competitive Elysium,Colonizer Training Camp,982,513,469,52.240325865580445,-0.4816700610997963,-0.6335282651072125,-0.31556503198294245,8.42918393170027,8.301814479970272,8.57212940355273,-0.4925354084028619,-0.644393612410278,-0.32643037928600804
competitive_elysium,Competitive Elysium,Comet,1001,926,75,92.5074925074925,0.5224775224775224,0.509719222462203,0.68,8.629933038891107,8.63627876113304,8.607287923928501,0.5116121751744569,0.4988538751591374,0.6691346526969345
competitive_elysium,Competitive Elysium,Commercial District,953,716,237,75.13116474291711,0.11122770199370409,0.14385474860335196,0.012658227848101266,8.338065104605718,8.354571041529505,8.3048285998794,0.1003623546906385,0.1329894013002864,0.0017928805450356852
competitive_elysium,Competitive Elysium,Convoy From Europa,968,834,134,86.15702479338843,-0.3419421487603306,-0.3824940047961631,-0.08955223880597014,8.355209853419899,8.164352022821225,9.487199676023442,-0.3528074960633962,-0.3933593520992287,-0.10041758610903573
competitive_elysium,Competitive Elysium,Corporate Stronghold,935,570,365,60.962566844919785,0.17433155080213902,0.2596491228070175,0.0410958904109589,8.343699873396845,8.289317233223331,8.437615861905984,0.16346620349907345,0.24878377550395195,0.03023054310789332
competitive_elysium,Competitive Elysium,Cupola City,966,856,110,88.6128364389234,-0.15527950310559005,-0.1822429906542056,0.05454545454545454,8.384336993047736,8.360137250437319,8.606415746019232,-0.16614485040865562,-0.19310833795727117,0.043680107242388966
competitive_elysium,Competitive Elysium,Decomposers,991,785,206,79.21291624621594,-0.27547931382441976,-0.24968152866242038,-0.3737864077669903,8.43009245113437,8.53975266247224,8.017729879613587,-0.28634466112748536,-0.260546875965486,-0.3846517550700559
competitive_elysium,Competitive Elysium,Deep Well Heating,1007,595,412,59.08639523336643,0.025819265143992055,-0.492436974789916,0.7742718446601942,8.668590538694339,8.577701493195871,8.75456186699816,0.014953917840926475,-0.5033023220929815,0.7634064973571286
competitive_elysium,Competitive Elysium,Deimos Down,1016,960,56,94.48818897637796,0.6299212598425197,0.7364583333333333,-1.1964285714285714,8.191720582525278,8.282066254097526,6.227270357379395,0.6190559125394541,0.7255929860302678,-1.207293918731637
competitive_elysium,Competitive Elysium,Designed Microorganisms,961,762,199,79.29240374609782,0.5067637877211238,0.431758530183727,0.7939698492462312,8.494250876535295,8.612626449244775,8.039219760817756,0.49589844041805825,0.4208931828806614,0.7831045019431656
competitive_elysium,Competitive Elysium,Development Center,954,927,27,97.16981132075472,0.5660377358490566,0.6472491909385113,-2.2222222222222223,8.7829332035827,8.853233993524643,5.257473313391675,0.555172388545991,0.6363838436354458,-2.233087569525288
competitive_elysium,Competitive Elysium,Domed Crater,1046,893,153,85.37284894837477,-0.3355640535372849,-0.41881298992161253,0.1503267973856209,8.372615250975606,8.347642986644601,8.528413224588906,-0.3464294008403505,-0.42967833722467813,0.13946145008255534
competitive_elysium,Competitive Elysium,Dust Seals,938,72,866,7.67590618336887,-0.453091684434968,-0.6666666666666666,-0.4353348729792148,8.626758155862412,7.76775567130005,8.69820782503495,-0.4639570317380336,-0.6775320139697322,-0.4462002202822804
competitive_elysium,Competitive Elysium,Earth Catapult,922,920,2,99.78308026030369,2.617136659436009,2.6130434782608694,4.5,8.226823084773736,8.23262462682487,6.363961030678928,2.606271312132943,2.6021781309578036,4.489134652696935
competitive_elysium,Competitive Elysium,Earth Office,956,942,14,98.53556485355648,0.9027196652719666,0.9193205944798302,-0.21428571428571427,8.592456994539194,8.61207098172331,7.329377887636864,0.891854317968901,0.9084552471767646,-0.22515106158877984
competitive_elysium,Competitive Elysium,Ecological Zone,996,918,78,92.16867469879519,0.0642570281124498,0.17320261437908496,-1.2179487179487178,8.473777912522523,8.5487543197298,7.46532666606775,0.05339168080938421,0.1623372670760194,-1.2288140652517834
competitive_elysium,Competitive Elysium,Electro Catapult,1000,947,53,94.7,0.34,0.36958817317845827,-0.18867924528301888,8.3766681066262,8.424810092488139,7.516793004214949,0.3291346526969344,0.35872282587539267,-0.19954459258608445
competitive_elysium,Competitive Elysium,Energy Saving,1012,41,971,4.051383399209486,-0.022727272727272728,-0.3902439024390244,-0.007209062821833162,8.60672093051666,6.8624997223332835,8.67517785768299,-0.033592620030338305,-0.40110924974209,-0.018074410124898743
competitive_elysium,Competitive Elysium,Energy Tapping,940,797,143,84.7872340425532,0.023404255319148935,0.23588456712672523,-1.1608391608391608,8.35484880269235,8.531912728147708,7.20196603600765,0.012538908016083355,0.22501921982365966,-1.1717045081422264
competitive_elysium,Competitive Elysium,Eos Chasma National Park,941,244,697,25.929861849096707,-0.29861849096705634,-1.3811475409836065,0.08034433285509325,8.6203055805562,8.931277006441821,8.482698815330496,-0.30948383827012194,-1.392012888286672,0.06947898555202767
competitive_elysium,Competitive Elysium,Equatorial Magnetizer,974,20,954,2.0533880903490758,-0.25256673511293637,-0.05,-0.25681341719077566,8.222238699553671,7.12648876412944,8.246852604042973,-0.26343208241600197,-0.06086534730306559,-0.26767876449384126
competitive_elysium,Competitive Elysium,Extreme-Cold Fungus,963,235,728,24.402907580477674,-0.23883696780893043,-0.6595744680851063,-0.10302197802197802,8.35808940615078,7.495516026392674,8.618561696168218,-0.249702315111996,-0.6704398153881719,-0.1138873253250436
competitive_elysium,Competitive Elysium,Farming,981,337,644,34.35270132517839,-0.5932721712538226,-0.8041543026706232,-0.4829192546583851,8.534486797354283,8.463344313929325,8.57596301869243,-0.6041375185568881,-0.8150196499736887,-0.4937846019614507
competitive_elysium,Competitive Elysium,Fish,927,512,415,55.2319309600863,-0.5275080906148867,-0.576171875,-0.4674698795180723,8.469424651938862,8.570991591570316,8.352342210100229,-0.5383734379179522,-0.5870372223030655,-0.4783352268211379
competitive_elysium,Competitive Elysium,Flooding,952,718,234,75.4201680672269,-0.06827731092436974,-0.11420612813370473,0.07264957264957266,8.526359324962211,8.647815171992535,8.158769198723974,-0.07914265822743533,-0.1250714754367703,0.06178422534650707
competitive_elysium,Competitive Elysium,Food Factory,894,91,803,10.17897091722595,0.02796420581655481,-2.021978021978022,0.2602739726027397,8.280787738551556,6.955378449609293,8.390010294558675,0.01709885851348923,-2.0328433692810877,0.24940862529967414
competitive_elysium,Competitive Elysium,Fuel Factory,969,795,174,82.04334365325077,-0.1475748194014448,-0.013836477987421384,-0.7586206896551724,8.322272764563477,8.349636698437656,8.19201008912823,-0.15844016670451036,-0.024701825290486965,-0.7694860369582379
competitive_elysium,Competitive Elysium,Fueled Generators,967,602,365,62.25439503619442,-0.1375387797311272,-0.22425249169435216,0.005479452054794521,8.272200654419162,8.372040258655465,8.11422388363668,-0.14840412703419276,-0.23511783899741773,-0.00538589524827106
competitive_elysium,Competitive Elysium,Fusion Power,969,341,628,35.19091847265222,-0.3539731682146543,-1.3929618768328447,0.21019108280254778,8.626883984158985,8.035096380787373,8.887230304395478,-0.3648385155177199,-1.4038272241359102,0.1993257354994822
competitive_elysium,Competitive Elysium,GHG Factories,1035,561,474,54.20289855072464,-0.051207729468599035,-0.41711229946524064,0.3818565400843882,8.258064810841354,8.136381667934149,8.387784832095047,-0.06207307677166461,-0.42797764676830624,0.3709911927813226
competitive_elysium,Competitive Elysium,GHG Producing Bacteria,937,313,624,33.40448239060832,0.004268943436499467,0.04792332268370607,-0.017628205128205128,8.549502842310135,8.342100737347305,8.658197026285373,-0.006596403866566114,0.037057975380640484,-0.02849355243127071
competitive_elysium,Competitive Elysium,Ganymede Colony,935,571,364,61.06951871657754,0.07593582887700535,-0.01576182136602452,0.21978021978021978,8.46719381171402,8.844946832088345,7.847797603422941,0.06507048157393977,-0.0266271686690901,0.2089148724771542
competitive_elysium,Competitive Elysium,Gene Repair,969,548,421,56.5531475748194,-0.39525283797729616,-0.42883211678832117,-0.3515439429928741,8.390496528014701,8.603836614188271,8.114356984828254,-0.40611818528036175,-0.43969746409138677,-0.3624092902959397
competitive_elysium,Competitive Elysium,Geothermal Power,926,717,209,77.42980561555076,-0.4870410367170626,-0.43235704323570434,-0.6746411483253588,8.440657364718962,8.406067351578232,8.575982674711542,-0.4979063840201282,-0.44322239053876994,-0.6855064956284244
competitive_elysium,Competitive Elysium,Giant Ice Asteroid,973,930,43,95.58067831449127,0.5118191161356629,0.5483870967741935,-0.27906976744186046,8.721521207979666,8.78460848062409,7.264806166572771,0.5009537688325973,0.537521749471128,-0.28993511474492606
competitive_elysium,Competitive Elysium,Giant Space Mirror,981,593,388,60.44852191641183,0.15188583078491336,0.6374367622259697,-0.5902061855670103,8.240168477771201,7.90366927529919,8.687488818575915,0.14102048348184779,0.6265714149229041,-0.6010715328700759
competitive_elysium,Competitive Elysium,Grass,935,568,367,60.74866310160428,-0.1925133689839572,-0.2834507042253521,-0.051771117166212535,8.409191692319956,8.302839916671221,8.58070276663441,-0.20337871628702278,-0.2943160515284177,-0.06263646446927812
competitive_elysium,Competitive Elysium,Great Dam,968,164,804,16.94214876033058,-0.4555785123966942,-1.8658536585365855,-0.16791044776119404,8.307563110540187,7.842408223974249,8.37480745226158,-0.4664438596997598,-1.876719005839651,-0.1787757950642596
competitive_elysium,Competitive Elysium,Great Escarpment Consortium,922,685,237,74.29501084598698,0.6160520607375272,0.8905109489051095,-0.17721518987341772,8.379702639036575,8.387960280218673,8.322564020359868,0.6051867134344616,0.879645601602044,-0.1880805371764833
competitive_elysium,Competitive Elysium,Greenhouses,928,637,291,68.64224137931035,0.17672413793103448,0.1695447409733124,0.19243986254295534,8.329968073989107,8.370516651094471,8.2548258336433,0.1658587906279689,0.15867939367024683,0.18157451523988977
competitive_elysium,Competitive Elysium,Hackers,918,624,294,67.97385620915033,0.42919389978213507,0.6586538461538461,-0.05782312925170068,8.316850863860472,8.378514644927588,8.177221547790392,0.41832855247906947,0.6477884988507806,-0.06868847655476626
competitive_elysium,Competitive Elysium,Heat Trappers,914,654,260,71.55361050328227,0.18599562363238512,0.13608562691131498,0.31153846153846154,8.724729162150728,8.888357095198675,8.314235218978789,0.17513027632931955,0.1252202796082494,0.30067311423539594
competitive_elysium,Competitive Elysium,Heather,981,579,402,59.02140672782875,-0.2069317023445464,-0.5129533678756477,0.23383084577114427,8.465114056178225,8.578626055467845,8.28964740600913,-0.21779704964761196,-0.5238187151787133,0.2229654984680787
competitive_elysium,Competitive Elysium,Herbivores,981,580,401,59.123343527013255,-0.4271151885830785,-0.7586206896551724,0.05236907730673317,8.428815900569761,8.78354236066769,7.873674531211041,-0.4379805358861441,-0.7694860369582379,0.04150373000366758
competitive_elysium,Competitive Elysium,Hired Raiders,993,946,47,95.26686807653574,-0.31419939577039274,-0.24207188160676532,-1.7659574468085106,8.181162579840466,8.2724484094427,5.938865233276424,-0.32506474307345834,-0.2529372289098309,-1.7768227941115762
competitive_elysium,Competitive Elysium,House Printing,954,619,335,64.88469601677149,0.023060796645702306,-0.13570274636510501,0.3164179104477612,8.223752654693346,8.042625214361403,8.552840285576275,0.012195449342636725,-0.14656809366817058,0.3055525631446956
competitive_elysium,Competitive Elysium,Ice Asteroid,941,867,74,92.13602550478214,-0.22954303931987247,-0.18339100346020762,-0.7702702702702703,8.497209723717376,8.56316301223978,7.715040101099267,-0.24040838662293804,-0.1942563507632732,-0.7811356175733358
competitive_elysium,Competitive Elysium,Ice cap Melting,951,61,890,6.414300736067298,0.2576235541535226,0.5737704918032787,0.23595505617977527,8.174406930313042,8.155691297888126,8.179816131428904,0.24675820685045705,0.5629051445002131,0.2250897088767097
competitive_elysium,Competitive Elysium,Immigrant City,983,713,270,72.53306205493388,-0.7049847405900305,-1.0448807854137447,0.1925925925925926,8.335777035948475,8.226819990476985,8.567680513844195,-0.715850087893096,-1.0557461327168103,0.18172724528952702
competitive_elysium,Competitive Elysium,Immigration Shuttles,941,478,463,50.79702444208289,0.14133900106269925,0.3179916317991632,-0.04103671706263499,8.577320535392793,8.131990980056495,9.019245932520613,0.13047365375963368,0.3071262844960976,-0.051902064365700565
competitive_elysium,Competitive Elysium,Import of Advanced GHG,885,624,261,70.50847457627118,-0.29265536723163843,-0.2900641025641026,-0.2988505747126437,8.126628083307189,8.032088374488627,8.364000159836204,-0.30352071453470403,-0.3009294498671682,-0.3097159220157093
competitive_elysium,Competitive Elysium,Imported GHG,975,666,309,68.3076923076923,0.35794871794871796,0.13663663663663664,0.8349514563106796,8.20515162819802,8.10407546837342,8.412379275734343,0.34708337064565237,0.12577128933357107,0.824086109007614
competitive_elysium,Competitive Elysium,Imported Hydrogen,1001,938,63,93.7062937062937,-0.026973026973026972,-0.04904051172707889,0.30158730158730157,8.41571575852415,8.37614543284227,9.04938942983113,-0.03783837427609255,-0.059905859030144476,0.290721954284236
competitive_elysium,Competitive Elysium,Imported Nitrogen,954,709,245,74.31865828092243,-0.4171907756813417,-0.14104372355430184,-1.2163265306122448,8.183747494568555,8.336148871340272,7.686355457615112,-0.4280561229844073,-0.1519090708573674,-1.2271918779153104
competitive_elysium,Competitive Elysium,Indentured Workers,941,809,132,85.97236981934113,0.13496280552603612,0.2249690976514215,-0.4166666666666667,8.51880646193169,8.606572409725363,7.968489150298343,0.12409745822297054,0.21410375034835594,-0.4275320139697323
competitive_elysium,Competitive Elysium,Industrial Center,972,806,166,82.92181069958848,0.043209876543209874,-0.15508684863523572,1.0060240963855422,8.558527236051903,8.70607798997937,7.754956958598731,0.03234452924014429,-0.1659521959383013,0.9951587490824767
competitive_elysium,Competitive Elysium,Industrial Microbes,978,927,51,94.78527607361963,0.5572597137014315,0.5026968716289104,1.5490196078431373,8.456359973902591,8.498109512663593,7.6663256531149155,0.5463943663983659,0.4918315243258448,1.5381542605400718
competitive_elysium,Competitive Elysium,Insects,941,859,82,91.28586609989372,-0.36663124335812963,-0.2549476135040745,-1.5365853658536586,8.518722323352517,8.639852265572145,7.066168958628286,-0.37749659066119523,-0.2658129608071401,-1.5474507131567241
competitive_elysium,Competitive Elysium,Insulation,968,28,940,2.8925619834710745,-0.36983471074380164,-2.1785714285714284,-0.3159574468085106,8.317236384089666,5.430050619971211,8.3839671932851,-0.38070005804686724,-2.189436775874494,-0.3268227941115762
competitive_elysium,Competitive Elysium,Interstellar Colony Ship,934,360,574,38.54389721627409,-0.5192719486081371,0.2833333333333333,-1.0226480836236933,8.256028561913977,7.959000091170592,8.404759058136522,-0.5301372959112026,0.27246798603026773,-1.0335134309267588
competitive_elysium,Competitive Elysium,Invention Contest,947,923,24,97.46568109820485,0.44878563885955647,0.409534127843987,1.9583333333333333,8.373184452069419,8.37367505624542,8.389844620350438,0.43792029155649087,0.3986687805409214,1.9474679860302677
competitive_elysium,Competitive Elysium,Inventors' Guild,977,964,13,98.66939611054248,0.08904810644831115,0.13796680497925312,-3.5384615384615383,8.503570417840203,8.514763332924725,6.971553923090899,0.07818275914524557,0.12710145767618755,-3.549326885764604
competitive_elysium,Competitive Elysium,Investment Loan,926,779,147,84.12526997840173,-0.1857451403887689,-0.1822849807445443,-0.20408163265306123,8.249753597359048,8.325643751230837,7.862638177900476,-0.19661048769183448,-0.19315032804760987,-0.2149469799561268
competitive_elysium,Competitive Elysium,Io Mining Industries,987,821,166,83.18135764944276,0.5562310030395137,0.48599269183922045,0.9036144578313253,8.530319935034557,8.535227497500747,8.52321529575131,0.5453656557364481,0.47512734453615485,0.8927491105282598
competitive_elysium,Competitive Elysium,Ironworks,951,121,830,12.723449001051526,-0.3322818086225026,-0.32231404958677684,-0.3337349397590361,8.727029937195748,8.5070704671987,8.763654204044457,-0.3431471559255682,-0.33317939688984244,-0.3446002870621017
competitive_elysium,Competitive Elysium,Kelp Farming,971,881,90,90.73120494335737,0.7353244078269825,0.7480136208853575,0.6111111111111112,8.312887670074076,8.38817207196569,7.578346510302378,0.724459060523917,0.737148273582292,0.6002457638080456
competitive_elysium,Competitive Elysium,Lagrange Observatory,932,802,130,86.05150214592274,-0.032188841201716736,-0.09476309226932668,0.35384615384615387,8.53369100724009,8.544573443833407,8.48880844485003,-0.04305418850478232,-0.10562843957239226,0.34298080654308827
competitive_elysium,Competitive Elysium,Lake Marineris,941,303,638,32.19978746014878,-0.30393198724760895,-0.43564356435643564,-0.2413793103448276,8.42975198719287,8.89722314175172,8.204875411125922,-0.31479733455067455,-0.44650891165950124,-0.25224465764789317
competitive_elysium,Competitive Elysium,Land Claim,937,391,546,41.72892209178229,-0.2102454642475987,-0.35294117647058826,-0.10805860805860806,8.550727317214491,8.766675555856912,8.39928181094539,-0.22111081155066428,-0.36380652377365386,-0.11892395536167365
competitive_elysium,Competitive Elysium,Large Convoy,921,832,89,90.33659066232356,0.3811074918566775,0.5949519230769231,-1.6179775280898876,8.568726712165628,8.645616767339265,7.568633865526748,0.37024214455361193,0.5840865757738576,-1.6288428753929531
competitive_elysium,Competitive Elysium,Lava Flows,990,890,100,89.8989898989899,0.13737373737373737,0.149438202247191,0.03,8.53798490395355,8.543880299528263,8.527383105400075,0.1265083900706718,0.13857285494412544,0.01913465269693442
competitive_elysium,Competitive Elysium,Lava Tube Settlement,958,549,409,57.306889352818374,-0.8048016701461378,-1.1402550091074681,-0.3545232273838631,8.173695474754378,8.02825761749135,8.353641059505268,-0.8156670174492033,-1.1511203564105337,-0.3653885746869287
competitive_elysium,Competitive Elysium,Lichen,970,684,286,70.51546391752578,-0.23917525773195877,-0.4327485380116959,0.22377622377622378,8.303984107275035,8.372015228950275,8.134759363412398,-0.25004060503502434,-0.4436138853147615,0.2129108764731582
competitive_elysium,Competitive Elysium,Lightning Harvest,958,222,736,23.173277661795407,-0.42066805845511485,-0.0045045045045045045,-0.5461956521739131,8.577233526984621,8.37821876972506,8.638029296841768,-0.43153340575818044,-0.015369851807570084,-0.5570609994769786
competitive_elysium,Competitive Elysium,Livestock,967,165,802,17.063081695966908,-0.3929679420889349,-0.40606060606060607,-0.39027431421446385,8.181600334857716,7.873928087866302,8.2482430421854,-0.40383328939200047,-0.41692595336367166,-0.40113966151752944
competitive_elysium,Competitive Elysium,Local Heat Trapping,935,227,708,24.27807486631016,0.13475935828877006,-0.5330396475770925,0.3488700564971751,8.270650640292097,8.374662112492725,8.231518160397743,0.12389401098570448,-0.5439049948801581,0.3380047091941095
competitive_elysium,Competitive Elysium,Lunar Beam,952,474,478,49.78991596638655,-0.49264705882352944,-1.021097046413502,0.03138075313807531,8.583721941285846,8.446547392464057,8.69474518871323,-0.503512406126595,-1.0319623937165676,0.020515405835009732
competitive_elysium,Competitive Elysium,Magnetic Field Dome,936,21,915,2.2435897435897436,-0.3579059829059829,-1.380952380952381,-0.3344262295081967,8.477406367044518,6.614198292130275,8.516791598941039,-0.3687713302090485,-1.3918177282554465,-0.3452915768112623
competitive_elysium,Competitive Elysium,Magnetic Field Generators,927,27,900,2.912621359223301,-0.5566343042071198,-1.2962962962962963,-0.5344444444444445,8.221867847762999,7.779731134442662,8.237839132509563,-0.5674996515101853,-1.3071616435993618,-0.54530979174751
competitive_elysium,Competitive Elysium,Mangrove,977,529,448,54.1453428863869,-0.7318321392016377,-0.5255198487712666,-0.9754464285714286,8.127300432250316,8.574749917066402,7.5672569585232345,-0.7426974865047032,-0.5363851960743321,-0.9863117758744941
competitive_elysium,Competitive Elysium,Mars University,1018,1007,11,98.91944990176817,0.8055009823182712,0.7984111221449851,1.4545454545454546,8.510245383894599,8.519657859184841,7.941833999318248,0.7946356350152056,0.7875457748419196,1.443680107242389
competitive_elysium,Competitive Elysium,Martian Rails,946,35,911,3.699788583509514,-0.5581395348837209,-1.2285714285714286,-0.5323819978046103,8.35516520062385,6.512818646537693,8.419678332391939,-0.5690048821867865,-1.2394367758744942,-0.5432473451076758
competitive_elysium,Competitive Elysium,Martian Survey,975,759,216,77.84615384615384,-0.03282051282051282,-0.1844532279314888,0.5,8.60393335290683,8.659658123929443,8.403210903480412,-0.043685860123578404,-0.19531857523455437,0.4891346526969344
competitive_elysium,Competitive Elysium,Mass Converter,999,925,74,92.5925925925926,0.9209209209209209,0.9124324324324324,1.027027027027027,8.443656994432686,8.478002285711108,8.056262726757812,0.9100555736178554,0.9015670851293669,1.0161616797239614
competitive_elysium,Competitive Elysium,Media Archives,966,334,632,34.57556935817805,0.055900621118012424,0.005988023952095809,0.08227848101265822,8.301506284847799,7.9864728021621625,8.469365090608315,0.04503527381494685,-0.004877323350969772,0.07141313370959264
competitive_elysium,Competitive Elysium,Media Group,1003,996,7,99.30209371884347,1.3938185443668993,1.390562248995984,1.8571428571428572,8.020522682890531,8.00622065214259,10.62118278769007,1.3829531970638338,1.3796969016929184,1.8462775098397917
competitive_elysium,Competitive Elysium,Medical Lab,965,750,215,77.72020725388602,0.027979274611398965,0.032,0.013953488372093023,8.574438790992847,8.341927815533575,9.361124158553034,0.017113927308333384,0.02113465269693442,0.0030881410690274426
competitive_elysium,Competitive Elysium,Methane From Titan,989,664,325,67.13852376137513,-0.3872598584428716,-0.35240963855421686,-0.4584615384615385,8.426430816777387,8.449971319538491,8.390671118770047,-0.3981252057459372,-0.36327498585728246,-0.4693268857646041
competitive_elysium,Competitive Elysium,Micro-Mills,975,157,818,16.102564102564102,-0.08615384615384615,-0.5796178343949044,0.008557457212713936,8.321366271790016,8.11150448321508,8.362571806498813,-0.09701919345691173,-0.59048318169797,-0.0023078900903516445
competitive_elysium,Competitive Elysium,Mine,963,940,23,97.6116303219107,0.7538940809968847,0.7712765957446809,0.043478260869565216,8.343002402152633,8.369134457881863,7.320446216339828,0.7430287336938192,0.7604112484416153,0.03261291356649963
competitive_elysium,Competitive Elysium,Mineral Deposit,935,885,50,94.6524064171123,0.1679144385026738,0.2542372881355932,-1.36,8.749710147120547,8.808533797321935,7.5478338560389195,0.15704909119960822,0.24337194083252764,-1.3708653473030656
competitive_elysium,Competitive Elysium,Mining Area,957,946,11,98.85057471264368,1.0282131661442007,1.0422832980972516,-0.18181818181818182,8.056302805885547,8.071394958740076,6.838394282551743,1.0173478188411351,1.031417950794186,-0.1926835291212474
competitive_elysium,Competitive Elysium,Mining Expedition,962,274,688,28.482328482328484,-0.23180873180873182,-0.6678832116788321,-0.05813953488372093,8.4181377598131,7.9478099299292015,8.597727808107594,-0.2426740791117974,-0.6787485589818977,-0.0690048821867865
competitive_elysium,Competitive Elysium,Mining Rights,1024,1021,3,99.70703125,0.59765625,0.5925563173359452,2.3333333333333335,8.242193757873356,8.236843545684836,11.930353445448855,0.5867909026969345,0.5816909700328796,2.3224679860302677
competitive_elysium,Competitive Elysium,Miranda Resort,966,662,304,68.53002070393374,-0.16666666666666666,0.1163141993957704,-0.7828947368421053,8.827662989232657,8.808609099125123,8.85222857074709,-0.17753201396973223,0.10544885209270481,-0.7937600841451709
competitive_elysium,Competitive Elysium,Mohole Area,901,711,190,78.91231964483907,0.48834628190899,0.39662447257383965,0.8315789473684211,8.218889329935852,8.251858680828095,8.10663407415512,0.4774809346059244,0.38575912527077405,0.8207136000653555
competitive_elysium,Competitive Elysium,Moss,985,674,311,68.42639593908629,-0.5126903553299492,-0.16172106824925817,-1.2733118971061093,8.491273100808774,8.810483793241268,7.713366799462578,-0.5235557026330148,-0.17258641555232374,-1.2841772444091748
competitive_elysium,Competitive Elysium,Natural Preserve,995,987,8,99.19597989949749,1.035175879396985,1.0628166160081054,-2.375,8.502678524841565,8.51428255782305,6.435115716575289,1.0243105320939194,1.0519512687050399,-2.3858653473030658
competitive_elysium,Competitive Elysium,Nitrite Reducing Bacteria,967,170,797,17.580144777662873,-0.750775594622544,-1.3235294117647058,-0.6286072772898369,8.495823899125522,8.426924264421832,8.5107135965328,-0.7616409419256095,-1.3343947590677714,-0.6394726245929024
competitive_elysium,Competitive Elysium,Nitrogen-Rich Asteroid,969,925,44,95.45923632610939,0.6078431372549019,0.7037837837837838,-1.4090909090909092,8.431112466923574,8.503426655664462,6.485469202936748,0.5969777899518364,0.6929184364807183,-1.4199562563939747
competitive_elysium,Competitive Elysium,Nitrophilic Moss,940,701,239,74.57446808510639,-0.4053191489361702,-0.10841654778887304,-1.2761506276150627,8.387866725499682,8.518195679365107,7.946717005813992,-0.4161844962392358,-0.11928189509193862,-1.2870159749181282
competitive_elysium,Competitive Elysium,Noctis City,926,740,186,79.91360691144709,0.00755939524838013,-0.27702702702702703,1.1397849462365592,8.451127996627864,8.276040173083654,9.049523084760324,-0.0033059520546854506,-0.2878923743300926,1.1289195989334937
competitive_elysium,Competitive Elysium,Noctis Farming,983,608,375,61.85147507629705,-0.28280773143438453,-0.0625,-0.64,8.530487999513177,8.78403008385122,8.101363191555933,-0.29367307873745013,-0.07336534730306558,-0.6508653473030656
competitive_elysium,Competitive Elysium,Nuclear Power,910,343,567,37.69230769230769,-0.05384615384615385,-0.42565597667638483,0.1710758377425044,8.56929057544464,8.629111313944001,8.532664905836779,-0.06471150114921943,-0.4365213239794504,0.16021049043943883
competitive_elysium,Competitive Elysium,Nuclear Zone,972,953,19,98.04526748971193,2.0041152263374484,2.0041972717733474,2.0,8.411652915904604,8.391170780665036,9.637888196533973,1.9932498790343829,1.9933319244702818,1.9891346526969345
competitive_elysium,Competitive Elysium,Olympus Conference,955,938,17,98.21989528795811,1.1413612565445026,1.1577825159914712,0.23529411764705882,8.648015503526294,8.649504349599392,8.77873433192896,1.130495909241437,1.1469171686884057,0.22442877034399325
competitive_elysium,Competitive Elysium,Open City,976,188,788,19.262295081967213,-0.48155737704918034,-0.4521276595744681,-0.4885786802030457,8.556039584232934,9.21767923189555,8.396684861051366,-0.49242272435224593,-0.4629930068775337,-0.4994440275061113
competitive_elysium,Competitive Elysium,Optimal Aerobraking,948,933,15,98.41772151898734,0.8185654008438819,0.8295819935691319,0.13333333333333333,8.549674296083323,8.538596009929929,9.508392283110947,0.8077000535408163,0.8187166462660663,0.12246798603026775
competitive_elysium,Competitive Elysium,Ore Processor,896,145,751,16.183035714285715,-0.05022321428571429,0.4068965517241379,-0.1384820239680426,8.40701622086155,8.745234060558149,8.3432685736872,-0.06108856158877987,0.3960312044210723,-0.14934737127110817
competitive_elysium,Competitive Elysium,Permafrost extraction,955,127,828,13.298429319371728,-0.17172774869109947,-0.5905511811023622,-0.10748792270531402,8.404216562323372,8.044868551520814,8.460837556545915,-0.18259309599416504,-0.6014165284054277,-0.1183532700083796
competitive_elysium,Competitive Elysium,Peroxide Power,919,595,324,64.7442872687704,-0.28291621327529926,-0.10420168067226891,-0.6111111111111112,8.206647617924169,8.52126864693256,7.596846339330919,-0.29378156057836485,-0.1150670279753345,-0.6219764584141767
competitive_elysium,Competitive Elysium,Pets,966,553,413,57.2463768115942,-0.6283643892339544,-0.701627486437613,-0.5302663438256658,8.359635488975202,8.160501429346946,8.628085725026342,-0.63922973653702,-0.7124928337406785,-0.5411316911287314
competitive_elysium,Competitive Elysium,Phobos Space Haven,952,368,584,38.65546218487395,-0.5882352941176471,-1.127717391304348,-0.2482876712328767,8.31810943163216,7.87694827465241,8.573664080152597,-0.5991006414207126,-1.1385827386074134,-0.2591530185359423
competitive_elysium,Competitive Elysium,Physics Complex,947,138,809,14.57233368532207,-0.9334741288278775,-2.260869565217391,-0.7070457354758962,8.276332750382187,7.280916309368655,8.41759486233865,-0.944339476130943,-2.271734912520457,-0.7179110827789618
competitive_elysium,Competitive Elysium,Plantation,911,698,213,76.61909989023052,-0.5817782656421515,-0.6174785100286533,-0.4647887323943662,8.502983155844897,8.751869385238011,7.648833279970096,-0.5926436129452171,-0.6283438573317188,-0.4756540796974318
competitive_elysium,Competitive Elysium,Power Grid,951,42,909,4.416403785488959,-0.6067297581493165,-4.071428571428571,-0.44664466446644663,8.316054031972252,6.594132118574252,8.355315796265014,-0.617595105452382,-4.0822939187316365,-0.4575100117695122
competitive_elysium,Competitive Elysium,Power Infrastructure,1015,67,948,6.600985221674877,-0.27192118226600986,-1.492537313432836,-0.18565400843881857,8.539902266628387,7.632413205748467,8.59749508561137,-0.28278652956907546,-1.5034026607359015,-0.19651935574188414
competitive_elysium,Competitive Elysium,Power Plant,1005,862,143,85.77114427860697,0.014925373134328358,0.012761020881670533,0.027972027972027972,8.371050006216466,8.464646683192273,7.811100854719029,0.0040600258312627775,0.0018956735786049526,0.01710668066896239
competitive_elysium,Competitive Elysium,Power Supply Consortium,942,318,624,33.75796178343949,-0.1602972399150743,-0.8018867924528302,0.16666666666666666,8.37185680174978,8.065293263069872,8.511597853536767,-0.17116258721813987,-0.8127521397558958,0.1558013193636011
competitive_elysium,Competitive Elysium,Predators,935,335,600,35.82887700534759,-0.11229946524064172,-0.408955223880597,0.05333333333333334,8.588075528351753,8.89307291722961,8.415969133120576,-0.1231648125437073,-0.4198205711836626,0.04246798603026776
competitive_elysium,Competitive Elysium,Protected Habitats,948,884,64,93.24894514767932,-0.38396624472573837,-0.3766968325791855,-0.484375,8.469351932791444,8.55410863741466,7.2549757145732485,-0.39483159202880397,-0.3875621798822511,-0.4952403473030656
competitive_elysium,Competitive Elysium,Protected Valley,981,756,225,77.06422018348624,0.1580020387359837,0.08068783068783068,0.4177777777777778,8.4598999900006,8.43157720096298,8.568195157322705,0.14713669143291813,0.0698224833847651,0.4069124304747122
competitive_elysium,Competitive Elysium,Psychrophiles,962,947,15,98.44074844074844,1.2557172557172558,1.229144667370644,2.933333333333333,8.321898793967518,8.328945148115558,7.950441736754242,1.2448519084141902,1.2182793200675786,2.9224679860302674
competitive_elysium,Competitive Elysium,Quantum Extractor,912,789,123,86.51315789473684,0.08552631578947369,0.2458808618504436,-0.943089430894309,8.898952746595207,8.918575487252923,8.737802564482159,0.0746609684864081,0.23501551454737804,-0.9539547781973745
competitive_elysium,Competitive Elysium,Rad-Chem Factory,975,266,709,27.28205128205128,-0.5671794871794872,-1.7894736842105263,-0.10860366713681241,8.695236354485086,7.743581767494349,8.988743550581589,-0.5780448344825527,-1.8003390315135919,-0.119469014439878
competitive_elysium,Competitive Elysium,Rad-Suits,972,59,913,6.0699588477366255,-0.2551440329218107,-0.9322033898305084,-0.21139101861993428,8.494665696385134,7.847390092780158,8.536955367373343,-0.2660093802248763,-0.943068737133574,-0.22225636592299985
competitive_elysium,Competitive Elysium,Regolith Eaters,935,139,796,14.866310160427808,0.0427807486631016,-0.05755395683453238,0.06030150753768844,8.416632913696048,8.735045012180601,8.365330184240715,0.031915401360036025,-0.06841930413759796,0.049436160234622856
competitive_elysium,Competitive Elysium,Release of Inert Gases,978,223,755,22.801635991820042,-0.02965235173824131,-0.30493273542600896,0.051655629139072845,8.186049250738506,7.511931822285284,8.377767204304932,-0.04051769904130689,-0.31579808272907456,0.04079028183600726
competitive_elysium,Competitive Elysium,Research,972,939,33,96.60493827160494,0.7006172839506173,0.7252396166134185,0.0,8.708216678724437,8.696438982823274,9.148087231765993,0.6897519366475517,0.714374269310353,-0.01086534730306558
competitive_elysium,Competitive Elysium,Research Coordination,988,898,90,90.89068825910931,-0.05060728744939271,-0.12138084632516703,0.6555555555555556,8.28099896790302,8.206624393307658,9.008312155456055,-0.06147263475245829,-0.13224619362823262,0.64469020825249
competitive_elysium,Competitive Elysium,Research Outpost,981,979,2,99.79612640163099,1.8042813455657492,1.8181818181818181,-5.0,8.037566263944237,8.038737778736959,4.242640687119285,1.7934159982626836,1.8073164708787526,-5.010865347303065
competitive_elysium,Competitive Elysium,Restricted Area,994,993,1,99.89939637826961,1.6891348088531186,1.6827794561933536,8.0,8.479876223227818,8.481780492995073,,1.678269461550053,1.671914108890288,7.989134652696935
competitive_elysium,Competitive Elysium,Robotic Workforce,917,806,111,87.89531079607416,0.13522355507088332,0.09305210918114144,0.44144144144144143,8.475577055180914,8.468870369266655,8.556427339284125,0.12435820776781774,0.08218676187807586,0.43057609413837583
competitive_elysium,Competitive Elysium,Rover Construction,963,498,465,51.71339563862929,-0.14953271028037382,-0.5060240963855421,0.23225806451612904,8.538433793882529,8.311162154208215,8.76819734956082,-0.1603980575834394,-0.5168894436886077,0.22139271721306347
competitive_elysium,Competitive Elysium,SF Memorial,945,400,545,42.32804232804233,-0.33756613756613757,-0.9275,0.09541284403669725,8.522360693018276,8.134350798144137,8.77842426610782,-0.34843148486920317,-0.9383653473030655,0.08454749673363167
competitive_elysium,Competitive Elysium,Sabotage,971,931,40,95.88053553038105,0.26776519052523173,0.36305048335123524,-1.95,8.511264885369942,8.577370134632233,6.488451279003334,0.25689984322216614,0.35218513604816964,-1.9608653473030655
competitive_elysium,Competitive Elysium,Satellites,968,405,563,41.83884297520661,0.36983471074380164,0.8320987654320988,0.037300177619893425,8.14778182574825,7.885094146120992,8.322697248797551,0.35896936344073604,0.8212334181290333,0.026434830316827845
competitive_elysium,Competitive Elysium,Search For Life,961,619,342,64.4120707596254,-0.047866805411030174,-0.0016155088852988692,-0.13157894736842105,8.674543583511511,8.563393754596593,8.884247311142227,-0.05873215271409575,-0.01248085618836445,-0.14244429467148662
competitive_elysium,Competitive Elysium,Security Fleet,972,19,953,1.954732510288066,-0.4125514403292181,-1.4736842105263157,-0.391395592864638,8.542350235820301,5.719056070644988,8.589922853315095,-0.4234167876322837,-1.4845495578293812,-0.4022609401677036
competitive_elysium,Competitive Elysium,Shuttles,932,313,619,33.58369098712446,-0.012875536480686695,-0.38338658146964855,0.17447495961227788,8.371724025013,8.592258294352575,8.25867756877889,-0.023740883783752276,-0.39425192877271414,0.1636096123092123
competitive_elysium,Competitive Elysium,Small Animals,974,606,368,62.217659137577,-0.0513347022587269,0.3564356435643564,-0.7228260869565217,8.519938121605021,8.577214664831189,8.39321905179507,-0.06220004956179248,0.3455702962612908,-0.7336914342595873
competitive_elysium,Competitive Elysium,Soil Factory,947,44,903,4.646251319957761,-0.20591341077085534,-1.6363636363636365,-0.1362126245847176,8.567901088003127,7.68898610998727,8.606206562989964,-0.2167787580739209,-1.647228983666702,-0.14707797188778318
competitive_elysium,Competitive Elysium,Solar Power,1023,298,725,29.130009775171064,-0.14565004887585534,-0.7416107382550335,0.0993103448275862,8.588055359386544,8.408570268627315,8.654578328437257,-0.1565153961789209,-0.7524760855580991,0.08844499752452062
competitive_elysium,Competitive Elysium,Solar Wind Power,902,871,31,96.56319290465632,0.19623059866962306,0.2881745120551091,-2.3870967741935485,8.571321668401767,8.595285275231648,7.539573017772464,0.1853652513665575,0.2773091647520435,-2.3979621214966143
competitive_elysium,Competitive Elysium,Soletta,951,338,613,35.54153522607781,-0.15772870662460567,-1.0739644970414202,0.3474714518760196,8.312345966535263,8.017997353797355,8.434192448369206,-0.16859405392767124,-1.0848298443444857,0.336606104572954
competitive_elysium,Competitive Elysium,Space Elevator,953,892,61,93.59916054564533,1.4679958027282267,1.446188340807175,1.7868852459016393,8.301518153147724,8.371053824509676,7.2620354219698875,1.4571304554251612,1.4353229935041094,1.7760198985985738
competitive_elysium,Competitive Elysium,Space Hotels,943,814,129,86.3202545068929,0.4591728525980912,0.7125307125307125,-1.1395348837209303,8.507782009966736,8.5337570178538,8.194647820802109,0.4483075052950256,0.701665365227647,-1.1504002310239958
competitive_elysium,Competitive Elysium,Space Mirrors,990,131,859,13.232323232323232,-0.7787878787878788,-1.6564885496183206,-0.6449359720605355,8.550247280611847,7.871830001649419,8.645485062818633,-0.7896532260909443,-1.6673538969213861,-0.6558013193636011
competitive_elysium,Competitive Elysium,Space Station,961,628,333,65.34859521331946,-0.23309053069719043,-0.0031847133757961785,-0.6666666666666666,8.686423058016304,8.779415684524787,8.504428329101215,-0.243955878000256,-0.014050060678861758,-0.6775320139697322
competitive_elysium,Competitive Elysium,Special Design,961,124,837,12.903225806451612,-0.012486992715920915,-1.4435483870967742,0.19952210274790919,8.213926826590985,8.18714282468469,8.20153444395961,-0.023352340018986496,-1.4544137343998398,0.18865675544484362
competitive_elysium,Competitive Elysium,Sponsors,958,945,13,98.64300626304802,0.3883089770354906,0.4074074074074074,-1.0,8.21024343378115,8.221390310130817,7.516648189186454,0.377443629732425,0.3965420601043418,-1.0108653473030655
competitive_elysium,Competitive Elysium,Standard Technology,949,774,175,81.5595363540569,-0.11801896733403583,-0.10077519379844961,-0.19428571428571428,8.548125234021638,8.647632727606448,8.116746660742823,-0.1288843146371014,-0.1116405411015152,-0.20515106158877985
competitive_elysium,Competitive Elysium,Steelworks,1018,213,805,20.923379174852652,-0.4636542239685658,-0.023474178403755867,-0.5801242236024845,8.512074552198754,8.522689646851344,8.510754243631675,-0.4745195712716314,-0.034339525706821444,-0.59098957090555
competitive_elysium,Competitive Elysium,Strip Mine,934,722,212,77.30192719486081,0.22698072805139186,0.3033240997229917,-0.0330188679245283,8.547696084018867,8.486635656969606,8.767877841217045,0.21611538074832629,0.2924587524199261,-0.04388421522759388
competitive_elysium,Competitive Elysium,Subterranean Reservoir,959,586,373,61.105318039624606,-0.2210636079249218,-0.4129692832764505,0.08042895442359249,8.648019462351526,8.553507945681272,8.797541679381219,-0.23192895522798737,-0.4238346305795161,0.06956360712052691
competitive_elysium,Competitive Elysium,Symbiotic Fungus,937,53,884,5.656350053361793,-0.3468516542155816,-0.7735849056603774,-0.3212669683257919,8.353582655101917,8.266339319642043,8.362725377705328,-0.3577170015186472,-0.784450252963443,-0.3321323156288575
competitive_elysium,Competitive Elysium,Tardigrades,966,346,620,35.81780538302277,0.027950310559006212,-0.1329479768786127,0.11774193548387096,8.877067465040218,8.679458407110666,8.991146681090681,0.01708496325594063,-0.14381332418167828,0.10687658818080538
competitive_elysium,Competitive Elysium,Technology Demonstration,952,930,22,97.6890756302521,0.75,0.7881720430107527,-0.8636363636363636,8.573949982156996,8.592889511297221,7.735480743797527,0.7391346526969345,0.7773066957076872,-0.8745017109394292
competitive_elysium,Competitive Elysium,Tectonic Stress Power,937,272,665,29.028815368196373,-0.4535752401280683,-0.34558823529411764,-0.49774436090225566,8.465631278993015,8.347948619102022,8.519135673017136,-0.4644405874311339,-0.35645358259718324,-0.5086097082053213
competitive_elysium,Competitive Elysium,Terraforming Ganymede,950,645,305,67.89473684210526,0.14736842105263157,-0.09147286821705426,0.6524590163934426,8.438918848961636,8.616177466350058,8.041659755965565,0.136503073749566,-0.10233821552011985,0.6415936690903771
competitive_elysium,Competitive Elysium,Titanium Mine,920,902,18,98.04347826086956,0.4652173913043478,0.48004434589800443,-0.2777777777777778,8.476356860867567,8.499731718572615,7.378869318418686,0.4543520440012822,0.46917899859493883,-0.2886431250808434
competitive_elysium,Competitive Elysium,Toll Station,937,99,838,10.56563500533618,-0.2550693703308431,-0.9494949494949495,-0.1730310262529833,8.73787550826632,7.347599548837448,8.887986771059285,-0.2659347176339087,-0.960360296798015,-0.18389637355604888
competitive_elysium,Competitive Elysium,Towing a Comet,944,853,91,90.36016949152543,-0.8220338983050848,-0.8475967174677609,-0.5824175824175825,8.364324946340231,8.408593551155496,7.977838657550656,-0.8328992456081503,-0.8584620647708264,-0.593282929720648
competitive_elysium,Competitive Elysium,Trans-Neptune Probe,947,736,211,77.71911298838437,-0.06863780359028511,0.004076086956521739,-0.3222748815165877,8.576267622006537,8.668575491393337,8.26123630435913,-0.0795031508933507,-0.0067892603465438415,-0.3331402288196533
competitive_elysium,Competitive Elysium,Trees,974,598,376,61.39630390143737,-0.017453798767967144,-0.411371237458194,0.6090425531914894,8.641941233844985,8.836766755594077,8.295786762820292,-0.028319146071032725,-0.4222365847612596,0.5981772058884238
competitive_elysium,Competitive Elysium,Tropical Resort,954,25,929,2.620545073375262,-0.4916142557651992,-2.32,-0.44241119483315394,8.675473074608327,7.776674524928163,8.69683162920676,-0.5024796030682648,-2.3308653473030656,-0.45327654213621954
competitive_elysium,Competitive Elysium,Tundra Farming,981,81,900,8.256880733944953,-0.7787971457696228,-2.814814814814815,-0.5955555555555555,8.10372797686928,7.620877756385926,8.124776524502439,-0.7896624930726883,-2.8256801621178806,-0.606420902858621
competitive_elysium,Competitive Elysium,Underground City,943,392,551,41.569459172852596,-0.6436903499469777,-0.6122448979591837,-0.6660617059891107,8.268213502306669,8.131757268725346,8.371222931611062,-0.6545556972500433,-0.6231102452622492,-0.6769270532921763
competitive_elysium,Competitive Elysium,Underground Detonations,952,21,931,2.2058823529411766,-0.7048319327731093,-1.0476190476190477,-0.6970998925886144,8.4525058830227,5.064347840306691,8.51491936517235,-0.7156972800761748,-1.0584843949221132,-0.7079652398916799
competitive_elysium,Competitive Elysium,Urbanized Area,975,183,792,18.76923076923077,0.2153846153846154,-0.09836065573770492,0.2878787878787879,8.572122408003272,8.176026839498618,8.664439993441817,0.20451926808154983,-0.1092260030407705,0.2770134405757223
competitive_elysium,Competitive Elysium,Vesta Shipyard,958,803,155,83.8204592901879,0.08559498956158663,0.12702366127023662,-0.12903225806451613,8.310647148068746,8.345339582743758,8.151734479938623,0.07472964225852105,0.11615831396717104,-0.1398976053675817
competitive_elysium,Competitive Elysium,Viral Enhancers,913,902,11,98.79518072289157,0.3023001095290252,0.30598669623059865,0.0,8.450485632376012,8.460363134278738,7.962411694957753,0.2914347622259596,0.29512134892753306,-0.01086534730306558
competitive_elysium,Competitive Elysium,Virus,940,821,119,87.34042553191489,-0.052127659574468084,-0.09744214372716199,0.2605042016806723,8.591947448829712,8.677150020241827,8.006842608493411,-0.06299300687753366,-0.10830749103022758,0.24963885437760672
competitive_elysium,Competitive Elysium,Water Import From Europa,958,526,432,54.906054279749476,-0.16805845511482254,-0.3688212927756654,0.0763888888888889,8.396517576188222,8.175043167988722,8.661791604360523,-0.1789238024178881,-0.379686640078731,0.06552354158582331
competitive_elysium,Competitive Elysium,Water Splitting Plant,953,60,893,6.295907660020986,-0.19622245540398742,-0.25,-0.19260918253079506,8.52568452615608,8.581859069266153,8.52672343747311,-0.207087802707053,-0.2608653473030656,-0.20347452983386063
competitive_elysium,Competitive Elysium,Wave Power,936,116,820,12.393162393162394,-0.9102564102564102,-1.6379310344827587,-0.8073170731707318,8.372763427973736,8.477485837023941,8.357953089752407,-0.9211217575594758,-1.6487963817858242,-0.8181824204737973
competitive_elysium,Competitive Elysium,Windmills,949,77,872,8.113804004214963,-0.4320337197049526,-2.2987012987012987,-0.2672018348623853,8.11357058332989,8.080295941468284,8.100455825679527,-0.4428990670080182,-2.3095666460043645,-0.2780671821654509
competitive_elysium,Competitive Elysium,Worms,983,55,928,5.595116988809766,-0.9084435401831129,-2.4,-0.8200431034482759,8.307712408168664,7.276547818034878,8.359954062619016,-0.9193088874861784,-2.4108653473030657,-0.8309084507513415
competitive_elysium,Competitive Elysium,Zeppelins,962,30,932,3.1185031185031185,-0.6288981288981289,0.03333333333333333,-0.6502145922746781,8.392710071449484,7.350736924508544,8.426721471319057,-0.6397634762011944,0.022467986030267752,-0.6610799395777437
competitive_not_elysium,Competitive maps except Elysium,AI Central,7882,7725,157,98.00811976655672,2.3686881502156814,2.4242071197411,-0.3630573248407643,8.646584877941665,8.63416426180437,8.843477145825847,2.3547484231630214,2.41026739268844,-0.3769970518934242
competitive_not_elysium,Competitive maps except Elysium,Acquired Company,7999,7830,169,97.88723590448807,0.8857357169646206,0.9,0.22485207100591717,8.591617966395114,8.597741106052705,8.300694040582854,0.8717959899119607,0.8860602729473401,0.21091234395325728
competitive_not_elysium,Competitive maps except Elysium,Adaptation Technology,8036,2998,5038,37.30711796913887,-0.22797411647585863,-0.28919279519679786,-0.19154426359666535,8.713587951398663,8.731074099853078,8.703828633070579,-0.24191384352851852,-0.30313252224945775,-0.20548399064932524
competitive_not_elysium,Competitive maps except Elysium,Adapted Lichen,8051,3724,4327,46.25512358713203,-0.29002608371630856,-0.6216433941997852,-0.004622140050843541,8.625556344246252,8.502324586820212,8.721110522015909,-0.30396581076896845,-0.6355831212524451,-0.01856186710350343
competitive_not_elysium,Competitive maps except Elysium,Advanced Alloys,7986,7783,203,97.45805159028299,1.7922614575507136,1.8214056276500064,0.6748768472906403,8.65035252707018,8.631701161858363,9.291362397815005,1.7783217304980536,1.8074659005973464,0.6609371202379805
competitive_not_elysium,Competitive maps except Elysium,Advanced Ecosystems,7989,5605,2384,70.15896858179997,-0.2763800225309801,-0.1975022301516503,-0.46182885906040266,8.648680166170243,8.796294530747995,8.290126450781264,-0.29031974958364,-0.2114419572043102,-0.47576858611306255
competitive_not_elysium,Competitive maps except Elysium,Aerobraked Ammonia Asteroid,7982,993,6989,12.440491104986219,-0.41368078175895767,-1.0251762336354482,-0.32679925597367293,8.620861993060762,8.016513362182309,8.700377243623507,-0.42762050881161756,-1.0391159606881082,-0.3407389830263328
competitive_not_elysium,Competitive maps except Elysium,Algae,8037,6461,1576,80.39069304466841,-0.030981709593131766,-0.06763658876334933,0.11928934010152284,8.711509850585209,8.795311187621897,8.360207091080516,-0.04492143664579166,-0.08157631581600921,0.10534961304886295
competitive_not_elysium,Competitive maps except Elysium,Anti-Gravity Technology,7747,7052,695,91.02878533625919,0.5945527300890667,0.7485819625638117,-0.9683453237410072,8.587706779826503,8.62431707214811,8.04770570677305,0.5806130030364068,0.7346422355111518,-0.9822850507936671
competitive_not_elysium,Competitive maps except Elysium,Ants,7897,1025,6872,12.979612511080157,-0.44434595415980754,-1.0478048780487805,-0.35433643771827705,8.557776330345373,8.397163860458496,8.578438503408908,-0.45828568121246743,-1.0617446051014405,-0.36827616477093694
competitive_not_elysium,Competitive maps except Elysium,Aquifer Pumping,7927,1397,6530,17.623312728648923,-0.1252680711492368,-0.09162491052254831,-0.1324655436447167,8.665108427668617,8.286085966158975,8.744658280694825,-0.1392077982018967,-0.1055646375752082,-0.14640527069737658
competitive_not_elysium,Competitive maps except Elysium,Archaebacteria,7983,6432,1551,80.57121382938745,0.1122385068270074,0.022388059701492536,0.48484848484848486,8.581265352271135,8.502533544685093,8.893469657087971,0.0982987797743475,0.008448332648832645,0.470908757795825
competitive_not_elysium,Competitive maps except Elysium,Arctic Algae,7861,7630,231,97.06144256455921,0.5620150108128736,0.554259501965924,0.8181818181818182,8.63828552459079,8.64402880894287,8.4607440407638,0.5480752837602137,0.5403197749132641,0.8042420911291583
competitive_not_elysium,Competitive maps except Elysium,Artificial Lake,7961,368,7593,4.622534857429971,-0.32420550182137925,-0.9918478260869565,-0.2918477545107336,8.603188505565033,8.788612824406647,8.593372858386052,-0.33814522887403914,-1.0057875531396165,-0.30578748156339347
competitive_not_elysium,Competitive maps except Elysium,Artificial Photosynthesis,7881,6181,1700,78.42913335871083,-0.20949118132216724,-0.13314997573208218,-0.48705882352941177,8.631919942037273,8.635999553029796,8.613905128463198,-0.22343090837482713,-0.14708970278474207,-0.5009985505820717
competitive_not_elysium,Competitive maps except Elysium,Asteroid,7989,7201,788,90.13643760170234,-0.35611465765427464,-0.38369670879044576,-0.10406091370558376,8.650953138827363,8.692739994398998,8.260334254051765,-0.3700543847069345,-0.39763643584310565,-0.11800064075824365
competitive_not_elysium,Competitive maps except Elysium,Asteroid Mining,7937,6844,1093,86.22905379866448,0.05153080509008442,0.012565751022793687,0.29551692589204026,8.607654981575674,8.6378153693017,8.416120718136705,0.03759107803742453,-0.001373976029866204,0.28157719883938037
competitive_not_elysium,Competitive maps except Elysium,Asteroid Mining Consortium,7900,6982,918,88.37974683544304,1.0218987341772152,1.2103981667144086,-0.4117647058823529,8.771185168884967,8.763733569894693,8.699662996341859,1.0079590071245552,1.1964584396617486,-0.4257044329350128
competitive_not_elysium,Competitive maps except Elysium,Beam From a Thorium Asteroid,7975,4171,3804,52.30094043887147,-0.02871473354231975,-0.2658834811795732,0.231335436382755,8.652115065105571,8.501743864270571,8.807826832984873,-0.04265446059497964,-0.2798232082322331,0.2173957093300951
competitive_not_elysium,Competitive maps except Elysium,Big Asteroid,8045,7526,519,93.54878806712243,0.24748290863890615,0.25498272654796705,0.13872832369942195,8.599262899680095,8.623522556478509,8.246680806582937,0.23354318158624626,0.24104299949530716,0.12478859664676206
competitive_not_elysium,Competitive maps except Elysium,Biomass Combustors,7811,2040,5771,26.117014466777622,-0.5019843810011522,-0.5205882352941177,-0.49540807485704386,8.59854913797189,8.712427502359677,8.558683432600906,-0.5159241080538121,-0.5345279623467776,-0.5093478019097037
competitive_not_elysium,Competitive maps except Elysium,Birds,7903,5076,2827,64.22877388333544,-0.06693660635201822,-0.01024428684003152,-0.16873010258224266,8.630037589117286,8.801941873711389,8.313022291028412,-0.0808763334046781,-0.02418401389269141,-0.18266982963490255
competitive_not_elysium,Competitive maps except Elysium,Black Polar Dust,7962,2392,5570,30.042702838482793,-0.27493092187892487,-0.7813545150501672,-0.05745062836624776,8.649282990265647,8.574095785129092,8.673064825907739,-0.28887064893158476,-0.7952942421028271,-0.07139035541890765
competitive_not_elysium,Competitive maps except Elysium,Breathing Filters,7896,981,6915,12.424012158054712,-0.34929078014184395,-0.5127420998980632,-0.32610267534345627,8.696622451016534,8.634594085667025,8.705758341473203,-0.36323050719450384,-0.5266818269507231,-0.34004240239611616
competitive_not_elysium,Competitive maps except Elysium,Bribed Committee,7977,6022,1955,75.49203961388993,0.13915005641218503,0.25041514447027563,-0.20358056265984656,8.534706590118436,8.557477578988314,8.457158425052636,0.12521032935952514,0.23647541741761574,-0.21752028971250645
competitive_not_elysium,Competitive maps except Elysium,Building Industries,7845,6836,1009,87.13830465264499,0.4272785213511791,0.4094499707431246,0.5480673934588701,8.670859501055899,8.69027279144576,8.541444174304202,0.4133387942985192,0.3955102436904647,0.5341276664062102
competitive_not_elysium,Competitive maps except Elysium,Bushes,8023,6000,2023,74.78499314470896,-0.16851551788607752,-0.26816666666666666,0.12703905091448345,8.696108872724626,8.796447174060479,8.386625372899312,-0.1824552449387374,-0.28210639371932655,0.11309932386182356
competitive_not_elysium,Competitive maps except Elysium,Business Contacts,7959,7488,471,94.08217112702602,0.2662394773212715,0.29967948717948717,-0.2653927813163482,8.5870528454435,8.620003691089824,8.035006640140175,0.2522997502686116,0.2857397601268273,-0.2793325083690081
competitive_not_elysium,Competitive maps except Elysium,Business Network,7822,7386,436,94.42597801073894,0.24034773715162364,0.22028161386406717,0.5802752293577982,8.788877110070468,8.785694979034004,8.845830288180586,0.22640801009896375,0.20634188681140728,0.5663355023051383
competitive_not_elysium,Competitive maps except Elysium,CEO's Favourite Project,7915,714,7201,9.020846493998736,-0.29602021478205937,-0.5,-0.2757950284682683,8.696649875640917,8.60578917317451,8.705938834061797,-0.30995994183471925,-0.5139397270526599,-0.2897347555209282
competitive_not_elysium,Competitive maps except Elysium,Callisto Penal Mines,7887,4168,3719,52.84645619373653,-0.4104222137694941,-0.6240403071017274,-0.17101371336380747,8.701655062313618,8.689948668551839,8.709699095375209,-0.424361940822154,-0.6379800341543873,-0.18495344041646736
competitive_not_elysium,Competitive maps except Elysium,Capital,8022,2090,5932,26.053353278484167,-0.37222637746197956,-1.0354066985645933,-0.13857046527309508,8.51131042736581,8.150022830755823,8.623526878736032,-0.38616610451463945,-1.0493464256172533,-0.15251019232575497
competitive_not_elysium,Competitive maps except Elysium,Carbonate Processing,7876,3741,4135,47.49873031995937,-0.3430675469781615,-0.8005880780539962,0.07085852478839177,8.490510344098661,8.447846270259857,8.508771171765526,-0.3570072740308214,-0.8145278051066561,0.056918797735731885
competitive_not_elysium,Competitive maps except Elysium,Caretaker Contract,8072,53,8019,0.6565906838453914,-0.4741080277502478,-3.6792452830188678,-0.45292430477615664,8.518701784101708,6.259680456656591,8.527924132700884,-0.4880477548029077,-3.6931850100715278,-0.46686403182881653
competitive_not_elysium,Competitive maps except Elysium,Cartel,7852,5969,1883,76.01884870096791,0.5036933265410086,0.66191991958452,0.002124269782262347,8.62185459320425,8.60956582680914,8.643856476347734,0.48975359948834873,0.6479801925318601,-0.011815457270397544
competitive_not_elysium,Competitive maps except Elysium,Cloud Seeding,7980,1237,6743,15.50125313283208,-0.32606516290726817,-1.1487469684721099,-0.17514459439418656,8.557316748803636,8.242709368457,8.605843308119601,-0.34000488995992806,-1.1626866955247699,-0.18908432144684645
competitive_not_elysium,Competitive maps except Elysium,Colonizer Training Camp,8020,5307,2713,66.17206982543641,-0.49301745635910227,-0.5758432259280196,-0.3309988942130483,8.610284591430421,8.453863872824188,8.9076870740511,-0.5069571834117622,-0.5897829529806795,-0.3449386212657082
competitive_not_elysium,Competitive maps except Elysium,Comet,7849,7258,591,92.47037839215187,0.053637406038985855,0.04395150179112703,0.17258883248730963,8.651895924606432,8.688244775636427,8.198428532665941,0.039697678986325965,0.03001177473846714,0.15864910543464975
competitive_not_elysium,Competitive maps except Elysium,Commercial District,7938,5090,2848,64.12194507432602,0.06046863189720333,-0.0037328094302554026,0.17521067415730338,8.597849477059587,8.592370603921298,8.607949411512653,0.04652890484454344,-0.017672536482915294,0.1612709471046435
competitive_not_elysium,Competitive maps except Elysium,Convoy From Europa,7940,6969,971,87.77078085642317,0.0,-0.01994547280815038,0.1431513903192585,8.64245490029396,8.681176996142757,8.36223111578234,-0.013939727052659891,-0.03388519986081027,0.1292116632665986
competitive_not_elysium,Competitive maps except Elysium,Corporate Stronghold,7905,3813,4092,48.23529411764706,0.04528779253636939,0.18332022029897718,-0.08333333333333333,8.663626519239063,8.570717784929167,8.74839906901117,0.0313480654837095,0.1693804932463173,-0.09727306038599322
competitive_not_elysium,Competitive maps except Elysium,Cupola City,7838,6714,1124,85.6596070426129,-0.08701199285532024,-0.1337503723562705,0.19217081850533807,8.70741909838768,8.70305514182646,8.73211139757528,-0.10095171990798013,-0.14769009940893038,0.17823109145267818
competitive_not_elysium,Competitive maps except Elysium,Decomposers,7908,6124,1784,77.4405665149216,-0.30500758725341426,-0.31694970607446116,-0.2640134529147982,8.601474881688857,8.722365902169322,8.175125043034662,-0.31894731430607415,-0.33088943312712105,-0.2779531799674581
competitive_not_elysium,Competitive maps except Elysium,Deep Well Heating,7956,5015,2941,63.034188034188034,-0.012443438914027148,-0.054835493519441676,0.059843590615436926,8.495244117055464,8.401710277569052,8.653367625846299,-0.02638316596668704,-0.06877522057210157,0.045903863562777036
competitive_not_elysium,Competitive maps except Elysium,Deimos Down,7919,7536,383,95.16353074883192,0.6950372521783054,0.7194798301486199,0.21409921671018275,8.583722229632377,8.626197197127702,7.694841520916146,0.6810975251256455,0.70554010309596,0.20015948965752287
competitive_not_elysium,Competitive maps except Elysium,Designed Microorganisms,7969,6333,1636,79.47044798594554,0.33542477098757684,0.27869887888836253,0.5550122249388753,8.533983048088036,8.492584336042533,8.691521014952865,0.32148504393491695,0.26475915183570264,0.5410724978862154
competitive_not_elysium,Competitive maps except Elysium,Development Center,7897,7618,279,96.46701278966697,1.3264530834494113,1.3755578892097664,-0.014336917562724014,8.674328338930273,8.694881377796317,7.991439361337502,1.3125133563967513,1.3616181621571064,-0.028276644615383907
competitive_not_elysium,Competitive maps except Elysium,Domed Crater,7819,6395,1424,81.78795242358358,-0.14119452615423966,-0.28897576231430805,0.5224719101123596,8.641891412702378,8.541586915584155,9.052097239895932,-0.15513425320689955,-0.30291548936696794,0.5085321830596997
competitive_not_elysium,Competitive maps except Elysium,Dust Seals,8005,1089,6916,13.603997501561524,-0.37763897564022486,-0.9054178145087236,-0.29453441295546556,8.564082141164905,8.316203732314774,8.60009781007462,-0.39157870269288475,-0.9193575415613835,-0.30847414000812545
competitive_not_elysium,Competitive maps except Elysium,Earth Catapult,7817,7781,36,99.53946526800563,2.755404886785212,2.755686929700553,2.6944444444444446,8.578125030317771,8.570084280956298,10.311767049470216,2.741465159732552,2.741747202647893,2.6805047173917846
competitive_not_elysium,Competitive maps except Elysium,Earth Office,7798,7661,137,98.24313926647858,0.8262374967940498,0.8566766740634382,-0.8759124087591241,8.664448210614923,8.665262053021562,8.476997643688177,0.8122977697413899,0.8427369470107783,-0.889852135811784
competitive_not_elysium,Competitive maps except Elysium,Ecological Zone,8106,7377,729,91.00666173205033,-0.1461880088823094,-0.11820523247932764,-0.42935528120713307,8.59895240028779,8.693900773601927,7.570965704528804,-0.1601277359349693,-0.13214495953198754,-0.44329500825979296
competitive_not_elysium,Competitive maps except Elysium,Electro Catapult,7869,7428,441,94.395730080061,0.9392553056296861,0.979536887452881,0.26077097505668934,8.504962545769553,8.512758936488838,8.352872578540717,0.9253155785770262,0.9655971604002211,0.24683124800402945
competitive_not_elysium,Competitive maps except Elysium,Energy Saving,8066,224,7842,2.777089015621126,-0.34031738160178526,-1.3035714285714286,-0.31280285641418004,8.605083841635425,7.889755275594829,8.623527154433038,-0.35425710865444515,-1.3175111556240886,-0.32674258346683993
competitive_not_elysium,Competitive maps except Elysium,Energy Tapping,7975,6615,1360,82.94670846394985,0.37692789968652035,0.49523809523809526,-0.19852941176470587,8.533450863426705,8.64072746660266,7.9691456633688675,0.36298817263386046,0.48129836818543537,-0.21246913881736576
competitive_not_elysium,Competitive maps except Elysium,Eos Chasma National Park,7987,2251,5736,28.183297859020907,-0.15174658820583448,-0.6312749888938249,0.03643654114365411,8.566047538985357,8.554192168905823,8.564106527902116,-0.16568631525849437,-0.6452147159464848,0.022496814090994223
competitive_not_elysium,Competitive maps except Elysium,Equatorial Magnetizer,7808,216,7592,2.7663934426229506,-0.5137038934426229,-1.4351851851851851,-0.4874868282402529,8.466909297543266,8.08992844783737,8.476433744660698,-0.5276436204952828,-1.4491249122378451,-0.5014265552929128
competitive_not_elysium,Competitive maps except Elysium,Extreme-Cold Fungus,7951,2053,5898,25.82065149037857,-0.24034712614765438,-0.5056015586945932,-0.14801627670396744,8.634534264657162,8.385136808037792,8.718476554944159,-0.2542868532003143,-0.5195412857472531,-0.16195600375662733
competitive_not_elysium,Competitive maps except Elysium,Farming,7898,2774,5124,35.122815902760195,-0.40820460876171183,-0.44953136265320837,-0.38583138173302106,8.499804080762098,8.575757190608444,8.459156690046386,-0.4221443358143717,-0.46347108970586826,-0.39977110878568095
competitive_not_elysium,Competitive maps except Elysium,Fish,8037,4472,3565,55.642652731118574,-0.23541122309319398,-0.3065742397137746,-0.1461430575035063,8.56170035898662,8.6575636237458,8.440271089068755,-0.24935095014585387,-0.3205139667664345,-0.1600827845561662
competitive_not_elysium,Competitive maps except Elysium,Flooding,7979,6219,1760,77.94209800726908,-0.10239378368216569,-0.05804791767165139,-0.2590909090909091,8.70016225704518,8.803545850412874,8.325111315931908,-0.11633351073482558,-0.07198764472431128,-0.273030636143569
competitive_not_elysium,Competitive maps except Elysium,Food Factory,7957,788,7169,9.903229860500188,-0.45180344350886015,-0.8020304568527918,-0.4133072952992049,8.629887490408395,7.936622906849367,8.702376542611866,-0.46574317056152004,-0.8159701839054517,-0.4272470223518648
competitive_not_elysium,Competitive maps except Elysium,Fuel Factory,7952,6686,1266,84.079476861167,0.3533702213279678,0.42536643733173796,-0.026856240126382307,8.620880823621269,8.606395648074372,8.690510334370869,0.3394304942753079,0.41142671027907807,-0.0407959671790422
competitive_not_elysium,Competitive maps except Elysium,Fueled Generators,7969,5046,2923,63.320366419877026,-0.3228761450621157,-0.4215219976218787,-0.152582962709545,8.665731913591452,8.814961858629328,8.400644266520192,-0.3368158721147756,-0.4354617246745386,-0.16652268976220488
competitive_not_elysium,Competitive maps except Elysium,Fusion Power,7828,3305,4523,42.22023505365355,-0.3331630045988758,-0.5419062027231467,-0.18063232367897414,8.620730470938206,8.44789696151138,8.742639836048648,-0.3471027316515357,-0.5558459297758066,-0.19457205073163403
competitive_not_elysium,Competitive maps except Elysium,GHG Factories,7973,4984,2989,62.51097453906936,-0.27969396713909445,-0.5323033707865169,0.1415189026430244,8.580791937380496,8.671066657637729,8.412697133517995,-0.29363369419175434,-0.5462430978391768,0.12757917559036452
competitive_not_elysium,Competitive maps except Elysium,GHG Producing Bacteria,7919,2366,5553,29.877509786589215,-0.23348907690364945,-0.3389687235841082,-0.18854673149648837,8.598222872306795,8.61200664109918,8.592726042713283,-0.24742880395630934,-0.35290845063676807,-0.20248645854914826
competitive_not_elysium,Competitive maps except Elysium,Ganymede Colony,8074,5415,2659,67.06712905622987,-0.3155808768887788,-0.42437673130193904,-0.0940203083866115,8.661433259139354,8.647178415292101,8.68780691892583,-0.3295206039414387,-0.4383164583545989,-0.10796003543927139
competitive_not_elysium,Competitive maps except Elysium,Gene Repair,7857,4774,3083,60.76110474735904,-0.145475372279496,-0.0961457896941768,-0.22186182289977294,8.62074832225294,8.623620341745148,8.617140429783621,-0.1594150993321559,-0.11008551674683668,-0.23580154995243283
competitive_not_elysium,Competitive maps except Elysium,Geothermal Power,7957,6330,1627,79.55259519919568,0.03719994972979766,-0.009162717219589257,0.2175783650891211,8.579113013148156,8.633342206562718,8.36494535171891,0.023260222677137773,-0.023102444272249147,0.2036386380364612
competitive_not_elysium,Competitive maps except Elysium,Giant Ice Asteroid,7926,7577,349,95.59677012364371,0.8858188241231391,0.9394219348026923,-0.27793696275071633,8.489070100530078,8.532511235049771,7.3995262574772545,0.8718790970704792,0.9254822077500324,-0.2918766898033762
competitive_not_elysium,Competitive maps except Elysium,Giant Space Mirror,8152,5241,2911,64.2909715407262,0.20841511285574094,0.16180118298034726,0.2923394022672621,8.590700511999453,8.529683157678717,8.700322290682251,0.19447538580308105,0.14786145592768737,0.27839967521460224
competitive_not_elysium,Competitive maps except Elysium,Grass,8029,5017,3012,62.485988292439906,-0.17374517374517376,-0.29758820011959336,0.03253652058432935,8.548992905971785,8.557907411849055,8.531552226950843,-0.18768490079783365,-0.31152792717225325,0.01859679353166946
competitive_not_elysium,Competitive maps except Elysium,Great Dam,7932,1864,6068,23.49974785678265,-0.5436207766011094,-1.2167381974248928,-0.33684904416611733,8.621299618547052,8.276308522081488,8.714767353577836,-0.5575605036537693,-1.2306779244775528,-0.3507887712187772
competitive_not_elysium,Competitive maps except Elysium,Great Escarpment Consortium,7970,5573,2397,69.92471769134254,0.2260978670012547,0.47658352772294993,-0.35627868168544014,8.616220084443311,8.550724814791183,8.740693548489995,0.2121581399485948,0.46264380067029004,-0.3702184087381
competitive_not_elysium,Competitive maps except Elysium,Greenhouses,7737,5453,2284,70.47951402352334,-0.20692774977381415,-0.2510544654318724,-0.10157618213660245,8.642486235989763,8.65454755626617,8.614599001416721,-0.22086747682647404,-0.26499419248453226,-0.11551590918926234
competitive_not_elysium,Competitive maps except Elysium,Hackers,7985,4649,3336,58.22166562304321,0.3696931747025673,0.7365024736502473,-0.14148681055155876,8.572459234852104,8.654665246892103,8.431276431033302,0.3557534476499074,0.7225627465975875,-0.15542653760421865
competitive_not_elysium,Competitive maps except Elysium,Heat Trappers,7748,5721,2027,73.83840991223542,-0.014842540010325245,0.026044397832546758,-0.1302417365564874,8.714223494962846,8.941780608574259,8.038272720092356,-0.028782267062985138,0.012104670779886867,-0.1441814636091473
competitive_not_elysium,Competitive maps except Elysium,Heather,7827,4756,3071,60.764021975214,-0.3868659767471573,-0.6877628259041211,0.07912732009117551,8.617259689536695,8.697163778557654,8.472368809529975,-0.40080570379981717,-0.701702552956781,0.06518759303851562
competitive_not_elysium,Competitive maps except Elysium,Herbivores,7896,4504,3392,57.041540020263426,-0.3078774062816616,-0.2635435168738899,-0.36674528301886794,8.642769989270732,8.807414328646335,8.42010640905556,-0.3218171333343215,-0.27748324392654977,-0.38068501007152783
competitive_not_elysium,Competitive maps except Elysium,Hired Raiders,7928,7515,413,94.79061553985873,-0.1165489404641776,-0.07544910179640718,-0.864406779661017,8.521541273245704,8.580904175580368,7.3270357818623895,-0.1304886675168375,-0.08938882884906707,-0.8783465067136769
competitive_not_elysium,Competitive maps except Elysium,House Printing,7794,5069,2725,65.03720810880164,-0.21362586605080833,-0.258039060958769,-0.1310091743119266,8.637912910529614,8.586811036599602,8.733159370250036,-0.22756559310346822,-0.2719787880114289,-0.1449489013645865
competitive_not_elysium,Competitive maps except Elysium,Ice Asteroid,8008,7481,527,93.41908091908093,0.3055694305694306,0.2898008287662077,0.5294117647058824,8.501127773635618,8.524169097174452,8.171555752583467,0.2916297035167707,0.27586110171354783,0.5154720376532225
competitive_not_elysium,Competitive maps except Elysium,Ice cap Melting,7753,496,7257,6.397523539275119,-0.418547658970721,-0.6814516129032258,-0.4005787515502274,8.758033411218682,9.25330073293955,8.723538643040516,-0.4324873860233809,-0.6953913399558856,-0.41451847860288726
competitive_not_elysium,Competitive maps except Elysium,Immigrant City,7913,5672,2241,71.67951472260836,-0.8577025148489826,-1.3101198871650213,0.28737170905845605,8.574318040368945,8.396637812804661,8.908185757537195,-0.8716422419016425,-1.3240596142176813,0.27343198200579616
competitive_not_elysium,Competitive maps except Elysium,Immigration Shuttles,8116,3759,4357,46.31591917200591,-0.09216362740266142,-0.041500399042298484,-0.13587330732155153,8.679584630261743,8.524102975842986,8.812264532957538,-0.1061033544553213,-0.055440126094958374,-0.14981303437421142
competitive_not_elysium,Competitive maps except Elysium,Import of Advanced GHG,8014,5288,2726,65.98452707761417,-0.259920139755428,-0.3859682299546142,-0.015407190022010272,8.620669051726766,8.607042906845338,8.643380091845845,-0.2738598668080879,-0.3999079570072741,-0.029346917074670163
competitive_not_elysium,Competitive maps except Elysium,Imported GHG,7939,4988,2951,62.82907167149515,-0.18138304572364278,-0.3444266238973536,0.0942053541172484,8.594360919157253,8.522823191374005,8.70845704116495,-0.19532277277630267,-0.3583663509500135,0.08026562706458851
competitive_not_elysium,Competitive maps except Elysium,Imported Hydrogen,8017,7550,467,94.1748783834352,-0.05712860172134215,-0.05152317880794702,-0.14775160599571735,8.59200699598838,8.64659885019392,7.663357596700432,-0.07106832877400204,-0.06546290586060691,-0.16169133304837724
competitive_not_elysium,Competitive maps except Elysium,Imported Nitrogen,7954,5890,2064,74.0507920543123,-0.3443550414885592,-0.34074702886247876,-0.3546511627906977,8.655598060629316,8.80784010570935,8.207689292573797,-0.3582947685412191,-0.35468675591513865,-0.3685908898433576
competitive_not_elysium,Competitive maps except Elysium,Indentured Workers,7919,6618,1301,83.57115797449173,-0.14799848465715368,-0.028709579933514657,-0.754803996925442,8.686220995497386,8.841069355953493,7.826423806322311,-0.16193821170981357,-0.04264930698617455,-0.7687437239781019
competitive_not_elysium,Competitive maps except Elysium,Industrial Center,7911,6199,1712,78.35924661863228,-0.19769940589053217,-0.2368123890950153,-0.056074766355140186,8.656609600538184,8.61630900109349,8.802084419945341,-0.21163913294319206,-0.25075211614767523,-0.07001449340780008
competitive_not_elysium,Competitive maps except Elysium,Industrial Microbes,7971,7097,874,89.0352527913687,0.3897879814326935,0.40481893757925885,0.26773455377574373,8.623884494929948,8.56104114451408,9.12239230510148,0.3758482543800336,0.39087921052659896,0.25379482672308384
competitive_not_elysium,Competitive maps except Elysium,Insects,7974,7064,910,88.58791070980688,-0.059944820667168296,-0.025056625141562854,-0.33076923076923076,8.566202496266293,8.651614119297447,7.870894320560584,-0.07388454771982819,-0.03899635219422275,-0.34470895782189065
competitive_not_elysium,Competitive maps except Elysium,Insulation,7900,254,7646,3.2151898734177213,-0.3862025316455696,-0.6535433070866141,-0.37732147528119275,8.74455464058946,7.803797547992505,8.774393653249565,-0.4001422586982295,-0.667483034139274,-0.39126120233385264
competitive_not_elysium,Competitive maps except Elysium,Interstellar Colony Ship,7786,3039,4747,39.03159517081942,-0.4126637554585153,-0.035538005923000986,-0.6540973246260796,8.67283840832952,8.698788098519026,8.648470652579963,-0.4266034825111752,-0.049477732975660875,-0.6680370516787395
competitive_not_elysium,Competitive maps except Elysium,Invention Contest,8068,7703,365,95.4759543877045,0.19050570153693605,0.1942100480332338,0.11232876712328767,8.673278409331665,8.695783636166395,8.194811163260892,0.17656597448427616,0.1802703209805739,0.09838904007062778
competitive_not_elysium,Competitive maps except Elysium,Inventors' Guild,7882,7621,261,96.68865770109109,0.6394316163410302,0.6962340900144338,-1.0191570881226053,8.624549438688572,8.64299043828716,7.904454492577488,0.6254918892883703,0.6822943629617739,-1.0330968151752653
competitive_not_elysium,Competitive maps except Elysium,Investment Loan,7939,6486,1453,81.69794684469076,-0.06373598690011337,0.08526056120875733,-0.7288368891947694,8.642633034471308,8.759705276545736,8.068796892233369,-0.07767571395277326,0.07132083415609744,-0.7427766162474293
competitive_not_elysium,Competitive maps except Elysium,Io Mining Industries,7959,6838,1121,85.91531599447167,0.5099886920467396,0.40933021351272303,1.1239964317573594,8.663815174483194,8.673234351171283,8.584442140955685,0.4960489649940797,0.39539048646006314,1.1100567047046994
competitive_not_elysium,Competitive maps except Elysium,Ironworks,7954,1149,6805,14.44556198139301,-0.3474981141563993,-0.11575282854656223,-0.3866274797942689,8.582068181997661,8.63192381657125,8.57364081007888,-0.3614378412090592,-0.12969255559922213,-0.4005672068469288
competitive_not_elysium,Competitive maps except Elysium,Kelp Farming,8002,7273,729,90.8897775556111,0.85616095976006,0.9643888354186718,-0.22359396433470508,8.59508264808254,8.667474073112773,7.759481454987387,0.8422212327074001,0.9504491083660119,-0.23753369138736496
competitive_not_elysium,Competitive maps except Elysium,Lagrange Observatory,8012,6837,1175,85.33449825262107,-0.16213180229655516,-0.08117595436594997,-0.6331914893617021,8.670707856533038,8.718334387803726,8.376312505250594,-0.17607152934921505,-0.09511568141860986,-0.647131216414362
competitive_not_elysium,Competitive maps except Elysium,Lake Marineris,7998,2479,5519,30.99524881220305,-0.398849712428107,-0.4647035094796289,-0.36926979525276316,8.55144030859282,8.830816373339706,8.423583845273122,-0.4127894394807669,-0.4786432365322888,-0.38320952230542304
competitive_not_elysium,Competitive maps except Elysium,Land Claim,7868,702,7166,8.922216573462125,-0.24453482460599898,-0.5555555555555556,-0.2140664247837008,8.611980172474663,8.538687098475274,8.619114269411158,-0.2584745516586589,-0.5694952826082155,-0.2280061518363607
competitive_not_elysium,Competitive maps except Elysium,Large Convoy,8005,7275,730,90.88069956277327,0.1184259837601499,0.13814432989690723,-0.07808219178082192,8.633275728020413,8.686234443841014,8.089566288542263,0.10448625670749001,0.12420460284424734,-0.0920219188334818
competitive_not_elysium,Competitive maps except Elysium,Lava Flows,8116,6576,1540,81.02513553474618,0.21747166091670775,0.21806569343065693,0.21493506493506492,8.56742431530372,8.535778368980354,8.704067465508514,0.20353193386404786,0.20412596637799704,0.20099533788240503
competitive_not_elysium,Competitive maps except Elysium,Lava Tube Settlement,7802,4226,3576,54.16559856447065,-0.46218918226095873,-0.8814481779460482,0.03327740492170023,8.661721866357638,8.603145228312956,8.705645463372264,-0.4761289093136186,-0.8953879049987081,0.019337677869040337
competitive_not_elysium,Competitive maps except Elysium,Lichen,7875,5317,2558,67.51746031746032,-0.2981587301587302,-0.4669926650366748,0.0527756059421423,8.698415004134302,8.760412027340516,8.559161142170698,-0.31209845721139007,-0.4809323920893347,0.03883587888948241
competitive_not_elysium,Competitive maps except Elysium,Lightning Harvest,7898,2065,5833,26.14585971131932,-0.22625981261078754,-0.5980629539951574,-0.09463397908451912,8.59778039650906,8.253974619613794,8.713132816500284,-0.24019953966344743,-0.6120026810478173,-0.10857370613717901
competitive_not_elysium,Competitive maps except Elysium,Livestock,8005,1622,6383,20.262336039975015,-0.4457214241099313,-1.1713933415536375,-0.2613191289362369,8.788108034351607,8.708110362729714,8.79946616437378,-0.4596611511625912,-1.1853330686062975,-0.27525885598889677
competitive_not_elysium,Competitive maps except Elysium,Local Heat Trapping,7881,1772,6109,22.48445628727319,-0.3173455145286131,-0.3888261851015801,-0.29661155671959405,8.51762370394171,8.57725047580587,8.500843017050006,-0.331285241581273,-0.40276591215424,-0.31055128377225394
competitive_not_elysium,Competitive maps except Elysium,Lunar Beam,7829,4243,3586,54.19593817856687,-0.25482181632392387,-0.5321706339853877,0.07334076965978807,8.6444312673641,8.726910786668324,8.53539208806214,-0.26876154337658376,-0.5461103610380476,0.05940104260712818
competitive_not_elysium,Competitive maps except Elysium,Magnetic Field Dome,7854,236,7618,3.004838298955946,-0.32620320855614976,-1.1144067796610169,-0.3017852454712523,8.65885166363889,7.4021017765511665,8.69416162337053,-0.34014293560880965,-1.1283465067136769,-0.3157249725239122
competitive_not_elysium,Competitive maps except Elysium,Magnetic Field Generators,8102,311,7791,3.838558380646754,-0.2746235497408047,-0.77491961414791,-0.2546528045180336,8.510991626832862,7.998839507157223,8.530672355623755,-0.2885632767934646,-0.7888593412005699,-0.2685925315706935
competitive_not_elysium,Competitive maps except Elysium,Mangrove,7940,3787,4153,47.695214105793454,-0.19370277078085643,0.01637179825719567,-0.3852636648206116,8.645195113836888,8.861423381109743,8.439709935184375,-0.20764249783351632,0.00243207120453578,-0.3992033918732715
competitive_not_elysium,Competitive maps except Elysium,Mars University,8126,8041,85,98.9539748953975,0.8814915087373861,0.9027484143763214,-1.1294117647058823,8.644207496337838,8.650007543637194,7.866124227606989,0.8675517816847262,0.8888086873236615,-1.1433514917585423
competitive_not_elysium,Competitive maps except Elysium,Martian Rails,7927,438,7489,5.5254194525041,-0.3474202094108742,-0.6255707762557078,-0.3311523567899586,8.70301780376597,7.4892132357718495,8.768971665472899,-0.3613599364635341,-0.6395105033083677,-0.34509208384261847
competitive_not_elysium,Competitive maps except Elysium,Martian Survey,7933,5682,2251,71.6248581873188,-0.1839152905584268,-0.22175290390707497,-0.08840515326521546,8.72448132158556,8.655248326571986,8.898074882292741,-0.1978550176110867,-0.23569263095973486,-0.10234488031787535
competitive_not_elysium,Competitive maps except Elysium,Mass Converter,7920,7362,558,92.95454545454545,0.7311868686868687,0.837000814995925,-0.6648745519713262,8.669520636086638,8.702594142799656,8.099508101873441,0.7172471416342088,0.8230610879432652,-0.6788142790239861
competitive_not_elysium,Competitive maps except Elysium,Media Archives,7964,2959,5005,37.15469613259668,-0.21421396283274735,-0.00777289624873268,-0.3362637362637363,8.582964525303774,8.532418812914727,8.611230515645179,-0.22815368988540724,-0.02171262330139257,-0.3502034633163962
competitive_not_elysium,Competitive maps except Elysium,Media Group,7827,7739,88,98.87568672543759,1.1712022486265492,1.1958909419821682,-1.0,8.639769427841896,8.64626807245556,7.79035654976162,1.1572625215738892,1.1819512149295082,-1.01393972705266
competitive_not_elysium,Competitive maps except Elysium,Medical Lab,7881,6527,1354,82.81943915746733,0.01573404390305799,0.05576834686686073,-0.17725258493353027,8.61529781663756,8.646527776329842,8.463628516868903,0.001794316850398098,0.04182861981420084,-0.19119231198619016
competitive_not_elysium,Competitive maps except Elysium,Methane From Titan,7918,5533,2385,69.87875726193484,0.11303359434200556,0.013193565877462498,0.34465408805031444,8.660041347860558,8.682830575046076,8.60429243440863,0.09909386728934567,-0.0007461611751973934,0.33071436099765456
competitive_not_elysium,Competitive maps except Elysium,Micro-Mills,7976,910,7066,11.409227683049147,-0.36321464393179537,-1.2527472527472527,-0.2486555335409001,8.508588817101167,7.96111756503717,8.570378983887997,-0.37715437098445526,-1.2666869797999127,-0.26259526059356
competitive_not_elysium,Competitive maps except Elysium,Mine,8049,7895,154,98.08671884706175,0.6065349732886073,0.6119062697910069,0.33116883116883117,8.751305613047283,8.758136257108559,8.416491122071658,0.5925952462359474,0.597966542738347,0.3172291041161713
competitive_not_elysium,Competitive maps except Elysium,Mineral Deposit,7950,7365,585,92.64150943396227,-0.052830188679245285,-0.002443991853360489,-0.6871794871794872,8.684238794333401,8.672929814711134,8.808245849318936,-0.06676991573190517,-0.01638371890602038,-0.7011192142321471
competitive_not_elysium,Competitive maps except Elysium,Mining Area,7966,7834,132,98.3429575696711,1.1501380868691942,1.173346949195813,-0.22727272727272727,8.506992322430934,8.510134651335557,8.232861828018887,1.1361983598165342,1.159407222143153,-0.24121245432538715
competitive_not_elysium,Competitive maps except Elysium,Mining Expedition,7991,1943,6048,24.31485421098736,-0.39857339506945316,-1.036026762738034,-0.19378306878306878,8.678440939391772,8.414514644816496,8.752375814322406,-0.41251312212211305,-1.049966489790694,-0.20772279583572867
competitive_not_elysium,Competitive maps except Elysium,Mining Rights,8083,8061,22,99.72782382778671,1.2433502412470618,1.2433941198362486,1.2272727272727273,8.565152215608824,8.567846731240873,7.690017141486985,1.2294105141944018,1.2294543927835886,1.2133330002200673
competitive_not_elysium,Competitive maps except Elysium,Miranda Resort,8042,5807,2235,72.20840586918676,0.12534195473762746,0.258136731530911,-0.2196868008948546,8.693839475969703,8.740351237723392,8.564127829980968,0.11140222768496758,0.2441970044782511,-0.23362652794751448
competitive_not_elysium,Competitive maps except Elysium,Mohole Area,8070,6732,1338,83.42007434944237,0.5762081784386617,0.5952168746286394,0.48056801195814647,8.577023262293332,8.59238870519567,8.501836431840495,0.5622684513860018,0.5812771475759795,0.4666282849054866
competitive_not_elysium,Competitive maps except Elysium,Moss,8021,5284,2737,65.87707268420397,-0.33536965465652663,-0.5370931112793338,0.05407380343441724,8.651782971282065,8.731788378613333,8.483213495626956,-0.3493093817091865,-0.5510328383319937,0.04013407638175735
competitive_not_elysium,Competitive maps except Elysium,Natural Preserve,7925,7845,80,98.99053627760253,0.9020820189274448,0.9176545570427024,-0.625,8.70222238064953,8.715097979654812,7.213515795129466,0.8881422918747849,0.9037148299900425,-0.6389397270526599
competitive_not_elysium,Competitive maps except Elysium,Nitrite Reducing Bacteria,7863,1662,6201,21.136970621900037,-0.24189240747806182,-0.6504211793020457,-0.13239800032252863,8.667461826303416,8.332418381827093,8.75249550811851,-0.25583213453072173,-0.6643609063547056,-0.14633772737518852
competitive_not_elysium,Competitive maps except Elysium,Nitrogen-Rich Asteroid,7792,7381,411,94.72535934291581,0.7007186858316222,0.7466467958271237,-0.12408759124087591,8.58283215648449,8.618284507176536,7.883398971789175,0.6867789587789623,0.7327070687744638,-0.13802731829353582
competitive_not_elysium,Competitive maps except Elysium,Nitrophilic Moss,7855,5870,1985,74.72947167409293,0.03577339274347549,-0.07734241908006814,0.3702770780856423,8.663627121272008,8.717865184531023,8.494567949637675,0.0218336656908156,-0.09128214613272803,0.3563373510329824
competitive_not_elysium,Competitive maps except Elysium,Noctis City,8100,6674,1426,82.39506172839506,-0.23679012345679012,-0.39361702127659576,0.49719495091164095,8.620404647483642,8.607419005365587,8.646203457670953,-0.25072985050945,-0.40755674832925565,0.48325522385898106
competitive_not_elysium,Competitive maps except Elysium,Noctis Farming,7884,4963,2921,62.950279046169456,-0.28221714865550485,-0.46423534152730206,0.02704553235193427,8.524219599608342,8.556783348213452,8.461088683694143,-0.29615687570816474,-0.47817506857996195,0.01310580529927438
competitive_not_elysium,Competitive maps except Elysium,Nuclear Power,7875,3568,4307,45.30793650793651,-0.3937777777777778,-0.5092488789237668,-0.2981193406083121,8.558913668750112,8.500262942007264,8.607010811312588,-0.40771750483043767,-0.5231886059764267,-0.31205906766097197
competitive_not_elysium,Competitive maps except Elysium,Nuclear Zone,8070,7831,239,97.03841387856258,1.149814126394052,1.171880985825565,0.42677824267782427,8.589175406174661,8.606441558240686,7.985930016731281,1.135874399341392,1.157941258772905,0.4128385156251644
competitive_not_elysium,Competitive maps except Elysium,Olympus Conference,7807,7708,99,98.73190726271295,0.824132189061099,0.8467825635703166,-0.9393939393939394,8.67017066004762,8.671132361025181,8.452530332196247,0.8101924620084391,0.8328428365176567,-0.9533336664465993
competitive_not_elysium,Competitive maps except Elysium,Open City,7868,1705,6163,21.670055922724963,-0.45831215048296897,-0.3560117302052786,-0.48661366217751095,8.592813667534775,8.658386964991982,8.575075080147903,-0.47225187753562886,-0.3699514572579385,-0.5005533892301709
competitive_not_elysium,Competitive maps except Elysium,Optimal Aerobraking,7821,7644,177,97.73686229382432,0.5967267612837233,0.5934065934065934,0.7401129943502824,8.484814750844562,8.489183978926707,8.316209936890269,0.5827870342310634,0.5794668663539335,0.7261732672976225
competitive_not_elysium,Competitive maps except Elysium,Ore Processor,7993,1407,6586,17.60290253972226,-0.3641936694607782,-0.9324804548685146,-0.2427877315517765,8.582643287141748,8.33357643452387,8.630689730642235,-0.3781333965134381,-0.9464201819211745,-0.2567274586044364
competitive_not_elysium,Competitive maps except Elysium,Permafrost extraction,7902,1107,6795,14.009111617312072,-0.38863578840799795,-1.100271002710027,-0.27270051508462106,8.635245205038785,8.820690676658513,8.599738530244425,-0.40257551546065784,-1.114210729762687,-0.28664024213728095
competitive_not_elysium,Competitive maps except Elysium,Peroxide Power,7957,5291,2666,66.49491014201332,-0.25223074022872943,-0.3776223776223776,-0.0033758439609902473,8.505039266465959,8.596978306902912,8.315562606940397,-0.2661704672813893,-0.3915621046750375,-0.01731557101365014
competitive_not_elysium,Competitive maps except Elysium,Pets,7997,4627,3370,57.85919719894961,-0.5708390646492435,-0.6427490814782797,-0.472106824925816,8.60596719110535,8.400256108438036,8.880959352176001,-0.5847787917019034,-0.6566888085309396,-0.4860465519784759
competitive_not_elysium,Competitive maps except Elysium,Phobos Space Haven,7934,3704,4230,46.68515250819259,-0.5632719939500882,-1.249730021598272,0.037825059101654845,8.649918718885019,8.323495854382402,8.883470240107059,-0.5772117210027481,-1.263669748650932,0.023885332048994956
competitive_not_elysium,Competitive maps except Elysium,Physics Complex,8048,1372,6676,17.04771371769384,-0.31374254473161034,-0.08381924198250729,-0.3609946075494308,8.66482887081884,8.482158767096667,8.701767033912152,-0.32768227178427023,-0.09775896903516718,-0.3749343346020907
competitive_not_elysium,Competitive maps except Elysium,Plantation,7920,5801,2119,73.2449494949495,-0.37386363636363634,-0.3240820548181348,-0.510146295422369,8.600049555185793,8.66197323359249,8.428713791149317,-0.38780336341629623,-0.3380217818707947,-0.5240860224750289
competitive_not_elysium,Competitive maps except Elysium,Power Grid,7851,367,7484,4.674563749840785,-0.20022927015666794,-1.893732970027248,-0.11718332442544094,8.64629252742015,7.753521249378616,8.679684771510512,-0.21416899720932783,-1.907672697079908,-0.13112305147810083
competitive_not_elysium,Competitive maps except Elysium,Power Infrastructure,7894,591,7303,7.486698758550798,-0.3560932353686344,-0.24027072758037224,-0.36546624674791184,8.54512338424777,8.252157556261393,8.568872621547381,-0.3700329624212943,-0.25421045463303216,-0.3794059738005717
competitive_not_elysium,Competitive maps except Elysium,Power Plant,7963,6883,1080,86.4372723847796,0.06115785507974381,0.11041696934476246,-0.25277777777777777,8.543454067338658,8.564065988616697,8.408036650805297,0.047218128027083923,0.09647724229210257,-0.26671750483043766
competitive_not_elysium,Competitive maps except Elysium,Power Supply Consortium,7894,3100,4794,39.27033189764378,-0.34215860146947047,-0.5467741935483871,-0.2098456403838131,8.497402958556812,8.38917497575162,8.56492850339457,-0.35609832852213036,-0.560713920601047,-0.22378536743647298
competitive_not_elysium,Competitive maps except Elysium,Predators,7897,2695,5202,34.12688362669368,-0.2959351652526276,-0.574025974025974,-0.1518646674356017,8.585432452415276,8.748209739820277,8.497146867397491,-0.3098748923052875,-0.5879657010786339,-0.1658043944882616
competitive_not_elysium,Competitive maps except Elysium,Protected Habitats,7980,7624,356,95.53884711779449,-0.6206766917293233,-0.6521511017838405,0.05337078651685393,8.648348548500516,8.655818481696551,8.470659544146153,-0.6346164187819832,-0.6660908288365004,0.03943105946419404
competitive_not_elysium,Competitive maps except Elysium,Protected Valley,7927,6167,1760,77.79740128674152,0.0628232622681973,0.13118209826495866,-0.17670454545454545,8.489092272577672,8.626751174263523,7.985776329524777,0.04888353521553741,0.11724237121229877,-0.19064427250720534
competitive_not_elysium,Competitive maps except Elysium,Psychrophiles,7832,7604,228,97.08886618998979,0.7151430030643514,0.733955812730142,0.08771929824561403,8.643993074601738,8.66210513198301,8.00887327675686,0.7012032760116915,0.7200160856774821,0.07377957119295414
competitive_not_elysium,Competitive maps except Elysium,Quantum Extractor,8018,7044,974,87.85233225243203,0.5052382140184585,0.67206132879046,-0.7012320328542094,8.729010213554924,8.76061220660343,8.403252595545563,0.4912984869657986,0.6581216017378001,-0.7151717599068693
competitive_not_elysium,Competitive maps except Elysium,Rad-Chem Factory,8046,2656,5390,33.01019139945314,-0.3554561272682078,-0.8949548192771084,-0.08961038961038961,8.574460143154917,8.44893138686064,8.624017158959564,-0.3693958543208677,-0.9088945463297683,-0.1035501166630495
competitive_not_elysium,Competitive maps except Elysium,Rad-Suits,7811,604,7207,7.732684675457688,-0.3725515298937396,-1.3874172185430464,-0.2874982655751353,8.588142639023959,7.552068497558081,8.664421747458759,-0.38649125694639946,-1.4013569455957064,-0.3014379926277952
competitive_not_elysium,Competitive maps except Elysium,Regolith Eaters,7912,1436,6476,18.14964610717897,-0.24203741152679475,0.33913649025069637,-0.3709079678814083,8.622224213782367,8.622304781300425,8.61756381076519,-0.25597713857945464,0.3251967631980365,-0.3848476949340682
competitive_not_elysium,Competitive maps except Elysium,Release of Inert Gases,7941,1429,6512,17.995214708475004,-0.24845737312681024,-0.9426172148355494,-0.09613022113022113,8.676387320037493,8.143637624651298,8.782232227625826,-0.26239710017947016,-0.9565569418882093,-0.11006994818288102
competitive_not_elysium,Competitive maps except Elysium,Research,8079,7883,196,97.57395717291745,0.7020670875108306,0.708740327286566,0.4336734693877551,8.64979763883669,8.663690705430442,8.08738738045538,0.6881273604581707,0.6948006002339061,0.4197337423350952
competitive_not_elysium,Competitive maps except Elysium,Research Coordination,7856,6922,934,88.11099796334013,0.0770112016293279,0.10704998555330829,-0.145610278372591,8.606973977354118,8.649107582842555,8.289134470513066,0.06307147457666801,0.0931102585006484,-0.15955000542525088
competitive_not_elysium,Competitive maps except Elysium,Research Outpost,8002,7986,16,99.80004998750313,1.921894526368408,1.9161031805659905,4.8125,8.512679648355336,8.514570289650855,7.157455320619659,1.907954799315748,1.9021634535133305,4.79856027294734
competitive_not_elysium,Competitive maps except Elysium,Restricted Area,8023,7976,47,99.41418422036645,2.128256263243176,2.13691073219659,0.6595744680851063,8.547322507808861,8.55335819936098,7.384698032579087,2.114316536190516,2.12297100514393,0.6456347410324464
competitive_not_elysium,Competitive maps except Elysium,Robotic Workforce,7930,7103,827,89.57124842370744,0.4412358133669609,0.4783894129241166,0.12212817412333736,8.428859341907053,8.430797633871626,8.41052213792116,0.427296086314301,0.4644496858714567,0.10818844707067747
competitive_not_elysium,Competitive maps except Elysium,Rover Construction,7890,4691,3199,59.455006337135615,-0.4874524714828897,-0.7143466211895119,-0.15473585495467335,8.557821629364263,8.326944274678565,8.87637288224487,-0.5013921985355496,-0.7282863482421718,-0.16867558200733324
competitive_not_elysium,Competitive maps except Elysium,SF Memorial,7671,3698,3973,48.20753487159432,-0.36853083040020856,-0.6027582477014602,-0.15051598288447018,8.61231618123346,8.430329146445729,8.773759160657608,-0.38247055745286845,-0.6166979747541201,-0.16445570993713007
competitive_not_elysium,Competitive maps except Elysium,Sabotage,7836,7299,537,93.14701378254212,0.18249106687085248,0.23304562268803947,-0.5046554934823091,8.606263860440816,8.684085712911756,7.441593268615049,0.1685513398181926,0.21910589563537958,-0.518595220534969
competitive_not_elysium,Competitive maps except Elysium,Satellites,7836,3611,4225,46.08218478815722,-0.240684022460439,-0.10440321240653559,-0.3571597633136095,8.594993199310213,8.545586409857677,8.63630196485252,-0.2546237495130989,-0.11834293945919548,-0.3710994903662694
competitive_not_elysium,Competitive maps except Elysium,Search For Life,7948,5466,2482,68.77201811776547,-0.4443885254151988,-0.42517380168313207,-0.48670427074939565,8.694834873811756,8.675631772833729,8.73858006982906,-0.4583282524678587,-0.43911352873579196,-0.5006439978020556
competitive_not_elysium,Competitive maps except Elysium,Security Fleet,7872,144,7728,1.829268292682927,-0.4267022357723577,-2.0277777777777777,-0.39686853002070394,8.608272998607461,6.810054726420734,8.63576256082312,-0.4406419628250176,-2.0417175048304377,-0.4108082570733638
competitive_not_elysium,Competitive maps except Elysium,Shuttles,8041,3155,4886,39.23641338142022,-0.31065787837333664,-0.3153724247226624,-0.30761358984854686,8.60220942794737,8.594788433539922,8.60787595813486,-0.3245976054259965,-0.3293121517753223,-0.32155331690120675
competitive_not_elysium,Competitive maps except Elysium,Small Animals,7971,4579,3392,57.44574081043784,-0.07226194956718103,0.10941253548809783,-0.3175117924528302,8.525424203908765,8.693662599930152,8.287858539704073,-0.08620167661984092,0.09547280843543794,-0.33145151950549007
competitive_not_elysium,Competitive maps except Elysium,Soil Factory,7942,395,7547,4.973558297658021,-0.3552002014605893,-1.6151898734177215,-0.2892540082151848,8.60912221399571,7.199744225004173,8.671948911256123,-0.36913992851324917,-1.6291296004703815,-0.3031937352678447
competitive_not_elysium,Competitive maps except Elysium,Solar Power,7919,2644,5275,33.38805404722819,-0.5226670034095214,-0.7855521936459909,-0.3909004739336493,8.573926190190702,8.2167802636769,8.745245885713164,-0.5366067304621813,-0.7994919206986508,-0.4048402009863092
competitive_not_elysium,Competitive maps except Elysium,Solar Wind Power,7842,7592,250,96.81203774547309,0.38230043356286664,0.40569020021074814,-0.328,8.669356553733124,8.679380123825814,8.344756187168871,0.36836070651020675,0.39175047315808825,-0.3419397270526599
competitive_not_elysium,Competitive maps except Elysium,Soletta,8011,3441,4570,42.95343902134565,-0.5853201847459742,-1.0069747166521361,-0.26783369803063456,8.43956582813988,8.527040310416341,8.360007712069098,-0.5992599117986341,-1.0209144437047961,-0.28177342508329445
competitive_not_elysium,Competitive maps except Elysium,Space Elevator,7950,7492,458,94.23899371069183,1.228050314465409,1.3032568072610784,-0.002183406113537118,8.542181784617354,8.53213671359446,8.621508625364214,1.214110587412749,1.2893170802084184,-0.01612313316619701
competitive_not_elysium,Competitive maps except Elysium,Space Hotels,7970,6751,1219,84.7051442910916,0.8454203262233375,1.133609835579914,-0.7506152584085316,8.62789964346695,8.593015974902778,8.649923214944186,0.8314805991706776,1.119670108527254,-0.7645549854611915
competitive_not_elysium,Competitive maps except Elysium,Space Mirrors,8019,1132,6887,14.116473375732635,-0.3282204763686245,-0.6051236749116607,-0.2827065485697691,8.575302320677677,8.06036521687635,8.656719878990389,-0.3421602034212844,-0.6190634019643206,-0.296646275622429
competitive_not_elysium,Competitive maps except Elysium,Space Station,7898,5804,2094,73.48695872372753,-0.24512534818941503,-0.3361474844934528,0.0071633237822349575,8.668222567380106,8.626362299991662,8.780350204484932,-0.25906507524207495,-0.35008721154611266,-0.006776403270424934
competitive_not_elysium,Competitive maps except Elysium,Special Design,7938,897,7041,11.300075585789871,-0.4431846812799194,-0.6465997770345596,-0.41727027410879136,8.616175928244825,8.718116152671584,8.603382493625924,-0.4571244083325793,-0.6605395040872195,-0.43121000116145125
competitive_not_elysium,Competitive maps except Elysium,Sponsors,7806,7656,150,98.07840122982321,0.49500384319754037,0.5121473354231975,-0.38,8.680382833924032,8.689888192559835,8.160035201924334,0.4810641161448805,0.49820760837053757,-0.3939397270526599
competitive_not_elysium,Competitive maps except Elysium,Standard Technology,7842,6445,1397,82.18566692170364,-0.16768681458811527,-0.20186190845616758,-0.010021474588403722,8.67012611388153,8.636302431369563,8.825913416504926,-0.18162654164077516,-0.21580163550882747,-0.023961201641063613
competitive_not_elysium,Competitive maps except Elysium,Steelworks,8035,1856,6179,23.098942128189172,-0.12856253889234598,0.1810344827586207,-0.2215568862275449,8.517844284753828,8.439579849718859,8.539699235558004,-0.14250226594500587,0.1670947557059608,-0.2354966132802048
competitive_not_elysium,Competitive maps except Elysium,Strip Mine,7952,6412,1540,80.63380281690141,0.22283702213279677,0.2540548970679975,0.09285714285714286,8.672750038664244,8.639932831589302,8.809725023479745,0.20889729508013688,0.2401151700153376,0.07891741580448297
competitive_not_elysium,Competitive maps except Elysium,Subterranean Reservoir,8090,5665,2425,70.02472187886279,0.06217552533992583,-0.06725507502206532,0.3645360824742268,8.61270731952692,8.566058694026594,8.714999543271915,0.048235798287265944,-0.08119480207472521,0.3505963554215669
competitive_not_elysium,Competitive maps except Elysium,Symbiotic Fungus,8006,459,7547,5.733200099925056,-0.24194354234324256,-0.38562091503267976,-0.23320524711806015,8.651619088314009,8.485634546917577,8.662086726480688,-0.25588326939590245,-0.39956064208533965,-0.24714497417072004
competitive_not_elysium,Competitive maps except Elysium,Tardigrades,7916,2355,5561,29.749873673572512,-0.20149065184436585,-0.3902335456475584,-0.12156087034705988,8.615222702420068,8.687102505751458,8.584135283791829,-0.21543037889702574,-0.4041732727002183,-0.13550059739971979
competitive_not_elysium,Competitive maps except Elysium,Technology Demonstration,7886,7568,318,95.96753740806493,0.16155211767689576,0.18247885835095137,-0.33647798742138363,8.652351186405655,8.66620324726793,8.313456245673352,0.14761239062423587,0.16853913129829148,-0.3504177144740435
competitive_not_elysium,Competitive maps except Elysium,Tectonic Stress Power,8053,2535,5518,31.47895194337514,-0.17297901403203775,-0.15384615384615385,-0.18176875679594057,8.632072326904574,8.33962403972234,8.763882391530696,-0.18691874108469764,-0.16778588089881374,-0.19570848384860046
competitive_not_elysium,Competitive maps except Elysium,Terraforming Ganymede,8053,5624,2429,69.83732770396125,0.014777101701229355,-0.022226173541963015,0.10045286125977769,8.698967579571406,8.71335186664503,8.66675486141042,0.0008373746485694639,-0.03616590059462291,0.0865131342071178
competitive_not_elysium,Competitive maps except Elysium,Titanium Mine,7911,7794,117,98.52104664391354,0.5424093035014537,0.5551706440851938,-0.3076923076923077,8.771920504650529,8.767399167312641,9.066289909996012,0.5284695764487938,0.5412309170325339,-0.3216320347449676
competitive_not_elysium,Competitive maps except Elysium,Toll Station,8043,828,7215,10.294666169339799,-0.4221061792863359,-1.076086956521739,-0.34705474705474704,8.611470098049749,8.219936724833408,8.65265547437093,-0.4360459063389958,-1.090026683574399,-0.3609944741074069
competitive_not_elysium,Competitive maps except Elysium,Towing a Comet,8012,7335,677,91.55017473789316,-0.3237643534697953,-0.31901840490797545,-0.37518463810930575,8.615767589892283,8.6749429694916,7.952215193399292,-0.3377040805224552,-0.33295813196063534,-0.38912436516196564
competitive_not_elysium,Competitive maps except Elysium,Trans-Neptune Probe,7872,6170,1702,78.3790650406504,-0.2346290650406504,-0.2238249594813614,-0.27379553466509987,8.677010692739735,8.69346029271846,8.619543960325146,-0.2485687920933103,-0.2377646865340213,-0.28773526171775976
competitive_not_elysium,Competitive maps except Elysium,Trees,7913,4920,2993,62.17616580310881,0.08719828130923796,0.07134146341463414,0.11326428332776478,8.706176064528522,8.759718085443081,8.618833597585674,0.07325855425657807,0.05740173636197425,0.09932455627510489
competitive_not_elysium,Competitive maps except Elysium,Tropical Resort,7880,396,7484,5.025380710659898,-0.342005076142132,-2.3636363636363638,-0.23503474078033137,8.516197033903612,7.629329874787164,8.547714330241206,-0.3559448031947919,-2.3775760906890238,-0.24897446783299126
competitive_not_elysium,Competitive maps except Elysium,Tundra Farming,7961,950,7011,11.933174224343675,-0.39542771008667255,-1.0705263157894738,-0.3039509342461846,8.629236222575319,8.145817724661923,8.68919082364015,-0.40936743713933244,-1.0844660428421338,-0.31789066129884447
competitive_not_elysium,Competitive maps except Elysium,Underground City,8016,3182,4834,39.69560878243513,-0.32572355289421157,-0.8944060339409177,0.04861398427803062,8.509761271987893,8.08537671982443,8.758615228612525,-0.33966327994687145,-0.9083457609935776,0.03467425722537073
competitive_not_elysium,Competitive maps except Elysium,Underground Detonations,8057,141,7916,1.7500310289189525,-0.33002358197840387,-2.148936170212766,-0.29762506316321374,8.637315030458955,8.159075726902236,8.642611349301998,-0.34396330903106376,-2.162875897265426,-0.31156479021587363
competitive_not_elysium,Competitive maps except Elysium,Urbanized Area,7820,1762,6058,22.531969309462916,-0.3516624040920716,-1.007377979568672,-0.1609442060085837,8.645975966922974,8.314341928687771,8.731499032279167,-0.3656021311447315,-1.021317706621332,-0.17488393306124358
competitive_not_elysium,Competitive maps except Elysium,Vesta Shipyard,7842,6812,1030,86.86559551134914,0.09959194083142056,0.10687022900763359,0.05145631067961165,8.642447797200285,8.622579462826604,8.776806657190338,0.08565221377876067,0.0929305019549737,0.03751658362695176
competitive_not_elysium,Competitive maps except Elysium,Viral Enhancers,7981,7835,146,98.17065530635259,0.11928329783235184,0.13962986598596044,-0.9726027397260274,8.554091798888852,8.56517195723228,7.887086963209789,0.10534357077969195,0.12569013893330055,-0.9865424667786873
competitive_not_elysium,Competitive maps except Elysium,Virus,7855,6573,1282,83.6791852323361,0.11024824952259707,0.18150007606876617,-0.2550702028081123,8.642140707259014,8.788310362497398,7.843093992503181,0.09630852246993718,0.16756034901610628,-0.2690099298607722
competitive_not_elysium,Competitive maps except Elysium,Water Import From Europa,7899,4613,3286,58.39979744271427,-0.28028864413216864,-0.39171905484500325,-0.12385879488740109,8.647316061931697,8.60450732631944,8.705962712360122,-0.29422837118482853,-0.40565878189766313,-0.13779852194006098
competitive_not_elysium,Competitive maps except Elysium,Water Splitting Plant,7938,648,7290,8.16326530612245,-0.3888888888888889,-0.8240740740740741,-0.3502057613168724,8.637714811958965,8.515822571647693,8.647983282639924,-0.4028286159415488,-0.838013801126734,-0.3641454883695323
competitive_not_elysium,Competitive maps except Elysium,Wave Power,7897,1334,6563,16.89249081929847,-0.2346460681271369,-0.8260869565217391,-0.11442937680938595,8.734736294834198,8.429561287891048,8.791231184470215,-0.2485857951797968,-0.840026683574399,-0.12836910386204584
competitive_not_elysium,Competitive maps except Elysium,Windmills,7845,680,7165,8.667941363926067,-0.22345442957297643,-0.9529411764705882,-0.15422191207257502,8.691899582718559,8.57973896132898,8.699883073486966,-0.23739415662563632,-0.9668809035232481,-0.1681616391252349
competitive_not_elysium,Competitive maps except Elysium,Worms,7962,410,7552,5.1494599346897765,-0.31637779452398895,-1.0048780487804878,-0.2789989406779661,8.652178859231553,7.910871205937136,8.689535772814665,-0.33031752157664884,-1.0188177758331478,-0.292938667730626
competitive_not_elysium,Competitive maps except Elysium,Zeppelins,7867,355,7512,4.512520655904411,-0.2848608109825855,-0.6253521126760564,-0.2687699680511182,8.676039546203999,8.021012628736829,8.705941464309877,-0.29880053803524537,-0.6392918397287163,-0.2827096951037781
competitive_vastitas,Competitive Vastitas Borealis,AI Central,882,868,14,98.41269841269842,1.8820861678004535,1.9101382488479262,0.14285714285714285,8.718561940893565,8.723021733896072,8.565199201573618,1.8671062439870076,1.8951583250344803,0.12787721904369695
competitive_vastitas,Competitive Vastitas Borealis,Acquired Company,880,877,3,99.6590909090909,0.48068181818181815,0.49714937286202965,-4.333333333333333,8.42795011297743,8.436523856839557,2.886751345948129,0.4657018943683723,0.4821694490485838,-4.348313257146779
competitive_vastitas,Competitive Vastitas Borealis,Adaptation Technology,875,328,547,37.48571428571429,-0.10285714285714286,-0.08231707317073171,-0.11517367458866545,8.495034412900564,8.539309613899228,8.47618340344459,-0.11783706667058876,-0.09729699698417761,-0.13015359840211135
competitive_vastitas,Competitive Vastitas Borealis,Adapted Lichen,903,491,412,54.374307862679956,-0.08970099667774087,-0.6232179226069247,0.5461165048543689,8.527621367382729,8.537945950427002,8.481857521963567,-0.10468092049118677,-0.6381978464203706,0.531136581040923
competitive_vastitas,Competitive Vastitas Borealis,Advanced Alloys,913,899,14,98.46659364731654,1.411829134720701,1.3759733036707453,3.7142857142857144,8.351065711310904,8.331315934055702,9.595099481815396,1.3968492109072552,1.3609933798572995,3.6993057904722684
competitive_vastitas,Competitive Vastitas Borealis,Advanced Ecosystems,888,637,251,71.73423423423424,-0.5844594594594594,-0.33751962323390894,-1.2111553784860558,8.44276876771456,8.646484114872909,7.884112826422575,-0.5994393832729054,-0.3524995470473548,-1.2261353022995016
competitive_vastitas,Competitive Vastitas Borealis,Aerobraked Ammonia Asteroid,901,110,791,12.208657047724751,-0.38179800221975585,-0.6818181818181818,-0.34007585335018964,8.53611032205317,7.227536306899902,8.705703033683994,-0.3967779260332017,-0.6967981056316277,-0.3550557771636355
competitive_vastitas,Competitive Vastitas Borealis,Algae,990,784,206,79.1919191919192,-0.11818181818181818,-0.22704081632653061,0.2961165048543689,8.535607493043543,8.686507405165333,7.9415354211195845,-0.13316174199526407,-0.24202074013997651,0.28113658104092304
competitive_vastitas,Competitive Vastitas Borealis,Anti-Gravity Technology,852,792,60,92.95774647887323,0.3345070422535211,0.43434343434343436,-0.9833333333333333,8.577678893346683,8.510764052168808,9.394357604554976,0.31952711844007525,0.4193635105299885,-0.9983132571467792
competitive_vastitas,Competitive Vastitas Borealis,Ants,919,117,802,12.731229597388467,-0.6887921653971708,-1.1794871794871795,-0.6172069825436409,8.421300061564736,7.96935443305012,8.487597071579756,-0.7037720892106167,-1.1944671033006253,-0.6321869063570869
competitive_vastitas,Competitive Vastitas Borealis,Aquifer Pumping,884,146,738,16.5158371040724,-0.6221719457013575,-1.2191780821917808,-0.5040650406504065,8.541538330067592,7.8551482355555065,8.671017853585715,-0.6371518695148034,-1.2341580060052266,-0.5190449644638524
competitive_vastitas,Competitive Vastitas Borealis,Archaebacteria,904,704,200,77.87610619469027,0.5088495575221239,0.3224431818181818,1.165,8.512119508088313,8.47838901114847,8.619119508715935,0.49386963370867804,0.30746325800473595,1.1500200761865542
competitive_vastitas,Competitive Vastitas Borealis,Arctic Algae,878,853,25,97.15261958997722,1.0888382687927107,1.0926143024618993,0.96,8.334721553206217,8.321142501099114,8.965117586140927,1.073858344979265,1.0776343786484535,0.945020076186554
competitive_vastitas,Competitive Vastitas Borealis,Artificial Lake,885,34,851,3.84180790960452,0.05423728813559322,-1.2647058823529411,0.10693301997649823,8.224741713625287,8.382191886372224,8.219007317702642,0.039257364322147326,-1.279685806166387,0.09195309616305233
competitive_vastitas,Competitive Vastitas Borealis,Artificial Photosynthesis,870,689,181,79.19540229885058,-0.026436781609195402,-0.0783744557329463,0.1712707182320442,8.690324497856636,8.642930282340188,8.889972693288524,-0.041416705422641295,-0.0933543795463922,0.1562907944185983
competitive_vastitas,Competitive Vastitas Borealis,Asteroid,884,801,83,90.61085972850678,-0.06561085972850679,-0.004993757802746567,-0.6506024096385542,8.501694892650457,8.578022792649307,7.749797377272171,-0.08059078354195269,-0.019973681616192465,-0.6655823334520001
competitive_vastitas,Competitive Vastitas Borealis,Asteroid Mining,901,796,105,88.34628190899001,0.24639289678135406,0.03015075376884422,1.8857142857142857,8.587025146302901,8.643554793839167,7.9955688277395796,0.23141297296790816,0.015170829955398323,1.8707343619008399
competitive_vastitas,Competitive Vastitas Borealis,Asteroid Mining Consortium,925,820,105,88.64864864864865,1.1891891891891893,1.2585365853658537,0.6476190476190476,8.505657137823235,8.58834646759782,7.8470731343958295,1.1742092653757434,1.2435566615524078,0.6326391238056017
competitive_vastitas,Competitive Vastitas Borealis,Beam From a Thorium Asteroid,909,486,423,53.46534653465346,0.09570957095709572,-0.5699588477366255,0.8605200945626478,8.746344312949738,8.311105649172383,9.171454101993556,0.08072964714364982,-0.5849387715500715,0.8455401707492018
competitive_vastitas,Competitive Vastitas Borealis,Big Asteroid,916,875,41,95.52401746724891,0.5818777292576419,0.6217142857142857,-0.2682926829268293,8.167699890275218,8.220765930325653,6.971457488373226,0.566897805444196,0.6067343619008397,-0.28327260674027516
competitive_vastitas,Competitive Vastitas Borealis,Biomass Combustors,861,223,638,25.900116144018583,-0.8013937282229965,-0.6322869955156951,-0.8605015673981191,8.320263742991406,9.02145778696255,8.06747298186888,-0.8163736520364424,-0.647266919329141,-0.875481491211565
competitive_vastitas,Competitive Vastitas Borealis,Birds,905,619,286,68.39779005524862,-0.2408839779005525,0.0791599353796446,-0.9335664335664335,8.078122926409257,8.40953392179511,7.275466528054007,-0.25586390171399837,0.0641800115661987,-0.9485463573798795
competitive_vastitas,Competitive Vastitas Borealis,Black Polar Dust,953,197,756,20.67156348373557,-0.45540398740818466,-1.233502538071066,-0.2526455026455027,8.451688873879968,8.200068094306841,8.509655187059108,-0.47038391122163054,-1.2484824618845118,-0.26762542645894855
competitive_vastitas,Competitive Vastitas Borealis,Breathing Filters,866,71,795,8.198614318706698,-0.6166281755196305,-1.323943661971831,-0.5534591194968553,8.53084986884121,8.084861776161533,8.571559644829126,-0.6316080993330764,-1.3389235857852768,-0.5684390433103013
competitive_vastitas,Competitive Vastitas Borealis,Bribed Committee,915,707,208,77.26775956284153,0.2087431693989071,0.31541725601131543,-0.15384615384615385,8.386005460714818,8.360559467290695,8.482171391362527,0.1937632455854612,0.30043733219786956,-0.16882607765959975
competitive_vastitas,Competitive Vastitas Borealis,Building Industries,860,771,89,89.65116279069767,0.8069767441860465,0.9364461738002594,-0.3146067415730337,8.380083249767416,8.382719227054634,8.319740360920877,0.7919968203726006,0.9214662499868135,-0.32958666538647957
competitive_vastitas,Competitive Vastitas Borealis,Bushes,945,709,236,75.02645502645503,-0.015873015873015872,0.10860366713681241,-0.3898305084745763,8.170505678029079,8.410767708299932,7.4061893590573415,-0.03085293968646177,0.09362374332336651,-0.40481043228802216
competitive_vastitas,Competitive Vastitas Borealis,Business Contacts,911,880,31,96.59714599341383,0.44127332601536773,0.45681818181818185,0.0,8.626728724536855,8.621107988394787,8.91814629468105,0.42629340220192186,0.441838258004736,-0.014979923813445897
competitive_vastitas,Competitive Vastitas Borealis,Business Network,875,835,40,95.42857142857143,0.005714285714285714,-0.033532934131736525,0.825,8.57134357591072,8.545762063971239,9.164836647165664,-0.009265638099160183,-0.048512857945182425,0.810020076186554
competitive_vastitas,Competitive Vastitas Borealis,CEO's Favourite Project,920,109,811,11.847826086956522,-0.0891304347826087,-0.44036697247706424,-0.04192355117139334,8.766384709516373,9.216964223306602,8.70891232165344,-0.1041103585960546,-0.4553468962905101,-0.056903474984839233
competitive_vastitas,Competitive Vastitas Borealis,Callisto Penal Mines,898,462,436,51.44766146993319,-0.034521158129175944,-0.07575757575757576,0.009174311926605505,8.399708669637322,8.3795987775145,8.430372471387436,-0.049501081942621844,-0.09073749957102166,-0.0058056118868403915
competitive_vastitas,Competitive Vastitas Borealis,Capital,885,251,634,28.361581920903955,-0.5209039548022599,-1.705179282868526,-0.052050473186119876,8.38772422853646,8.180020358637814,8.42898804073261,-0.5358838786157059,-1.7201592066819718,-0.06703039699956577
competitive_vastitas,Competitive Vastitas Borealis,Carbonate Processing,870,381,489,43.793103448275865,-0.18160919540229886,-1.2257217847769029,0.6319018404907976,8.577226902855514,8.70550157666633,8.395176006914106,-0.19658911921574476,-1.2407017085903487,0.6169219166773516
competitive_vastitas,Competitive Vastitas Borealis,Caretaker Contract,891,8,883,0.8978675645342312,-0.31874298540965207,-4.625,-0.2797281993204983,8.099762584406836,6.588680769753099,8.104749813569391,-0.33372290922309794,-4.639979923813446,-0.2947081231339442
competitive_vastitas,Competitive Vastitas Borealis,Cartel,894,719,175,80.42505592841164,0.4597315436241611,0.5340751043115438,0.15428571428571428,8.39212892676055,8.469584707957686,8.082489333487807,0.4447516198107152,0.5190951804980979,0.13930579047226838
competitive_vastitas,Competitive Vastitas Borealis,Cloud Seeding,910,102,808,11.208791208791208,0.04285714285714286,-1.2058823529411764,0.2004950495049505,8.081633047091549,7.410640243440866,8.15308304113015,0.02787721904369696,-1.2208622767546222,0.1855151256915046
competitive_vastitas,Competitive Vastitas Borealis,Colonizer Training Camp,898,533,365,59.354120267260576,0.030066815144766147,-0.1350844277673546,0.27123287671232876,8.213849426642634,8.192958869654543,8.249566746067169,0.01508689133132025,-0.1500643515808005,0.2562529528988829
competitive_vastitas,Competitive Vastitas Borealis,Comet,865,800,65,92.48554913294798,0.38034682080924853,0.49125,-0.9846153846153847,8.453293921325393,8.53249246833261,7.330357059201455,0.36536689699580266,0.47627007618655415,-0.9995953084288306
competitive_vastitas,Competitive Vastitas Borealis,Commercial District,902,699,203,77.49445676274945,-0.004434589800443459,0.03862660944206009,-0.15270935960591134,8.456586414535405,8.551207381492784,8.141163590251013,-0.019414513613889357,0.023646685628614193,-0.16768928341935724
competitive_vastitas,Competitive Vastitas Borealis,Convoy From Europa,901,735,166,81.57602663706992,0.23751387347391786,0.3183673469387755,-0.12048192771084337,8.341141144356992,8.388676521870307,8.142514823144381,0.22253394966047196,0.3033874231253296,-0.13546185152428927
competitive_vastitas,Competitive Vastitas Borealis,Corporate Stronghold,878,541,337,61.617312072892936,-0.3097949886104784,-0.6414048059149723,0.22255192878338279,8.597004049971792,8.630526413319984,8.528717002361654,-0.32477491242392426,-0.6563847297284182,0.20757200496993689
competitive_vastitas,Competitive Vastitas Borealis,Cupola City,935,824,111,88.1283422459893,-0.6684491978609626,-0.6213592233009708,-1.018018018018018,8.333725709977509,8.353073231760378,8.217478027165336,-0.6834291216744085,-0.6363391471144167,-1.0329979418314639
competitive_vastitas,Competitive Vastitas Borealis,Decomposers,886,716,170,80.81264108352144,-0.5,-0.6801675977653632,0.25882352941176473,8.291136101470494,8.461327771938597,7.5080279577814375,-0.5149799238134459,-0.6951475215788091,0.24384360559831883
competitive_vastitas,Competitive Vastitas Borealis,Deep Well Heating,914,541,373,59.19037199124727,0.0711159737417943,-0.22365988909426987,0.49865951742627346,8.540501886087988,8.39620032596531,8.73924059373956,0.056136049928348405,-0.23863981290771577,0.4836795936128276
competitive_vastitas,Competitive Vastitas Borealis,Deimos Down,872,842,30,96.55963302752293,0.5,0.49524940617577196,0.6333333333333333,8.243844031077105,8.286091450802596,7.073424441763221,0.4850200761865541,0.4802694823623261,0.6183534095198874
competitive_vastitas,Competitive Vastitas Borealis,Designed Microorganisms,914,702,212,76.80525164113786,0.14551422319474835,-0.014245014245014245,0.6745283018867925,8.102144092270354,8.01922240813787,8.368453076014177,0.13053429938130245,-0.029224938058460142,0.6595483780733465
competitive_vastitas,Competitive Vastitas Borealis,Development Center,953,922,31,96.74711437565583,1.422875131164743,1.5216919739696313,-1.5161290322580645,8.449838477531163,8.486948922911532,6.727411427594498,1.4078952073512971,1.5067120501561855,-1.5311089560715103
competitive_vastitas,Competitive Vastitas Borealis,Domed Crater,894,712,182,79.6420581655481,-0.3422818791946309,-0.6235955056179775,0.7582417582417582,8.622690822871833,8.451160557083938,9.205259917632677,-0.35726180300807675,-0.6385754294314234,0.7432618344283123
competitive_vastitas,Competitive Vastitas Borealis,Dust Seals,906,81,825,8.940397350993377,-0.2958057395143488,-0.25925925925925924,-0.2993939393939394,8.171958796123246,7.625250451260238,8.228019386845355,-0.31078566332779467,-0.2742391830727051,-0.31437386320738525
competitive_vastitas,Competitive Vastitas Borealis,Earth Catapult,923,922,1,99.89165763813651,2.6348862405200433,2.6453362255965294,-7.0,8.733953781559148,8.732918798072907,,2.6199063167065972,2.6303563017830833,-7.014979923813446
competitive_vastitas,Competitive Vastitas Borealis,Earth Office,877,868,9,98.97377423033068,1.1003420752565565,1.119815668202765,-0.7777777777777778,8.234655710919037,8.251073060864105,6.553201083779167,1.0853621514431107,1.104835744389319,-0.7927577015912237
competitive_vastitas,Competitive Vastitas Borealis,Ecological Zone,887,836,51,94.25028184892898,0.06538895152198422,0.06220095693779904,0.11764705882352941,8.185918609246865,8.196447715320772,8.091098958296158,0.05040902770853832,0.04722103312435315,0.10266713501008351
competitive_vastitas,Competitive Vastitas Borealis,Electro Catapult,862,816,46,94.66357308584686,0.8735498839907193,0.8958333333333334,0.4782608695652174,8.472214402638087,8.437147326568674,9.162093721014699,0.8585699601772734,0.8808534095198874,0.46328094575177153
competitive_vastitas,Competitive Vastitas Borealis,Energy Saving,916,30,886,3.2751091703056767,-0.1648471615720524,-1.3333333333333333,-0.1252821670428894,8.463364190393666,7.782975821861338,8.48668572919102,-0.1798270853854983,-1.348313257146779,-0.1402620908563353
competitive_vastitas,Competitive Vastitas Borealis,Energy Tapping,888,765,123,86.14864864864865,-0.21283783783783783,-0.29934640522875816,0.3252032520325203,8.238878168225044,8.392720735992556,7.216211183979625,-0.22781776165128373,-0.31432632904220403,0.31022332821907445
competitive_vastitas,Competitive Vastitas Borealis,Eos Chasma National Park,966,236,730,24.43064182194617,-0.37681159420289856,-0.7415254237288136,-0.2589041095890411,8.297626889641375,8.286680687230373,8.303408585240978,-0.39179151801634443,-0.7565053475422595,-0.27388403340248696
competitive_vastitas,Competitive Vastitas Borealis,Equatorial Magnetizer,874,11,863,1.2585812356979404,-0.6578947368421053,-4.818181818181818,-0.6048667439165701,8.228043469917916,6.337478707154475,8.238629199697659,-0.6728746606555512,-4.833161741995264,-0.6198466677300161
competitive_vastitas,Competitive Vastitas Borealis,Extreme-Cold Fungus,884,276,608,31.221719457013574,0.026018099547511313,-0.10144927536231885,0.08388157894736842,8.234694549225116,8.177387762558153,8.266635869493918,0.011038175734065417,-0.11642919917576475,0.06890165513392252
competitive_vastitas,Competitive Vastitas Borealis,Farming,942,296,646,31.422505307855626,-0.2961783439490446,-0.35135135135135137,-0.2708978328173375,8.435563490028514,8.230052301141445,8.534253179521999,-0.31115826776249045,-0.36633127516479724,-0.28587775663078335
competitive_vastitas,Competitive Vastitas Borealis,Fish,974,538,436,55.23613963039014,-0.2720739219712526,-0.3550185873605948,-0.16972477064220184,8.246142728447133,8.191742157279396,8.32106320115632,-0.28705384578469845,-0.36999851117404065,-0.18470469445564774
competitive_vastitas,Competitive Vastitas Borealis,Flooding,897,652,245,72.68673355629878,0.7959866220735786,0.7822085889570553,0.8326530612244898,8.360706456170401,8.419773524583173,8.218366769538115,0.7810066982601327,0.7672286651436093,0.8176731374110439
competitive_vastitas,Competitive Vastitas Borealis,Food Factory,897,85,812,9.47603121516165,-0.23411371237458195,-0.8235294117647058,-0.1724137931034483,8.277877421094264,7.818135922310375,8.32670314641336,-0.24909363618802785,-0.8385093355781518,-0.1873937169168942
competitive_vastitas,Competitive Vastitas Borealis,Fuel Factory,939,795,144,84.66453674121406,0.45260915867944623,0.5308176100628931,0.020833333333333332,8.345973143096566,8.293725813511964,8.645681851960243,0.43762923486600036,0.5158376862494471,0.005853409519887436
competitive_vastitas,Competitive Vastitas Borealis,Fueled Generators,894,525,369,58.7248322147651,-0.2651006711409396,0.005714285714285714,-0.6504065040650406,8.320172812733576,8.427166953202176,8.161398810303732,-0.2800805949543855,-0.009265638099160183,-0.6653864278784866
competitive_vastitas,Competitive Vastitas Borealis,Fusion Power,958,371,587,38.72651356993737,-0.8768267223382046,-1.15633423180593,-0.7001703577512777,8.563943853704327,8.223061278872686,8.774889513706405,-0.8918066461516505,-1.1713141556193758,-0.7151502815647236
competitive_vastitas,Competitive Vastitas Borealis,GHG Factories,919,502,417,54.62459194776932,-0.07616974972796518,-0.2290836653386454,0.1079136690647482,8.221913179860676,8.260800754090038,8.180967576792433,-0.09114967354141108,-0.2440635891520913,0.0929337452513023
competitive_vastitas,Competitive Vastitas Borealis,GHG Producing Bacteria,940,315,625,33.51063829787234,-0.047872340425531915,-0.5587301587301587,0.2096,8.448102908498972,8.530511646766342,8.401345130394299,-0.06285226423897781,-0.5737100825436047,0.1946200761865541
competitive_vastitas,Competitive Vastitas Borealis,Ganymede Colony,972,649,323,66.76954732510288,-0.7674897119341564,-0.6240369799691834,-1.0557275541795665,8.631693371418176,8.671140674168708,8.55798579222662,-0.7824696357476023,-0.6390169037826293,-1.0707074779930124
competitive_vastitas,Competitive Vastitas Borealis,Gene Repair,899,518,381,57.619577308120135,-0.22803114571746386,0.37258687258687256,-1.0446194225721785,8.547799155072925,8.358399652195596,8.743755887822594,-0.24301106953090976,0.3576069487734267,-1.0595993463856244
competitive_vastitas,Competitive Vastitas Borealis,Geothermal Power,903,697,206,77.18715393133998,-0.15503875968992248,-0.26255380200860834,0.2087378640776699,8.320112581163853,8.456357930322975,7.850438630543211,-0.17001868350336838,-0.2775337258220542,0.193757940264224
competitive_vastitas,Competitive Vastitas Borealis,Giant Ice Asteroid,931,888,43,95.3813104189044,0.16756176154672395,0.23423423423423423,-1.2093023255813953,8.147950488735209,8.204494552821775,6.812307278304619,0.15258183773327805,0.21925431042078833,-1.224282249394841
competitive_vastitas,Competitive Vastitas Borealis,Giant Space Mirror,925,642,283,69.4054054054054,0.37513513513513513,0.07320872274143302,1.0600706713780919,8.161308524186353,8.046041379941078,8.391142492855986,0.36015521132168926,0.058228798927987116,1.045090747564646
competitive_vastitas,Competitive Vastitas Borealis,Grass,877,576,301,65.67844925883695,0.059293044469783354,-0.2534722222222222,0.6578073089700996,8.390369884908498,8.561490428511144,8.032798215819923,0.044313120656337454,-0.2684521460356681,0.6428273851566537
competitive_vastitas,Competitive Vastitas Borealis,Great Dam,924,180,744,19.48051948051948,-0.7694805194805194,-2.566666666666667,-0.3346774193548387,8.271130027341945,8.118604057568975,8.254340619416354,-0.7844604432939654,-2.581646590480113,-0.34965734316828456
competitive_vastitas,Competitive Vastitas Borealis,Great Escarpment Consortium,923,686,237,74.3228602383532,-0.04983748645720477,-0.011661807580174927,-0.16033755274261605,8.045808886992774,8.093784828793138,7.921197471159316,-0.06481741027065066,-0.026641731393620825,-0.17531747655606195
competitive_vastitas,Competitive Vastitas Borealis,Greenhouses,858,659,199,76.8065268065268,-0.36480186480186483,-0.456752655538695,-0.06030150753768844,8.42530617542936,8.632968320474387,7.710440377677852,-0.3797817886153107,-0.47173257935214086,-0.07528143135113434
competitive_vastitas,Competitive Vastitas Borealis,Hackers,910,590,320,64.83516483516483,-0.01868131868131868,0.03559322033898305,-0.11875,8.514058936799685,8.621867068840444,8.324057271972883,-0.03366124249476458,0.020613296525537155,-0.1337299238134459
competitive_vastitas,Competitive Vastitas Borealis,Heat Trappers,913,652,261,71.41292442497262,-0.48630887185104055,-0.450920245398773,-0.5747126436781609,8.173829578542422,8.56038723228068,7.131671802990537,-0.5012887956644865,-0.4659001692122189,-0.5896925674916068
competitive_vastitas,Competitive Vastitas Borealis,Heather,887,535,352,60.31567080045096,-0.2987598647125141,-0.09532710280373832,-0.6079545454545454,8.227426785315851,8.312949412565589,8.09767609857039,-0.31373978852595996,-0.11030702661718422,-0.6229344692679913
competitive_vastitas,Competitive Vastitas Borealis,Herbivores,916,543,373,59.27947598253275,-0.5131004366812227,-0.3683241252302026,-0.7238605898123325,8.642684944760067,8.811508657695247,8.39811769116783,-0.5280803604946687,-0.38330404904364845,-0.7388405136257784
competitive_vastitas,Competitive Vastitas Borealis,Hired Raiders,933,888,45,95.17684887459806,-0.04930332261521972,-0.09684684684684684,0.8888888888888888,8.214906635971282,8.236339253375741,7.807986069701102,-0.06428324642866562,-0.11182677066029274,0.8739089650754429
competitive_vastitas,Competitive Vastitas Borealis,House Printing,897,571,326,63.65663322185061,-0.3745819397993311,-0.3064798598949212,-0.4938650306748466,8.469887606001011,8.108622876623096,9.07973021118365,-0.38956186361277695,-0.3214597837083671,-0.5088449544882925
competitive_vastitas,Competitive Vastitas Borealis,Ice Asteroid,924,836,88,90.47619047619048,0.24567099567099568,0.32057416267942584,-0.4659090909090909,8.01239780699465,8.030934660811893,7.843217823745621,0.23069107185754978,0.30559423886598,-0.48088901472253676
competitive_vastitas,Competitive Vastitas Borealis,Ice cap Melting,891,47,844,5.274971941638609,-0.3389450056116723,1.0,-0.41350710900473936,8.59929697990816,8.685319948550866,8.59354264034664,-0.35392492942511816,0.9850200761865541,-0.42848703281818523
competitive_vastitas,Competitive Vastitas Borealis,Immigrant City,918,613,305,66.7755991285403,-0.6579520697167756,-1.3849918433931485,0.8032786885245902,8.399420771812375,7.990715806050833,9.00332481008505,-0.6729319935302215,-1.3999717672065943,0.7882987647111442
competitive_vastitas,Competitive Vastitas Borealis,Immigration Shuttles,881,407,474,46.197502837684446,-0.26220204313280365,-0.07616707616707617,-0.4219409282700422,8.622014063380561,8.517822350095143,8.716295619852241,-0.2771819669462495,-0.09114699998052207,-0.4369208520834881
competitive_vastitas,Competitive Vastitas Borealis,Import of Advanced GHG,888,573,315,64.52702702702703,-0.0022522522522522522,-0.1099476439790576,0.19365079365079366,8.55303736310784,8.422214351206792,8.796204179465057,-0.01723217606569815,-0.1249275677925035,0.17867086983734776
competitive_vastitas,Competitive Vastitas Borealis,Imported GHG,927,596,331,64.29341963322545,-0.003236245954692557,-0.05704697986577181,0.09365558912386707,8.22844656833408,8.102708376198786,8.46169563148011,-0.018216169768138453,-0.07202690367921771,0.07867566531042117
competitive_vastitas,Competitive Vastitas Borealis,Imported Hydrogen,894,834,60,93.28859060402685,-0.007829977628635347,0.03357314148681055,-0.5833333333333334,8.426013231721061,8.506974749592368,7.2446161580056225,-0.022809901442081244,0.018593217673364654,-0.5983132571467793
competitive_vastitas,Competitive Vastitas Borealis,Imported Nitrogen,911,706,205,77.49725576289791,-0.38199780461031835,-0.3385269121813031,-0.5317073170731708,8.49816171227091,8.661981172164618,7.9264523325749865,-0.3969777284237642,-0.35350683599474897,-0.5466872408866167
competitive_vastitas,Competitive Vastitas Borealis,Indentured Workers,914,767,147,83.91684901531728,0.08643326039387308,0.3363754889178618,-1.217687074829932,8.241173829104762,8.488451310146322,6.681109134812135,0.07145333658042718,0.3213955651044159,-1.2326669986433778
competitive_vastitas,Competitive Vastitas Borealis,Industrial Center,878,754,124,85.87699316628702,-0.3462414578587699,-0.3063660477453581,-0.5887096774193549,8.661816929277485,8.695851573343386,8.482418063719239,-0.3612213816722158,-0.32134597155880396,-0.6036896012328008
competitive_vastitas,Competitive Vastitas Borealis,Industrial Microbes,900,805,95,89.44444444444444,-0.17444444444444446,-0.13291925465838508,-0.5263157894736842,8.400276243022628,8.318203502089773,9.105577090692016,-0.18942436825789036,-0.14789917847183098,-0.5412957132871301
competitive_vastitas,Competitive Vastitas Borealis,Insects,856,788,68,92.05607476635514,-0.35630841121495327,-0.3413705583756345,-0.5294117647058824,8.320363657044867,8.406233794459427,7.304610256002597,-0.37128833502839914,-0.3563504821890804,-0.5443916885193283
competitive_vastitas,Competitive Vastitas Borealis,Insulation,898,18,880,2.0044543429844097,-0.5489977728285078,1.2222222222222223,-0.5852272727272727,8.350217728788076,10.50241179895224,8.303925902022854,-0.5639776966419537,1.2072422984087765,-0.6002071965407186
competitive_vastitas,Competitive Vastitas Borealis,Interstellar Colony Ship,886,379,507,42.776523702031604,-0.3961625282167043,-0.17941952506596306,-0.5581854043392505,8.97541821587306,8.761356873528896,9.13740450716792,-0.41114245203015015,-0.19439944887940896,-0.5731653281526964
competitive_vastitas,Competitive Vastitas Borealis,Invention Contest,920,884,36,96.08695652173913,0.5413043478260869,0.5509049773755657,0.3055555555555556,8.713954540707789,8.76022032307069,7.592550651581154,0.526324424012641,0.5359250535621197,0.2905756317421097
competitive_vastitas,Competitive Vastitas Borealis,Inventors' Guild,841,807,34,95.95719381688465,1.1664684898929845,1.2354399008674102,-0.47058823529411764,8.322566454798762,8.35036636236109,7.560805208512485,1.1514885660795386,1.2204599770539644,-0.4855681591075635
competitive_vastitas,Competitive Vastitas Borealis,Investment Loan,956,797,159,83.36820083682008,-0.02301255230125523,0.14429109159347553,-0.8616352201257862,8.796089904985978,8.947951572415606,7.964699003761778,-0.03799247611470113,0.12931116778002963,-0.8766151439392321
competitive_vastitas,Competitive Vastitas Borealis,Io Mining Industries,959,825,134,86.02711157455683,0.6371220020855057,0.7127272727272728,0.17164179104477612,8.416712079571372,8.393891991883345,8.573017751905157,0.6221420782720598,0.6977473489138268,0.15666186723133022
competitive_vastitas,Competitive Vastitas Borealis,Ironworks,947,143,804,15.100316789862724,-0.13938753959873285,0.32867132867132864,-0.22263681592039802,8.483387624436403,8.14462254442859,8.54445178471433,-0.15436746341217875,0.31369140485788277,-0.23761673973384392
competitive_vastitas,Competitive Vastitas Borealis,Kelp Farming,930,847,83,91.0752688172043,0.9580645161290322,1.0318772136953955,0.20481927710843373,8.639120756460287,8.669403503713575,8.33704491740004,0.9430845923155863,1.0168972898819497,0.18983935329498783
competitive_vastitas,Competitive Vastitas Borealis,Lagrange Observatory,902,800,102,88.69179600886918,-0.5986696230598669,-0.59125,-0.6568627450980392,8.400803196335463,8.38164592565379,8.591378476099656,-0.6136495468733129,-0.606229923813446,-0.6718426689114851
competitive_vastitas,Competitive Vastitas Borealis,Lake Marineris,926,318,608,34.341252699784015,-0.24838012958963282,-0.12578616352201258,-0.3125,8.279631312472821,8.534023306530221,8.149814786506854,-0.2633600534030787,-0.14076608733545848,-0.3274799238134459
competitive_vastitas,Competitive Vastitas Borealis,Land Claim,884,201,683,22.737556561085974,-0.05203619909502263,-0.4577114427860697,0.06734992679355783,8.399266964647689,8.47994414700465,8.37788790348813,-0.06701612290846852,-0.47269136659951555,0.052370002980111935
competitive_vastitas,Competitive Vastitas Borealis,Large Convoy,894,797,97,89.14988814317674,0.27293064876957496,0.22961104140526975,0.6288659793814433,8.104262141732976,8.2127016759633,7.179716202070111,0.2579507249561291,0.21463111759182385,0.6138860555679974
competitive_vastitas,Competitive Vastitas Borealis,Lava Flows,947,827,120,87.32840549102428,0.4825765575501584,0.3518742442563482,1.3833333333333333,8.356389265543667,8.127957058835143,9.778370345341001,0.4675966337367125,0.33689432044290235,1.3683534095198875
competitive_vastitas,Competitive Vastitas Borealis,Lava Tube Settlement,872,511,361,58.60091743119266,-0.838302752293578,-1.6320939334637965,0.2853185595567867,8.40481251130901,8.3349998717305,8.386432857824207,-0.8532826761070239,-1.6470738572772423,0.2703386357433408
competitive_vastitas,Competitive Vastitas Borealis,Lichen,903,641,262,70.98560354374308,0.0664451827242525,-0.0748829953198128,0.4122137404580153,8.525559152162687,8.52426734537057,8.535138304982203,0.0514652589108066,-0.0898629191332587,0.3972338166445694
competitive_vastitas,Competitive Vastitas Borealis,Lightning Harvest,885,219,666,24.74576271186441,-0.35141242937853107,-1.2009132420091324,-0.07207207207207207,8.722449239768787,8.153110459900418,8.88984725805171,-0.36639235319197694,-1.2158931658225782,-0.08705199588551797
competitive_vastitas,Competitive Vastitas Borealis,Livestock,908,135,773,14.86784140969163,0.1145374449339207,-0.23703703703703705,0.1759379042690815,8.771765376038497,8.510053236067773,8.820612373808796,0.0995575211204748,-0.2520169608504829,0.1609579804556356
competitive_vastitas,Competitive Vastitas Borealis,Local Heat Trapping,918,227,691,24.727668845315904,-1.0697167755991286,-1.066079295154185,-1.0709117221418234,8.132057416540563,7.986163036576563,8.185133689524207,-1.0846966994125744,-1.081059218967631,-1.0858916459552692
competitive_vastitas,Competitive Vastitas Borealis,Lunar Beam,907,457,450,50.38588754134509,-0.6052921719955898,-1.0284463894967177,-0.17555555555555555,8.451830437583752,8.108722588103861,8.774727213078737,-0.6202720958090358,-1.0434263133101636,-0.19053547936900145
competitive_vastitas,Competitive Vastitas Borealis,Magnetic Field Dome,918,29,889,3.159041394335512,-0.1394335511982571,-0.6206896551724138,-0.12373453318335208,8.535777070151653,7.853178578964282,8.560751971984962,-0.154413475011703,-0.6356695789858597,-0.13871445699679796
competitive_vastitas,Competitive Vastitas Borealis,Magnetic Field Generators,949,25,924,2.6343519494204424,-0.4457323498419389,1.32,-0.4935064935064935,8.252122551148515,8.984801982607445,8.231414670304087,-0.46071227365538475,1.3050200761865542,-0.5084864173199394
competitive_vastitas,Competitive Vastitas Borealis,Mangrove,892,479,413,53.699551569506724,0.27802690582959644,0.6263048016701461,-0.12590799031476999,8.447836195993446,8.804490647607354,8.005982712052809,0.26304698201615057,0.6113248778567002,-0.14088791412821589
competitive_vastitas,Competitive Vastitas Borealis,Mars University,971,960,11,98.86714727085479,0.6735324407826982,0.6927083333333334,-1.0,8.446405310168181,8.466110380961306,6.587867636800241,0.6585525169692523,0.6777284095198874,-1.0149799238134458
competitive_vastitas,Competitive Vastitas Borealis,Martian Rails,853,32,821,3.7514654161781946,-0.9472450175849941,-2.25,-0.8964677222898904,8.339103121759672,6.329653713200451,8.406603078097381,-0.9622249413984401,-2.264979923813446,-0.9114476461033363
competitive_vastitas,Competitive Vastitas Borealis,Martian Survey,917,690,227,75.2453653217012,-0.34242093784078514,-0.4115942028985507,-0.13215859030837004,8.585078951037298,8.492215102004787,8.877244261247567,-0.357400861654231,-0.42657412671199657,-0.14713851412181594
competitive_vastitas,Competitive Vastitas Borealis,Mass Converter,929,863,66,92.89558665231432,0.8632938643702907,0.9142526071842411,0.19696969696969696,8.14203375746697,8.141558956513187,8.181065751467642,0.8483139405568447,0.8992726833707951,0.18198977315625106
competitive_vastitas,Competitive Vastitas Borealis,Media Archives,961,408,553,42.45577523413111,-0.16545265348595214,0.2647058823529412,-0.48282097649186256,8.203320785161726,8.300470926622173,8.123825087768731,-0.18043257729939804,0.24972595853949528,-0.49780090030530844
competitive_vastitas,Competitive Vastitas Borealis,Media Group,886,883,3,99.66139954853273,2.0067720090293455,2.002265005662514,3.3333333333333335,8.198936086964629,8.195734432687752,11.015141094572204,1.9917920852158997,1.9872850818490682,3.3183534095198874
competitive_vastitas,Competitive Vastitas Borealis,Medical Lab,898,682,216,75.94654788418708,0.24944320712694878,-0.04105571847507331,1.1666666666666667,8.371137753779804,8.28164738837145,8.602865936743488,0.23446328331350288,-0.056035642288519205,1.151686742853221
competitive_vastitas,Competitive Vastitas Borealis,Methane From Titan,908,636,272,70.04405286343612,0.06277533039647577,0.10849056603773585,-0.04411764705882353,8.431278838429094,8.43329678867613,8.441129011997045,0.04779540658302987,0.09351064222428995,-0.059097570872269425
competitive_vastitas,Competitive Vastitas Borealis,Micro-Mills,925,109,816,11.783783783783784,-0.06378378378378378,-1.688073394495413,0.15318627450980393,8.52633028789691,7.984588451216763,8.577460241296725,-0.07876370759722968,-1.7030533183088588,0.13820635069635803
competitive_vastitas,Competitive Vastitas Borealis,Mine,894,881,13,98.54586129753915,-0.029082774049217,-0.06469920544835414,2.3846153846153846,8.617753222407991,8.61917208540524,8.500377065543049,-0.0440626978626629,-0.07967912926180004,2.3696354608019385
competitive_vastitas,Competitive Vastitas Borealis,Mineral Deposit,920,860,60,93.47826086956522,-0.2,-0.1744186046511628,-0.5666666666666667,8.633462242565123,8.6895650967573,7.842445715608101,-0.2149799238134459,-0.1893985284646087,-0.5816465904801126
competitive_vastitas,Competitive Vastitas Borealis,Mining Area,938,932,6,99.36034115138592,1.7142857142857142,1.738197424892704,-2.0,8.177423470261495,8.189755472931811,5.0990195135927845,1.6993057904722684,1.723217501079258,-2.014979923813446
competitive_vastitas,Competitive Vastitas Borealis,Mining Expedition,885,191,694,21.581920903954803,-0.5909604519774011,-0.9947643979057592,-0.47982708933717577,8.35929101350313,8.13407218673011,8.422571335795661,-0.605940375790847,-1.009744321719205,-0.49480701315062164
competitive_vastitas,Competitive Vastitas Borealis,Mining Rights,938,935,3,99.68017057569297,1.7846481876332623,1.7754010695187166,4.666666666666667,8.102630041540634,8.106810671001218,7.371114795831994,1.7696682638198165,1.7604211457052708,4.651686742853221
competitive_vastitas,Competitive Vastitas Borealis,Miranda Resort,935,725,210,77.54010695187166,0.07700534759358289,0.0993103448275862,0.0,8.682013676108447,8.72340865944849,8.557712881416712,0.06202542378013699,0.0843304210141403,-0.014979923813445897
competitive_vastitas,Competitive Vastitas Borealis,Mohole Area,867,699,168,80.62283737024221,0.4129181084198385,0.4105865522174535,0.4226190476190476,8.464719289653932,8.53504167974286,8.190469870058104,0.39793818460639263,0.3956066284040076,0.40763912380560174
competitive_vastitas,Competitive Vastitas Borealis,Moss,932,641,291,68.77682403433477,-0.2167381974248927,-0.5990639625585024,0.6254295532646048,8.26015105622561,8.310193236168754,8.099419268519288,-0.2317181212383386,-0.6140438863719483,0.6104496294511589
competitive_vastitas,Competitive Vastitas Borealis,Natural Preserve,874,871,3,99.65675057208237,1.131578947368421,1.1285878300803673,2.0,8.804863569382125,8.798615236072632,12.767145334803704,1.1165990235549752,1.1136079062669215,1.9850200761865542
competitive_vastitas,Competitive Vastitas Borealis,Nitrite Reducing Bacteria,899,476,423,52.947719688542826,-0.19021134593993325,-0.04201680672268908,-0.35697399527186763,8.36942640118811,8.150319291629403,8.615963488812751,-0.20519126975337915,-0.05699673053613498,-0.3719539190853135
competitive_vastitas,Competitive Vastitas Borealis,Nitrogen-Rich Asteroid,931,886,45,95.16648764769066,0.45005370569280345,0.510158013544018,-0.7333333333333333,8.219857119949312,8.25288229588262,7.526921379591092,0.4350737818793576,0.49517808973057215,-0.7483132571467792
competitive_vastitas,Competitive Vastitas Borealis,Nitrophilic Moss,869,678,191,78.02071346375143,-0.285385500575374,-0.5545722713864307,0.6701570680628273,8.56388464843642,8.673077652225553,8.114386150953054,-0.30036542438881986,-0.5695521951998767,0.6551771442493813
competitive_vastitas,Competitive Vastitas Borealis,Noctis City,916,699,217,76.31004366812228,-0.29694323144104806,-0.721030042918455,1.0691244239631337,8.735533329941706,8.678481841602675,8.798664443486674,-0.31192315525449393,-0.7360099667319009,1.0541445001496879
competitive_vastitas,Competitive Vastitas Borealis,Noctis Farming,843,538,305,63.8196915776987,-0.3594306049822064,-0.6078066914498141,0.07868852459016394,8.430665418006376,8.685723984762063,7.955904683127246,-0.3744105287956523,-0.6227866152632601,0.06370860077671804
competitive_vastitas,Competitive Vastitas Borealis,Nuclear Power,866,350,516,40.415704387990765,-0.3510392609699769,-0.7771428571428571,-0.06201550387596899,8.115159870756495,7.927070362713281,8.235374267628307,-0.36601918478342277,-0.7921227809563031,-0.07699542768941489
competitive_vastitas,Competitive Vastitas Borealis,Nuclear Zone,928,905,23,97.52155172413794,1.8480603448275863,1.8718232044198895,0.9130434782608695,8.348114819819997,8.338863824299636,8.846740763376497,1.8330804210141405,1.8568432806064437,0.8980635544474236
competitive_vastitas,Competitive Vastitas Borealis,Olympus Conference,896,883,13,98.54910714285714,0.35714285714285715,0.39977349943374857,-2.5384615384615383,8.321454688962914,8.354115579411873,5.076340292891205,0.3421629333294113,0.3847935756203027,-2.5534414622749844
competitive_vastitas,Competitive Vastitas Borealis,Open City,884,173,711,19.570135746606336,-0.5859728506787331,-0.8208092485549133,-0.5288326300984529,8.320210086378935,7.845693933285804,8.43593578561324,-0.600952774492179,-0.8357891723683593,-0.5438125539118989
competitive_vastitas,Competitive Vastitas Borealis,Optimal Aerobraking,901,892,9,99.00110987791344,0.6437291897891232,0.6614349775784754,-1.1111111111111112,7.998238491479254,8.011478393017297,6.697843765803373,0.6287492659756773,0.6464550537650294,-1.126091034924557
competitive_vastitas,Competitive Vastitas Borealis,Ore Processor,959,175,784,18.248175182481752,-0.013555787278415016,-0.52,0.09948979591836735,8.232073823214996,8.33345287270584,8.210375627131384,-0.028535711091860913,-0.534979923813446,0.08450987210492145
competitive_vastitas,Competitive Vastitas Borealis,Permafrost extraction,866,100,766,11.547344110854503,-0.34757505773672054,0.09,-0.4046997389033943,8.256885716958587,7.440124632387185,8.360390824975035,-0.3625549815501664,0.0750200761865541,-0.41967966271684015
competitive_vastitas,Competitive Vastitas Borealis,Peroxide Power,908,589,319,64.86784140969164,-0.2687224669603524,-0.2835314091680815,-0.2413793103448276,8.45054565398727,8.5320175552071,8.31124376578425,-0.2837023907737983,-0.2985113329815274,-0.2563592341582735
competitive_vastitas,Competitive Vastitas Borealis,Pets,884,551,333,62.33031674208145,-0.8167420814479638,-1.1542649727767695,-0.25825825825825827,8.389330994671695,8.224341640113094,8.638975457610593,-0.8317220052614097,-1.1692448965902154,-0.27323818207170414
competitive_vastitas,Competitive Vastitas Borealis,Phobos Space Haven,886,366,520,41.309255079006775,-0.7110609480812641,-0.9644808743169399,-0.5326923076923077,8.494466899851062,7.884880320903779,8.901672704492022,-0.72604087189471,-0.9794607981303858,-0.5476722315057536
competitive_vastitas,Competitive Vastitas Borealis,Physics Complex,948,142,806,14.978902953586498,0.18670886075949367,0.6056338028169014,0.11290322580645161,8.45073633449717,7.873969815745728,8.550814556124568,0.17172893694604777,0.5906538790034555,0.09792330199300571
competitive_vastitas,Competitive Vastitas Borealis,Plantation,849,662,187,77.97408716136631,-0.6631330977620731,-0.4788519637462236,-1.3155080213903743,7.914166309831363,8.008430120296227,7.555666187809118,-0.678113021575519,-0.49383188755966945,-1.33048794520382
competitive_vastitas,Competitive Vastitas Borealis,Power Grid,877,35,842,3.990877993158495,-0.41733181299885974,-1.8857142857142857,-0.35629453681710216,8.175951521603467,6.332787828490093,8.240954515019153,-0.4323117368123056,-1.9006942095277315,-0.37127446063054803
competitive_vastitas,Competitive Vastitas Borealis,Power Infrastructure,862,72,790,8.352668213457077,-0.21577726218097448,1.5555555555555556,-0.37721518987341773,8.439568978350842,8.822009749770123,8.391074220996886,-0.23075718599442038,1.5405756317421098,-0.3921951136868636
competitive_vastitas,Competitive Vastitas Borealis,Power Plant,915,788,127,86.12021857923497,-0.2907103825136612,-0.3426395939086294,0.031496062992125984,8.394190905673263,8.446369212342843,8.087749905732917,-0.3056903063271071,-0.3576195177220753,0.016516139178680087
competitive_vastitas,Competitive Vastitas Borealis,Power Supply Consortium,898,328,570,36.525612472160354,0.155902004454343,-0.5030487804878049,0.5350877192982456,7.908772891565661,7.726596694982198,7.993824312880014,0.1409220806408971,-0.5180287043012508,0.5201077954847997
competitive_vastitas,Competitive Vastitas Borealis,Predators,929,348,581,37.459634015069966,-0.03659849300322928,0.5977011494252874,-0.4165232358003442,8.47618085375472,8.910324639987584,8.189480360860797,-0.051578416816675174,0.5827212256118415,-0.4315031596137901
competitive_vastitas,Competitive Vastitas Borealis,Protected Habitats,915,862,53,94.20765027322405,-0.2797814207650273,-0.3329466357308585,0.5849056603773585,8.50578230124129,8.498236772475298,8.663437677664394,-0.2947613445784732,-0.34792655954430435,0.5699257365639125
competitive_vastitas,Competitive Vastitas Borealis,Protected Valley,942,729,213,77.38853503184713,0.06475583864118896,0.10150891632373114,-0.06103286384976526,8.165728249629934,8.186400571279822,8.11247774447334,0.04977591482774306,0.08652899251028524,-0.07601278766321115
competitive_vastitas,Competitive Vastitas Borealis,Psychrophiles,874,856,18,97.94050343249428,1.2826086956521738,1.3341121495327102,-1.1666666666666667,8.535566426303502,8.5759383184121,5.992642547814975,1.267628771838728,1.3191322257192644,-1.1816465904801126
competitive_vastitas,Competitive Vastitas Borealis,Quantum Extractor,935,829,106,88.66310160427807,0.7090909090909091,0.8974668275030157,-0.7641509433962265,8.813367835214475,8.911554452172254,7.887967795250172,0.6941109852774632,0.8824869036895697,-0.7791308672096724
competitive_vastitas,Competitive Vastitas Borealis,Rad-Chem Factory,910,235,675,25.824175824175825,-0.3230769230769231,-1.2468085106382978,-0.0014814814814814814,8.329901298853533,8.276133203163688,8.330612678203275,-0.33805684689036897,-1.2617884344517436,-0.01646140529492738
competitive_vastitas,Competitive Vastitas Borealis,Rad-Suits,875,50,825,5.714285714285714,-0.46514285714285714,-0.86,-0.4412121212121212,8.421510464834485,6.596257442284826,8.522201074272909,-0.480122780956303,-0.8749799238134459,-0.4561920450255671
competitive_vastitas,Competitive Vastitas Borealis,Regolith Eaters,939,185,754,19.70181043663472,-0.3599574014909478,0.06486486486486487,-0.46419098143236076,8.502623099476079,8.42073709131137,8.524905560536569,-0.37493732530439366,0.04988494105141897,-0.47917090524580663
competitive_vastitas,Competitive Vastitas Borealis,Release of Inert Gases,903,124,779,13.732004429678849,-0.7940199335548173,-2.3225806451612905,-0.5507060333761232,8.272767261812495,6.550055404838315,8.4930598547431,-0.8089998573682632,-2.3375605689747365,-0.5656859571895692
competitive_vastitas,Competitive Vastitas Borealis,Research,906,891,15,98.34437086092716,0.6070640176600441,0.5959595959595959,1.2666666666666666,8.320387979046654,8.328274937348883,8.08408194864333,0.5920840938465982,0.58097967214615,1.2516867428532208
competitive_vastitas,Competitive Vastitas Borealis,Research Coordination,911,854,57,93.74313940724478,0.270032930845225,0.3360655737704918,-0.7192982456140351,8.361842421394526,8.389027974909107,7.947943098610285,0.25505300703177913,0.3210856499570459,-0.734278169427481
competitive_vastitas,Competitive Vastitas Borealis,Research Outpost,934,933,1,99.89293361884368,2.2237687366167025,2.2240085744908895,2.0,8.317405936684331,8.321863636601629,,2.2087888128032565,2.2090286506774435,1.9850200761865542
competitive_vastitas,Competitive Vastitas Borealis,Restricted Area,905,899,6,99.33701657458563,2.6773480662983427,2.6918798665183536,0.5,8.189391586216182,8.207745996700535,4.54972526643093,2.6623681424848966,2.6768999427049076,0.4850200761865541
competitive_vastitas,Competitive Vastitas Borealis,Robotic Workforce,894,789,105,88.25503355704699,0.5089485458612976,0.5830164765525983,-0.047619047619047616,7.936719799617513,8.004901133577954,7.416692389962389,0.4939686220478517,0.5680365527391523,-0.06259897143249352
competitive_vastitas,Competitive Vastitas Borealis,Rover Construction,944,503,441,53.28389830508475,-0.3379237288135593,-0.614314115308151,-0.022675736961451247,8.654876970032149,8.066108445521909,9.280205381082311,-0.3529036526270052,-0.629294039121597,-0.03765566077489714
competitive_vastitas,Competitive Vastitas Borealis,SF Memorial,820,336,484,40.97560975609756,-0.6695121951219513,-1.0595238095238095,-0.3987603305785124,8.184341179545036,8.021018940707759,8.293283377810965,-0.6844921189353972,-1.0745037333372554,-0.4137402543919583
competitive_vastitas,Competitive Vastitas Borealis,Sabotage,855,806,49,94.26900584795321,0.3017543859649123,0.303970223325062,0.2653061224489796,8.63019502904592,8.638389493280652,8.582383871930341,0.2867744621514664,0.28899029951161614,0.25032619863553374
competitive_vastitas,Competitive Vastitas Borealis,Satellites,898,495,403,55.12249443207127,-0.16815144766146994,-0.2545454545454545,-0.062034739454094295,8.194922506314954,8.142695898994171,8.267518582454349,-0.18313137147491584,-0.2695253783589004,-0.0770146632675402
competitive_vastitas,Competitive Vastitas Borealis,Search For Life,855,562,293,65.73099415204679,-0.9438596491228071,-1.2775800711743772,-0.3037542662116041,8.517464168313168,8.63590084694809,8.262385031282525,-0.958839572936253,-1.292559994987823,-0.31873419002505
competitive_vastitas,Competitive Vastitas Borealis,Security Fleet,920,19,901,2.0652173913043477,-0.24782608695652175,-4.0,-0.16870144284128746,8.552436712645225,6.904105059069327,8.569218645872247,-0.2628060107699676,-4.014979923813446,-0.18368136665473336
competitive_vastitas,Competitive Vastitas Borealis,Shuttles,920,362,558,39.34782608695652,-0.38913043478260867,0.058011049723756904,-0.6792114695340502,8.293362403826658,8.025544702901536,8.457049459063484,-0.40411035859605454,0.04303112591031101,-0.6941913933474961
competitive_vastitas,Competitive Vastitas Borealis,Small Animals,892,562,330,63.00448430493274,-0.2937219730941704,-0.04448398576512456,-0.7181818181818181,8.089915910703594,8.304143662137514,7.705205067615976,-0.3087018969076163,-0.05946390957857045,-0.7331617419952641
competitive_vastitas,Competitive Vastitas Borealis,Soil Factory,912,35,877,3.837719298245614,-0.0668859649122807,-3.4,0.0661345496009122,8.355895396497747,6.549360094471736,8.395487222510491,-0.0818658887257266,-3.414979923813446,0.051154625787466296
competitive_vastitas,Competitive Vastitas Borealis,Solar Power,861,258,603,29.965156794425088,-0.4099883855981417,0.2558139534883721,-0.6948590381426202,8.597746736985997,8.02649219530929,8.821961239128262,-0.4249683094115876,0.2408340296749262,-0.7098389619560661
competitive_vastitas,Competitive Vastitas Borealis,Solar Wind Power,879,851,28,96.81456200227531,0.2901023890784983,0.3137485311398355,-0.42857142857142855,8.054839367314553,8.069640209355912,7.695253811079347,0.2751224652650524,0.2987686073263896,-0.4435513523848744
competitive_vastitas,Competitive Vastitas Borealis,Soletta,935,362,573,38.716577540106954,-0.6042780748663101,-1.0939226519337018,-0.2949389179755672,8.448330352620138,8.328572225663919,8.515838321192813,-0.6192579986797561,-1.1089025757471476,-0.3099188417890131
competitive_vastitas,Competitive Vastitas Borealis,Space Elevator,927,884,43,95.361380798274,0.8888888888888888,0.9852941176470589,-1.0930232558139534,8.57904143851979,8.603036732645608,7.9036277188702355,0.8739089650754429,0.970314193833613,-1.1080031796273992
competitive_vastitas,Competitive Vastitas Borealis,Space Hotels,932,829,103,88.94849785407726,0.7113733905579399,1.0241254523522316,-1.8058252427184467,8.239132701406485,8.16744432048386,8.420398030305238,0.696393466744494,1.0091455285387858,-1.8208051665318925
competitive_vastitas,Competitive Vastitas Borealis,Space Mirrors,894,171,723,19.12751677852349,-0.30313199105145416,-1.654970760233918,0.016597510373443983,8.373614189329563,7.827794849446577,8.471215791979768,-0.31811191486490004,-1.669950684047364,0.0016175865599980868
competitive_vastitas,Competitive Vastitas Borealis,Space Station,867,674,193,77.73933102652826,-0.5755478662053056,-0.672106824925816,-0.23834196891191708,8.489077455457783,8.538396417671326,8.32761353789997,-0.5905277900187516,-0.6870867487392619,-0.253321892725363
competitive_vastitas,Competitive Vastitas Borealis,Special Design,879,104,775,11.831626848691695,-0.18657565415244595,0.009615384615384616,-0.2129032258064516,8.428271763059175,7.438414060411665,8.556384727007417,-0.20155557796589185,-0.005364539198061281,-0.2278831496198975
competitive_vastitas,Competitive Vastitas Borealis,Sponsors,883,868,15,98.30124575311439,0.594563986409966,0.6117511520737328,-0.4,8.082823387178275,8.126888753106075,4.9684720272649505,0.5795840625965201,0.5967712282602868,-0.4149799238134459
competitive_vastitas,Competitive Vastitas Borealis,Standard Technology,901,712,189,79.02330743618202,-0.38623751387347394,-0.4044943820224719,-0.31746031746031744,8.754274469916716,8.528887424534943,9.579719374957609,-0.4012174376869198,-0.41947430583591777,-0.3324402412737633
competitive_vastitas,Competitive Vastitas Borealis,Steelworks,930,209,721,22.473118279569892,-0.42795698924731185,-0.8660287081339713,-0.30097087378640774,8.292530593037862,7.842269835465291,8.419528335330208,-0.4429369130607577,-0.8810086319474172,-0.3159507975998536
competitive_vastitas,Competitive Vastitas Borealis,Strip Mine,917,716,201,78.08069792802617,0.12322791712104689,0.30446927374301674,-0.5223880597014925,8.592997253359874,8.531277353618815,8.800610562265366,0.10824799330760099,0.28948934992957087,-0.5373679835149384
competitive_vastitas,Competitive Vastitas Borealis,Subterranean Reservoir,918,486,432,52.94117647058823,-0.23965141612200436,-0.3765432098765432,-0.08564814814814815,8.144367810463809,8.051137153797782,8.254624102191961,-0.25463133993545023,-0.3915231336899891,-0.10062807196159405
competitive_vastitas,Competitive Vastitas Borealis,Symbiotic Fungus,910,47,863,5.164835164835165,-0.7791208791208791,0.48936170212765956,-0.8482039397450754,8.214573120225321,7.81267738003998,8.234604894474604,-0.7941008029343251,0.4743817783142137,-0.8631838635585213
competitive_vastitas,Competitive Vastitas Borealis,Tardigrades,906,572,334,63.13465783664459,0.16556291390728478,0.21153846153846154,0.08682634730538923,7.89441130824663,8.14786766837958,7.451642307630264,0.15058299009383888,0.19655853772501564,0.07184642349194333
competitive_vastitas,Competitive Vastitas Borealis,Technology Demonstration,873,853,20,97.709049255441,-0.10423825887743414,-0.021101992966002344,-3.65,8.737475592125229,8.78402974701206,5.499042978938292,-0.11921818269088004,-0.03608191677944824,-3.664979923813446
competitive_vastitas,Competitive Vastitas Borealis,Tectonic Stress Power,867,238,629,27.45098039215686,-0.13494809688581316,-0.4117647058823529,-0.030206677265500796,8.575383095467135,8.097415084450613,8.753382064589747,-0.14992802069925906,-0.4267446296957988,-0.04518660107894669
competitive_vastitas,Competitive Vastitas Borealis,Terraforming Ganymede,913,654,259,71.63198247535597,-0.2782037239868565,-0.6100917431192661,0.5598455598455598,8.459743179588337,8.48325739563376,8.357752376222768,-0.29318364780030237,-0.625071666932712,0.5448656360321139
competitive_vastitas,Competitive Vastitas Borealis,Titanium Mine,916,902,14,98.47161572052401,0.43231441048034935,0.42904656319290463,0.6428571428571429,8.303189425615319,8.230243824296727,12.561278369883945,0.4173344866669035,0.41406663937945876,0.627877219043697
competitive_vastitas,Competitive Vastitas Borealis,Toll Station,900,124,776,13.777777777777779,-0.0033333333333333335,-0.9435483870967742,0.14690721649484537,8.192687126833036,7.823565007105385,8.245057371996216,-0.01831325714677923,-0.9585283109102202,0.13192729268139947
competitive_vastitas,Competitive Vastitas Borealis,Towing a Comet,907,824,83,90.8489525909592,-0.4729878721058434,-0.3859223300970874,-1.3373493975903614,8.660896886682764,8.77996702838208,7.365504815103347,-0.4879677959192893,-0.40090225391053325,-1.3523293214038072
competitive_vastitas,Competitive Vastitas Borealis,Trans-Neptune Probe,878,727,151,82.80182232346242,-0.2061503416856492,-0.21045392022008252,-0.18543046357615894,8.807952687498753,8.683349107461204,9.415167885569847,-0.2211302654990951,-0.22543384403352842,-0.20041038738960484
competitive_vastitas,Competitive Vastitas Borealis,Trees,885,550,335,62.14689265536723,-0.13559322033898305,-0.4,0.29850746268656714,8.645855911922643,8.844950603817459,8.303406207809555,-0.15057314415242895,-0.4149799238134459,0.28352753887312127
competitive_vastitas,Competitive Vastitas Borealis,Tropical Resort,931,33,898,3.544575725026853,-0.07518796992481203,-3.606060606060606,0.05456570155902005,8.02501042387728,4.917693780748464,8.088992636515682,-0.09016789373825793,-3.621040529874052,0.03958577774557415
competitive_vastitas,Competitive Vastitas Borealis,Tundra Farming,915,99,816,10.819672131147541,-0.44371584699453553,-0.36363636363636365,-0.4534313725490196,8.59047939796049,9.752503127616746,8.445293486686303,-0.4586957708079814,-0.3786162874498095,-0.4684112963624655
competitive_vastitas,Competitive Vastitas Borealis,Underground City,918,365,553,39.760348583878,-0.2657952069716776,-0.8931506849315068,0.14828209764918626,8.100321490819578,7.914521511765489,8.201475749583206,-0.28077513078512345,-0.9081306087449528,0.13330217383574036
competitive_vastitas,Competitive Vastitas Borealis,Underground Detonations,956,13,943,1.3598326359832635,-0.5700836820083682,1.0769230769230769,-0.5927889713679746,8.45711722902377,6.409128105828677,8.482255173542747,-0.5850636058218142,1.061943153109631,-0.6077688951814205
competitive_vastitas,Competitive Vastitas Borealis,Urbanized Area,837,169,668,20.19115890083632,-0.43608124253285546,-1.467455621301775,-0.1751497005988024,8.219901624173803,7.66255234034682,8.340262659948213,-0.45106116634630133,-1.482435545115221,-0.1901296244122483
competitive_vastitas,Competitive Vastitas Borealis,Vesta Shipyard,902,798,104,88.470066518847,0.16851441241685144,0.10526315789473684,0.6538461538461539,8.567184754417827,8.509582604558837,9.025066743447073,0.15353448860340554,0.09028323408129094,0.6388662300327079
competitive_vastitas,Competitive Vastitas Borealis,Viral Enhancers,886,872,14,98.41986455981942,-0.18510158013544017,-0.14678899082568808,-2.5714285714285716,8.096706684956061,8.117762059837135,6.441622892913361,-0.20008150394888607,-0.16176891463913398,-2.5864084952420177
competitive_vastitas,Competitive Vastitas Borealis,Virus,897,770,127,85.84169453734671,0.3132664437012263,0.5012987012987012,-0.8267716535433071,8.492313497344965,8.690944026059974,7.094704584819355,0.29828651988778043,0.48631877748525537,-0.841751577356753
competitive_vastitas,Competitive Vastitas Borealis,Water Import From Europa,883,509,374,57.644394110985274,-0.07927519818799547,0.41453831041257366,-0.7513368983957219,8.588504864095807,8.697172635029716,8.403349633996063,-0.09425512200144137,0.3995583865991278,-0.7663168222091679
competitive_vastitas,Competitive Vastitas Borealis,Water Splitting Plant,871,60,811,6.888633754305396,-0.7256027554535017,-1.2833333333333334,-0.6843403205918619,8.641614037363102,7.932109529117768,8.694910610298184,-0.7405826792669477,-1.2983132571467793,-0.6993202444053078
competitive_vastitas,Competitive Vastitas Borealis,Wave Power,871,103,768,11.82548794489093,-0.4661308840413318,-0.22330097087378642,-0.4986979166666667,8.582175518009995,8.075540458857606,8.652346577724725,-0.48111080785477767,-0.23828089468723232,-0.5136778404801126
competitive_vastitas,Competitive Vastitas Borealis,Windmills,897,57,840,6.354515050167224,-0.725752508361204,-2.0701754385964914,-0.6345238095238095,8.211798398837114,6.940717462715445,8.286640655933903,-0.7407324321746499,-2.0851553624099375,-0.6495037333372554
competitive_vastitas,Competitive Vastitas Borealis,Worms,930,48,882,5.161290322580645,0.5086021505376344,0.16666666666666666,0.5272108843537415,8.628090852418289,7.883009829477012,8.670526676485421,0.4936222267241885,0.15168674285322076,0.5122309605402956
competitive_vastitas,Competitive Vastitas Borealis,Zeppelins,919,28,891,3.046789989118607,-0.20674646354733406,-0.5,-0.19753086419753085,8.661556950960618,8.833857426800426,8.66098280277714,-0.22172638736077996,-0.5149799238134459,-0.21251078801097675
competitive_not_vastitas,Competitive maps except Vastitas,AI Central,7941,7780,161,97.97254753809344,2.3230071779372876,2.3746786632390746,-0.17391304347826086,8.597613213610813,8.587868552225242,8.724652727609925,2.3095528309695967,2.3612243162713837,-0.18736739044595185
competitive_not_vastitas,Competitive maps except Vastitas,Acquired Company,8107,7922,185,97.71802146293327,0.9211792278278031,0.9380207018429689,0.2,8.579411155309309,8.584626795358052,8.343703692266873,0.9077248808601122,0.9245663548752779,0.18654565303230902
competitive_not_vastitas,Competitive maps except Vastitas,Adaptation Technology,8071,2995,5076,37.10816503531161,-0.2044356337504646,-0.29115191986644406,-0.1532702915681639,8.695928210115266,8.724349089915588,8.67956953046176,-0.2178899807181556,-0.30460626683413505,-0.1667246385358549
competitive_not_vastitas,Competitive maps except Vastitas,Adapted Lichen,8105,3732,4373,46.04565083281925,-0.31523750771128933,-0.6382636655948553,-0.039560942144980564,8.590810192527952,8.44008088889141,8.70887480950457,-0.3286918546789803,-0.6517180125625462,-0.053015289112671546
competitive_not_vastitas,Competitive maps except Vastitas,Advanced Alloys,7999,7794,205,97.43717964745593,1.81410176272034,1.8530921221452399,0.33170731707317075,8.697369270256464,8.681533404934004,9.17943243964009,1.800647415752649,1.839637775177549,0.31825297010547976
competitive_not_vastitas,Competitive maps except Vastitas,Advanced Ecosystems,8038,5639,2399,70.1542672306544,-0.2806668325454093,-0.23727611278595495,-0.3826594414339308,8.650419891159352,8.796873381976491,8.296896900576778,-0.2941211795131003,-0.25073045975364594,-0.3961137884016218
competitive_not_vastitas,Competitive maps except Vastitas,Aerobraked Ammonia Asteroid,8029,997,7032,12.417486611034999,-0.4600822020176859,-1.065195586760281,-0.3742889647326507,8.615278663551234,8.154677020957058,8.675742436187338,-0.4735365489853769,-1.0786499337279718,-0.3877433117003417
competitive_not_vastitas,Competitive maps except Vastitas,Algae,8000,6429,1571,80.3625,-0.07025,-0.07388396329133613,-0.05537873965626989,8.652639681575927,8.737546966626315,8.298805917085815,-0.083704346967691,-0.08733831025902712,-0.06883308662396087
competitive_not_vastitas,Competitive maps except Vastitas,Anti-Gravity Technology,7866,7161,705,91.03737604881769,0.5973811339944063,0.7464041335009077,-0.9163120567375886,8.55773486059418,8.616969339707422,7.776353873221896,0.5839267870267153,0.7329497865332167,-0.9297664037052796
competitive_not_vastitas,Competitive maps except Vastitas,Ants,7922,999,6923,12.610451906084322,-0.3430951779853572,-0.998998998998999,-0.2484472049689441,8.533095504404686,8.326443317265197,8.558943534039413,-0.3565495249530482,-1.01245334596669,-0.26190155193663506
competitive_not_vastitas,Competitive maps except Vastitas,Aquifer Pumping,8044,1397,6647,17.366981601193437,-0.07235206364992541,-0.010737294201861132,-0.08530163983752069,8.659226698996406,8.377160540741047,8.717906915573053,-0.0858064106176164,-0.024191641169552115,-0.09875598680521168
competitive_not_vastitas,Competitive maps except Vastitas,Archaebacteria,8071,6588,1483,81.62557303927642,0.00916862842274811,-0.08120825743776564,0.41065407956844235,8.530848762570516,8.461304715188176,8.824916864710808,-0.004285718544942875,-0.09466260440545662,0.39719973260075137
competitive_not_vastitas,Competitive maps except Vastitas,Arctic Algae,7932,7709,223,97.1886031265759,0.4791981845688351,0.47360228304579066,0.672645739910314,8.639019191502902,8.644584276890628,8.461120178808525,0.46574383760114413,0.4601479360780997,0.659191392942623
competitive_not_vastitas,Competitive maps except Vastitas,Artificial Lake,8048,417,7631,5.181411530815109,-0.3249254473161034,-1.3908872901678657,-0.26667540296160397,8.654787466261226,8.562452326046765,8.65657815883672,-0.3383797942837944,-1.4043416371355566,-0.28012974992929496
competitive_not_vastitas,Competitive maps except Vastitas,Artificial Photosynthesis,7937,6213,1724,78.27894670530426,-0.1920120952500945,-0.12345082890713022,-0.4390951276102088,8.603082348965371,8.600737412175677,8.60949431338512,-0.20546644221778548,-0.1369051758748212,-0.4525494745778998
competitive_not_vastitas,Competitive maps except Vastitas,Asteroid,8078,7292,786,90.26986877940084,-0.3882149046793761,-0.41278113000548544,-0.16030534351145037,8.659893467403222,8.70803437520982,8.201584554585146,-0.40166925164706707,-0.42623547697317643,-0.17375969047914136
competitive_not_vastitas,Competitive maps except Vastitas,Asteroid Mining,8010,6865,1145,85.70536828963795,0.08776529338327091,0.06919155134741442,0.19912663755458515,8.587589742765728,8.601479568044427,8.506712648005228,0.07431094641557992,0.05573720437972343,0.18567229058689416
competitive_not_vastitas,Competitive maps except Vastitas,Asteroid Mining Consortium,7970,7039,931,88.31869510664994,0.9722710163111669,1.1558460008523939,-0.41568206229860366,8.761825788757827,8.757621914297617,8.673289304345348,0.9588166693434759,1.142391653884703,-0.42913640926629465
competitive_not_vastitas,Competitive maps except Vastitas,Beam From a Thorium Asteroid,8008,4143,3865,51.735764235764236,-0.03583916083916084,-0.17716630461018584,0.11565329883570505,8.634225972502033,8.527343470084226,8.745914499854969,-0.04929350780685182,-0.19062065157787683,0.10219895186801406
competitive_not_vastitas,Competitive maps except Vastitas,Big Asteroid,8086,7548,538,93.34652485777887,0.19638882018303241,0.20111287758346583,0.13011152416356878,8.642892093618638,8.667103572230157,8.303248359580275,0.18293447321534143,0.18765853061577484,0.11665717719587779
competitive_not_vastitas,Competitive maps except Vastitas,Biomass Combustors,7913,2060,5853,26.033110072033363,-0.47630481486162013,-0.5228155339805826,-0.45993507602938666,8.594636198191887,8.662074439412912,8.571458452082945,-0.4897591618293111,-0.5362698809482735,-0.47338942299707765
competitive_not_vastitas,Competitive maps except Vastitas,Birds,7967,5114,2853,64.18978285427389,0.041420861051838835,0.08897145091904576,-0.043813529617946025,8.662314533950683,8.824145417039457,8.36524909757715,0.02796651408414785,0.07551710395135477,-0.057267876585637006
competitive_not_vastitas,Competitive maps except Vastitas,Black Polar Dust,7978,2367,5611,29.669089997493106,-0.25307094509902234,-0.7422898183354457,-0.04669399394047407,8.63098640123034,8.569165584349323,8.649397639826361,-0.2665252920667133,-0.7557441653031367,-0.06014834090816505
competitive_not_vastitas,Competitive maps except Vastitas,Breathing Filters,7981,999,6982,12.517228417491543,-0.29695526876331285,-0.6116116116116116,-0.25193354339730734,8.67807868284755,8.612529048922994,8.68709795900302,-0.31040961573100384,-0.6250659585793026,-0.2653878903649983
competitive_not_vastitas,Competitive maps except Vastitas,Bribed Committee,8067,6131,1936,76.00099169455808,0.12830048345109707,0.25036698744087427,-0.25826446280991733,8.56507744124151,8.60477774901807,8.428659972044105,0.11484613648340608,0.23691264047318328,-0.2717188097776083
competitive_not_vastitas,Competitive maps except Vastitas,Building Industries,7960,6944,1016,87.23618090452261,0.3657035175879397,0.35455069124423966,0.4419291338582677,8.665616295142122,8.687851830952077,8.515912304806243,0.3522491706202487,0.34109634427654867,0.4284747868905767
competitive_not_vastitas,Competitive maps except Vastitas,Bushes,8034,6004,2030,74.73238735374657,-0.2560368434154842,-0.38474350433044635,0.12463054187192119,8.719313762711192,8.81122701765884,8.432244330072722,-0.2694911903831752,-0.39819785129813734,0.1111761949042302
competitive_not_vastitas,Competitive maps except Vastitas,Business Contacts,7994,7520,474,94.07055291468602,0.26970227670753066,0.30079787234042554,-0.22362869198312235,8.586534675988418,8.622304846819924,7.989990482104604,0.2562479297398397,0.28734352537273455,-0.23708303895081334
competitive_not_vastitas,Competitive maps except Vastitas,Business Network,7913,7470,443,94.40161759130545,0.24630355111841273,0.24725568942436413,0.23024830699774265,8.81396133161853,8.819353943572631,8.732385589459534,0.23284920415072174,0.23380134245667314,0.21679396003005166
competitive_not_vastitas,Competitive maps except Vastitas,CEO's Favourite Project,7929,742,7187,9.358052717871105,-0.3279102030520873,-0.3557951482479784,-0.32503130652567136,8.660745102797376,8.529861026064319,8.674725732130476,-0.3413645500197783,-0.3692494952156694,-0.33848565349336235
competitive_not_vastitas,Competitive maps except Vastitas,Callisto Penal Mines,7977,4167,3810,52.237683339601354,-0.43174125611132,-0.6642668586513079,-0.1774278215223097,8.704391690022,8.68656360492587,8.717889116740674,-0.445195603079011,-0.6777212056189988,-0.1908821684900007
competitive_not_vastitas,Competitive maps except Vastitas,Capital,8055,2092,5963,25.971446306641838,-0.35145872129112354,-0.8446462715105163,-0.1784336743250042,8.50772754069107,8.143104045160623,8.625984345723094,-0.36491306825881453,-0.8581006184782073,-0.1918880212926952
competitive_not_vastitas,Competitive maps except Vastitas,Carbonate Processing,7930,3750,4180,47.288776796973515,-0.3387137452711223,-0.752,0.03205741626794258,8.456518319680006,8.39656854297511,8.49384592481246,-0.3521680922388133,-0.765454346967691,0.018603069300251598
competitive_not_vastitas,Competitive maps except Vastitas,Caretaker Contract,8094,51,8043,0.6300963676797627,-0.4776377563627378,-3.6470588235294117,-0.4575407186373244,8.538307080942,6.244432814633415,8.547425008706403,-0.4910921033304288,-3.6605131704971026,-0.47099506560501536
competitive_not_vastitas,Competitive maps except Vastitas,Cartel,7901,5989,1912,75.80053157828122,0.5347424376661182,0.6839205209550844,0.06746861924686193,8.629414762273827,8.619805431817634,8.645053047960422,0.5212880906984272,0.6704661739873934,0.05401427227917094
competitive_not_vastitas,Competitive maps except Vastitas,Cloud Seeding,8063,1247,6816,15.465707553019968,-0.35693910455165573,-1.153167602245389,-0.2112676056338028,8.613498153550513,8.389195881280116,8.646576383006098,-0.3703934515193467,-1.1666219492130798,-0.2247219526014938
competitive_not_vastitas,Competitive maps except Vastitas,Colonizer Training Camp,8104,5287,2817,65.23938795656466,-0.5496051332675223,-0.625874787213921,-0.40646077387291446,8.629497603860251,8.463828584702082,8.931907866180753,-0.5630594802352132,-0.639329134181612,-0.41991512084060545
competitive_not_vastitas,Competitive maps except Vastitas,Comet,7985,7384,601,92.47338760175329,0.07701941139636818,0.05390032502708559,0.3610648918469218,8.671264948342753,8.698764374810251,8.327729674454018,0.0635650644286772,0.04044597805939461,0.3476105448792308
competitive_not_vastitas,Competitive maps except Vastitas,Commercial District,7989,5107,2882,63.9253974214545,0.07385154587557892,0.011161151360877227,0.184941013185288,8.583126384732788,8.565253363505164,8.615074944128125,0.06039719890788793,-0.0022931956068137586,0.171486666217597
competitive_not_vastitas,Competitive maps except Vastitas,Convoy From Europa,8007,7068,939,88.27276133383289,-0.06806544273760459,-0.09790605546123372,0.15654952076677317,8.641801171983273,8.65174727226317,8.567802276120426,-0.08151978970529558,-0.11136040242892471,0.14309517379908218
competitive_not_vastitas,Competitive maps except Vastitas,Corporate Stronghold,7962,3842,4120,48.25420748555639,0.09959809093192665,0.3107756376887038,-0.09733009708737864,8.633182789911316,8.514608086647362,8.738742220356999,0.08614374396423566,0.2973212907210128,-0.11078444405506963
competitive_not_vastitas,Competitive maps except Vastitas,Cupola City,7869,6746,1123,85.7288092514932,-0.026305756767060616,-0.08034390750074118,0.2983081032947462,8.709451436216904,8.700472057625397,8.760075268144774,-0.0397601037347516,-0.09379825446843217,0.28485375632705523
competitive_not_vastitas,Competitive maps except Vastitas,Decomposers,8013,6193,1820,77.28690877324348,-0.2797953325845501,-0.2664298401420959,-0.3252747252747253,8.613886393483687,8.728187936692866,8.215200561479381,-0.29324967955224107,-0.2798841871097869,-0.3387290722424163
competitive_not_vastitas,Competitive maps except Vastitas,Deep Well Heating,8049,5069,2980,62.97676730028575,-0.01714498695490123,-0.08818307358453344,0.10369127516778523,8.51193199755432,8.424201031326426,8.65920663119297,-0.030599333922592214,-0.10163742055222443,0.09023692820009424
competitive_not_vastitas,Competitive maps except Vastitas,Deimos Down,8063,7654,409,94.92744635991566,0.7079250899169044,0.746276456754638,-0.009779951100244499,8.57126185821366,8.62020991223588,7.570900314302577,0.6944707429492134,0.7328221097869471,-0.023234298067935484
competitive_not_vastitas,Competitive maps except Vastitas,Designed Microorganisms,8016,6393,1623,79.75299401197604,0.37761976047904194,0.32910996402315035,0.5686999383857055,8.576934824140023,8.55666118662272,8.656340910062088,0.36416541351135095,0.31565561705545936,0.5552455914180146
competitive_not_vastitas,Competitive maps except Vastitas,Development Center,7898,7623,275,96.51810584958217,1.2229678399594834,1.2693165420438148,-0.06181818181818182,8.717466362650748,8.741904776769566,7.917445647887925,1.2095134929917926,1.255862195076124,-0.0752725287858728
competitive_not_vastitas,Competitive maps except Vastitas,Domed Crater,7971,6576,1395,82.49905908919834,-0.14414753481369966,-0.2703771289537713,0.45089605734767024,8.609246105478983,8.524688096518444,8.976431214336582,-0.15760188178139065,-0.2838314759214623,0.43744171037997925
competitive_not_vastitas,Competitive maps except Vastitas,Dust Seals,8037,1080,6957,13.437849944008958,-0.3956700261291527,-0.937962962962963,-0.31148483541756505,8.614394124199448,8.328677053586949,8.655438782842063,-0.4091243730968437,-0.951417309930654,-0.32493918238525604
competitive_not_vastitas,Competitive maps except Vastitas,Earth Catapult,7816,7779,37,99.52661207778915,2.7533265097236437,2.7518961306080474,3.054054054054054,8.518846769914521,8.511386951249483,10.096605441505647,2.739872162755953,2.7384417836403565,3.040599707086363
competitive_not_vastitas,Competitive maps except Vastitas,Earth Office,7877,7735,142,98.19728322965597,0.8050019042782786,0.8347769877181642,-0.8169014084507042,8.70182437487184,8.703598714953293,8.477437487767462,0.7915475573105876,0.8213226407504732,-0.8303557554183952
competitive_not_vastitas,Competitive maps except Vastitas,Ecological Zone,8215,7459,756,90.79732197200244,-0.14351795496043823,-0.10256066496849443,-0.5476190476190477,8.627365368593246,8.730604608910417,7.526490586503301,-0.15697230192812922,-0.11601501193618542,-0.5610733945867387
competitive_not_vastitas,Competitive maps except Vastitas,Electro Catapult,8007,7559,448,94.40489571624828,0.8714874484825778,0.9121576928165102,0.18526785714285715,8.49492332404184,8.512351693000793,8.173950926791486,0.8580331015148868,0.8987033458488192,0.17181351017516616
competitive_not_vastitas,Competitive maps except Vastitas,Energy Saving,8162,235,7927,2.8791962754226903,-0.32063219799068854,-1.1404255319148937,-0.2963290021445692,8.621532939899813,7.744964164127478,8.645417304570636,-0.3340865449583795,-1.1538798788825846,-0.3097833491122602
competitive_not_vastitas,Competitive maps except Vastitas,Energy Tapping,8027,6647,1380,82.8080229226361,0.400772393173041,0.5555889875131639,-0.34492753623188405,8.543330835841529,8.651920842018981,7.9605542428032745,0.38731804620535,0.5421346405454729,-0.35838188319957504
competitive_not_vastitas,Competitive maps except Vastitas,Eos Chasma National Park,7962,2259,5703,28.37226827430294,-0.14179854307962825,-0.7007525453740593,0.07960722426792916,8.604200776466188,8.62596726250229,8.586264127028645,-0.15525289004731924,-0.7142068923417503,0.06615287730023817
competitive_not_vastitas,Competitive maps except Vastitas,Equatorial Magnetizer,7908,225,7683,2.845220030349014,-0.4656044511886697,-1.1466666666666667,-0.44565924768970455,8.463460055804076,8.05343759787441,8.474843416649275,-0.4790587981563607,-1.1601210136343576,-0.45911359465739554
competitive_not_vastitas,Competitive maps except Vastitas,Extreme-Cold Fungus,8030,2012,6018,25.0560398505604,-0.2694894146948941,-0.5790258449304175,-0.16600199401794616,8.64438969926226,8.31336880514937,8.75049953708787,-0.2829437616625851,-0.5924801918981085,-0.17945634098563715
competitive_not_vastitas,Competitive maps except Vastitas,Farming,7937,2815,5122,35.46680105833438,-0.44437444878417537,-0.5023090586145649,-0.41253416634127293,8.51176021221073,8.598559717064912,8.464351602945937,-0.45782879575186636,-0.5157634055822559,-0.4259885133089639
competitive_not_vastitas,Competitive maps except Vastitas,Fish,7990,4446,3544,55.644555694618276,-0.2648310387984981,-0.33175888439046336,-0.18086907449209932,8.589260349768333,8.702735507849125,8.445222257536178,-0.2782853857661891,-0.34521323135815435,-0.1943234214597903
competitive_not_vastitas,Competitive maps except Vastitas,Flooding,8034,6285,1749,78.23002240477969,-0.19865571321882,-0.15163086714399363,-0.3676386506575186,8.711204978645059,8.820171890294963,8.308090965132278,-0.212110060186511,-0.16508521411168461,-0.3810929976252096
competitive_not_vastitas,Competitive maps except Vastitas,Food Factory,7954,794,7160,9.982398793060096,-0.4224289665577068,-0.9395465994962217,-0.36508379888268155,8.631470369140718,7.853730468114849,8.71205716627286,-0.4358833135253978,-0.9530009464639126,-0.37853814585037254
competitive_not_vastitas,Competitive maps except Vastitas,Fuel Factory,7982,6686,1296,83.76346780255575,0.28088198446504636,0.360604247681723,-0.13040123456790123,8.61847976928041,8.613825688571536,8.634087163772893,0.2674276374973554,0.347149900714032,-0.14385558153559222
competitive_not_vastitas,Competitive maps except Vastitas,Fueled Generators,8042,5123,2919,63.70305894056205,-0.3070131808007958,-0.4421237556119461,-0.0698869475847893,8.657338322749567,8.80226167305988,8.39317714403648,-0.3204675277684868,-0.4555781025796371,-0.0833412945524803
competitive_not_vastitas,Competitive maps except Vastitas,Fusion Power,7839,3275,4564,41.778288046944766,-0.26929455287664245,-0.5609160305343511,-0.0600350569675723,8.626070899187255,8.43304502519937,8.756895788048014,-0.28274889984433343,-0.5743703775020421,-0.07348940393526329
competitive_not_vastitas,Competitive maps except Vastitas,GHG Factories,8089,5043,3046,62.3439238471999,-0.273581406848807,-0.5496728138013087,0.1835193696651346,8.58030348279736,8.652834243889675,8.440429966564414,-0.287035753816498,-0.5631271607689997,0.1700650226974436
competitive_not_vastitas,Competitive maps except Vastitas,GHG Producing Bacteria,7916,2364,5552,29.86356745831228,-0.22738756947953512,-0.25846023688663283,-0.21415706051873198,8.610272423297841,8.588073514148013,8.620445580894213,-0.2408419164472261,-0.2719145838543238,-0.22761140748642297
competitive_not_vastitas,Competitive maps except Vastitas,Ganymede Colony,8037,5337,2700,66.40537513997761,-0.21537887271369915,-0.3563799887577291,0.06333333333333334,8.641699314643814,8.666096605238348,8.5880607216142,-0.22883321968139014,-0.36983433572542007,0.04987898636564235
competitive_not_vastitas,Competitive maps except Vastitas,Gene Repair,7927,4804,3123,60.60300239687145,-0.16664564147849123,-0.18463780183180684,-0.13896894012167788,8.601583552160335,8.648348162269288,8.530453556872953,-0.18009998844618222,-0.19809214879949782,-0.15242328708936886
competitive_not_vastitas,Competitive maps except Vastitas,Geothermal Power,7980,6350,1630,79.57393483709274,-0.0018796992481203006,-0.029133858267716535,0.10429447852760736,8.593542635899984,8.627990089477775,8.459787156577402,-0.015334046215811286,-0.04258820523540752,0.09084013155991637
competitive_not_vastitas,Competitive maps except Vastitas,Giant Ice Asteroid,7968,7619,349,95.61997991967871,0.9240712851405622,0.9738810867567922,-0.16332378223495703,8.553958733079003,8.598538544461265,7.4432123179700485,0.9106169381728713,0.9604267397891012,-0.17677812920264802
competitive_not_vastitas,Competitive maps except Vastitas,Giant Space Mirror,8208,5192,3016,63.25536062378168,0.18287037037037038,0.22708012326656393,0.10676392572944297,8.596632897953162,8.520141383548724,8.727638985468428,0.1694160234026794,0.21362577629887294,0.09330957876175199
competitive_not_vastitas,Competitive maps except Vastitas,Grass,8087,5009,3078,61.93891430691233,-0.20118709039198715,-0.3010580954282292,-0.03866146848602989,8.549615626237834,8.528986522480723,8.581983366724945,-0.21464143735967814,-0.3145124423959202,-0.052115815453720876
competitive_not_vastitas,Competitive maps except Vastitas,Great Dam,7976,1848,6128,23.16950852557673,-0.5067703109327983,-1.1428571428571428,-0.31494778067885115,8.623287231896429,8.24530138761115,8.725621459358297,-0.5202246579004893,-1.1563114898248337,-0.32840212764654214
competitive_not_vastitas,Competitive maps except Vastitas,Great Escarpment Consortium,7969,5572,2397,69.92094365666959,0.3031748023591417,0.5875807609475951,-0.3579474342928661,8.653161272605894,8.584343077712322,8.777315605637936,0.2897204553914507,0.5741264139799042,-0.37140178126055706
competitive_not_vastitas,Competitive maps except Vastitas,Greenhouses,7807,5431,2376,69.56577430511079,-0.1439733572434994,-0.17676302706683852,-0.06902356902356903,8.630204051830459,8.624970253708183,8.643505140239057,-0.1574277042111904,-0.1902173740345295,-0.08247791599126002
competitive_not_vastitas,Competitive maps except Vastitas,Hackers,7993,4683,3310,58.588765169523334,0.4207431502564744,0.8144351911168055,-0.13625377643504533,8.549025730406365,8.618668632225894,8.419414265914838,0.4072888032887834,0.8009808441491145,-0.14970812340273632
competitive_not_vastitas,Competitive maps except Vastitas,Heat Trappers,7749,5723,2026,73.85469092786165,0.06439540585882049,0.09295823868600385,-0.016288252714708785,8.775294339509527,8.97647850848652,8.181896984533068,0.0509410588911295,0.07950389171831286,-0.02974259968239977
competitive_not_vastitas,Competitive maps except Vastitas,Heather,7921,4800,3121,60.59840929175609,-0.3744476707486428,-0.7327083333333333,0.17654597885293175,8.64136303350567,8.722601730712519,8.486824690208017,-0.3879020177163338,-0.7461626803010243,0.16309163188524076
competitive_not_vastitas,Competitive maps except Vastitas,Herbivores,7961,4541,3420,57.04057279236277,-0.29895741740987314,-0.3142479630037437,-0.27865497076023393,8.616541306624391,8.805441951659864,8.360365585713424,-0.3124117643775641,-0.3277023099714347,-0.2921093177279249
competitive_not_vastitas,Competitive maps except Vastitas,Hired Raiders,7988,7573,415,94.80470706059089,-0.14897346019028543,-0.09375412650204674,-1.1566265060240963,8.515437351768611,8.58283212039236,7.109023196914721,-0.16242780715797642,-0.10720847346973773,-1.1700808529917872
competitive_not_vastitas,Competitive maps except Vastitas,House Printing,7851,5117,2734,65.17641064832506,-0.1664756082027767,-0.23783466875122142,-0.03291880029261156,8.607872388388849,8.575010003574423,8.669038432001503,-0.1799299551704677,-0.2512890157189124,-0.04637314726030255
competitive_not_vastitas,Competitive maps except Vastitas,Ice Asteroid,8025,7512,513,93.60747663551402,0.2497196261682243,0.23176251331203407,0.5126705653021443,8.556856074284342,8.583030924221088,8.167457295539656,0.2362652792005333,0.21830816634434308,0.4992162183344533
competitive_not_vastitas,Competitive maps except Vastitas,Ice cap Melting,7813,510,7303,6.527582234736977,-0.3453218993984385,-0.6862745098039216,-0.32151170751745856,8.710043886531368,9.177126678317098,8.676645729556736,-0.3587762463661295,-0.6997288567716126,-0.33496605448514954
competitive_not_vastitas,Competitive maps except Vastitas,Immigrant City,7978,5772,2206,72.34895963900728,-0.8618701428929556,-1.2694040194040195,0.20444242973708068,8.56515545920209,8.418260354156923,8.851682814351774,-0.8753244898606466,-1.2828583663717104,0.1909880827693897
competitive_not_vastitas,Competitive maps except Vastitas,Immigration Shuttles,8176,3830,4346,46.84442270058708,-0.046966731898238745,0.007049608355091384,-0.09456971928209848,8.67413438401323,8.477718937055238,8.844314250177773,-0.060421078865929734,-0.006404738612599601,-0.10802406624978947
competitive_not_vastitas,Competitive maps except Vastitas,Import of Advanced GHG,8011,5339,2672,66.64586193983273,-0.29209836474847084,-0.4043828432290691,-0.06773952095808383,8.574564553474943,8.561219574321788,8.598379932094646,-0.30555271171616183,-0.4178371901967601,-0.08119386792577482
competitive_not_vastitas,Competitive maps except Vastitas,Imported GHG,7987,5058,2929,63.327907850256665,-0.13622135970952798,-0.31494661921708184,0.1724137931034483,8.591224586162722,8.518487032567672,8.70823229935539,-0.14967570667721897,-0.3284009661847728,0.1589594461357573
competitive_not_vastitas,Competitive maps except Vastitas,Imported Hydrogen,8124,7654,470,94.21467257508617,-0.05883801083210241,-0.060491246407107395,-0.031914893617021274,8.588589232488067,8.62901029698445,7.909741541336051,-0.0722923577997934,-0.07394559337479838,-0.045369240584712256
competitive_not_vastitas,Competitive maps except Vastitas,Imported Nitrogen,7997,5893,2104,73.69013380017506,-0.34875578341878205,-0.3169862548786696,-0.4377376425855513,8.618595019204589,8.77014575114045,8.180554156112137,-0.36221013038647304,-0.3304406018463606,-0.4511919895532423
competitive_not_vastitas,Competitive maps except Vastitas,Indentured Workers,7946,6660,1286,83.81575635539895,-0.14145482003523785,-0.03993993993993994,-0.6671850699844479,8.716563407186436,8.852306152593714,7.959212913492031,-0.15490916700292884,-0.05339428690763093,-0.6806394169521389
competitive_not_vastitas,Competitive maps except Vastitas,Industrial Center,8005,6251,1754,78.08869456589632,-0.15215490318550906,-0.21788513837785956,0.08209806157354618,8.644346247979806,8.618299047413283,8.734996194408671,-0.16560925015320005,-0.23133948534555054,0.0686437146058552
competitive_not_vastitas,Competitive maps except Vastitas,Industrial Microbes,8049,7219,830,89.68816001987824,0.47322648776245496,0.47735143371658123,0.43734939759036146,8.626128879275043,8.577528094868688,9.04313761698895,0.459772140794764,0.46389708674889024,0.42389505062267047
competitive_not_vastitas,Competitive maps except Vastitas,Insects,8059,7135,924,88.534557637424,-0.06427596475989576,-0.017799579537491242,-0.4231601731601732,8.586461150953273,8.676576191779013,7.8509644549926705,-0.07773031172758675,-0.03125392650518223,-0.43661452012786417
competitive_not_vastitas,Competitive maps except Vastitas,Insulation,7970,264,7706,3.312421580928482,-0.3658720200752823,-0.9431818181818182,-0.34609395276407995,8.737159103612553,7.375879847567464,8.779791907263215,-0.3793263670429733,-0.9566361651495092,-0.35954829973177094
competitive_not_vastitas,Competitive maps except Vastitas,Interstellar Colony Ship,7834,3020,4814,38.54991064590248,-0.4272402348736278,0.02052980132450331,-0.7081429164935604,8.589263105247316,8.606573805558513,8.56734047610505,-0.44069458184131877,0.007075454356812325,-0.7215972634612514
competitive_not_vastitas,Competitive maps except Vastitas,Invention Contest,8095,7742,353,95.63928350833848,0.18085237801111798,0.17915267372771893,0.21813031161473087,8.633730005769626,8.650101125546334,8.278223755117327,0.167398031043427,0.16569832676002794,0.20467596464703988
competitive_not_vastitas,Competitive maps except Vastitas,Inventors' Guild,8018,7778,240,97.00673484659517,0.5170865552506859,0.5710979686294677,-1.2333333333333334,8.640579737729276,8.656616960890656,7.9229905741063416,0.5036322082829949,0.5576436216617767,-1.2467876803010243
competitive_not_vastitas,Competitive maps except Vastitas,Investment Loan,7909,6468,1441,81.78025034770515,-0.08294348210898976,0.045763760049474335,-0.6606523247744622,8.578858430592426,8.685424231538942,8.060838932542884,-0.09639782907668075,0.03230941308178335,-0.6741066717421532
competitive_not_vastitas,Competitive maps except Vastitas,Io Mining Industries,7987,6834,1153,85.56404156754726,0.5004382120946538,0.38191395961369623,1.2029488291413704,8.676568361149597,8.689290064626801,8.570910811004381,0.4869838651269628,0.36845961264600524,1.1894944821736795
competitive_not_vastitas,Competitive maps except Vastitas,Ironworks,7958,1127,6831,14.16184971098266,-0.37044483538577533,-0.19432120674356698,-0.3995022690674865,8.610808670951698,8.676771406394808,8.600169890961395,-0.3838991823534663,-0.20777555371125797,-0.41295661603517747
competitive_not_vastitas,Competitive maps except Vastitas,Kelp Farming,8043,7307,736,90.84918562725352,0.8297898793982345,0.9304776241959765,-0.16983695652173914,8.556408948217939,8.634316481949783,7.674480228399949,0.8163355324305435,0.9170232772282855,-0.18329130348943012
competitive_not_vastitas,Competitive maps except Vastitas,Lagrange Observatory,8042,6839,1203,85.0410345685153,-0.09810992290475007,-0.023102792805965784,-0.5245220282626767,8.683375996009682,8.73481090689572,8.375744762880315,-0.11156426987244106,-0.036557139773656766,-0.5379763752303677
competitive_not_vastitas,Competitive maps except Vastitas,Lake Marineris,8013,2464,5549,30.750031199301137,-0.4050917259453388,-0.5048701298701299,-0.3607857271580465,8.568037530934399,8.875507946863445,8.428349641596954,-0.4185460729130298,-0.5183244768378209,-0.3742400741257375
competitive_not_vastitas,Competitive maps except Vastitas,Land Claim,7921,892,7029,11.261204393384673,-0.2619618735008206,-0.48878923766816146,-0.23317683881064163,8.627924984282417,8.652856641006222,8.62494647200888,-0.2754162204685116,-0.5022435846358524,-0.24663118577833262
competitive_not_vastitas,Competitive maps except Vastitas,Large Convoy,8032,7310,722,91.0109561752988,0.1313496015936255,0.1801641586867305,-0.3628808864265928,8.683080915282153,8.732880356235487,8.151046766823647,0.1178952546259345,0.1667098117190395,-0.37633523339428376
competitive_not_vastitas,Competitive maps except Vastitas,Lava Flows,8159,6639,1520,81.37026596396618,0.17698247334232137,0.19219762012351257,0.11052631578947368,8.587481819175341,8.586117601220877,8.59594924193632,0.16352812637463038,0.17874327315582159,0.09707196882178269
competitive_not_vastitas,Competitive maps except Vastitas,Lava Tube Settlement,7888,4264,3624,54.05679513184584,-0.4622210953346856,-0.824812382739212,-0.03559602649006623,8.631993689816877,8.55957218915975,8.698279310435305,-0.47567544230237657,-0.838266729706903,-0.049050373457757215
competitive_not_vastitas,Competitive maps except Vastitas,Lichen,7942,5360,2582,67.48929740619491,-0.33240997229916897,-0.5095149253731344,0.03524399690162665,8.669856224902162,8.738658736346226,8.515177615540878,-0.34586431926685995,-0.5229692723408254,0.021789649933935663
competitive_not_vastitas,Competitive maps except Vastitas,Lightning Harvest,7971,2068,5903,25.944047170994857,-0.2357295195082173,-0.47050290135396516,-0.1534812807047264,8.581530634696465,8.276873098625538,8.684918647939577,-0.2491838664759083,-0.48395724832165615,-0.1669356276724174
competitive_not_vastitas,Competitive maps except Vastitas,Livestock,8064,1652,6412,20.48611111111111,-0.5024801587301587,-1.1713075060532687,-0.3301621958827199,8.717328048729637,8.644136176256634,8.728455631193384,-0.5159345056978497,-1.1847618530209596,-0.3436165428504109
competitive_not_vastitas,Competitive maps except Vastitas,Local Heat Trapping,7898,1772,6126,22.436059761965055,-0.17637376551025577,-0.32054176072234764,-0.1346718903036239,8.528979206461212,8.62087902778445,8.50246442728368,-0.18982811247794676,-0.3339961076900386,-0.14812623727131488
competitive_not_vastitas,Competitive maps except Vastitas,Lunar Beam,7874,4260,3614,54.10210820421641,-0.2432054864109728,-0.5333333333333333,0.0987825124515772,8.658598472670178,8.760064706498977,8.525985330916885,-0.25665983337866377,-0.5467876803010243,0.0853281654838862
competitive_not_vastitas,Competitive maps except Vastitas,Magnetic Field Dome,7872,228,7644,2.8963414634146343,-0.3517530487804878,-1.2017543859649122,-0.32639979068550495,8.651491395580104,7.275787889952826,8.688306612573664,-0.3652073957481788,-1.2152087329326031,-0.33985413765319594
competitive_not_vastitas,Competitive maps except Vastitas,Magnetic Field Generators,8080,313,7767,3.873762376237624,-0.28688118811881186,-0.987220447284345,-0.25865842667696665,8.508654640325508,7.876032468294672,8.532431616445171,-0.30033553508650285,-1.000674794252036,-0.27211277364465764
competitive_not_vastitas,Competitive maps except Vastitas,Mangrove,8025,3837,4188,47.81308411214953,-0.3116510903426791,-0.1344800625488663,-0.47397325692454634,8.605465297062374,8.827990846728252,8.39418980715297,-0.3251054373103701,-0.14793440951655729,-0.4874276038922373
competitive_not_vastitas,Competitive maps except Vastitas,Mars University,8173,8088,85,98.95999021167258,0.8967331457237244,0.9146884272997032,-0.8117647058823529,8.650603850984083,8.655256092160275,8.06151072579283,0.8832787987560334,0.9012340803320122,-0.8252190528500439
competitive_not_vastitas,Competitive maps except Vastitas,Martian Rails,8020,441,7579,5.498753117206983,-0.30847880299251873,-0.5555555555555556,-0.2941021242908035,8.698714978648292,7.482842327146102,8.764487281862484,-0.3219331499602097,-0.5690099025232466,-0.3075564712584945
competitive_not_vastitas,Competitive maps except Vastitas,Martian Survey,7991,5751,2240,71.96846452258791,-0.14729070203979477,-0.19405320813771518,-0.027232142857142858,8.725659073290196,8.674875632434846,8.855530940854596,-0.16074504900748576,-0.20750755510540617,-0.040686489824833846
competitive_not_vastitas,Competitive maps except Vastitas,Mass Converter,7990,7424,566,92.91614518147685,0.7395494367959949,0.8374191810344828,-0.5441696113074205,8.70116238551942,8.737977556532178,8.10139240296113,0.726095089828304,0.8239648340667918,-0.5576239582751115
competitive_not_vastitas,Competitive maps except Vastitas,Media Archives,7969,2885,5084,36.20278579495545,-0.18735098506713516,-0.04471403812824957,-0.2682926829268293,8.594613437670352,8.502941317993466,8.645987980597189,-0.20080533203482615,-0.05816838509594055,-0.2817470298945203
competitive_not_vastitas,Competitive maps except Vastitas,Media Group,7944,7852,92,98.84189325276938,1.1061178247734138,1.129903209373408,-0.9239130434782609,8.60786688804467,8.613182843851778,7.924414486849388,1.092663477805723,1.1164488624057172,-0.9373673904459519
competitive_not_vastitas,Competitive maps except Vastitas,Medical Lab,7948,6595,1353,82.9768495218923,-0.00918470055359839,0.06307808946171342,-0.3614190687361419,8.637100958249082,8.649370525157629,8.57149992723012,-0.022639047521289375,0.04962374249402243,-0.37487341570383287
competitive_not_vastitas,Competitive maps except Vastitas,Methane From Titan,7999,5561,2438,69.5211901487686,0.056882110263782974,-0.0413594677216328,0.28096800656275633,8.658760498092068,8.684212991043994,8.597996181214118,0.04342776329609199,-0.05481381468932378,0.26751365959506535
competitive_not_vastitas,Competitive maps except Vastitas,Micro-Mills,8026,958,7068,11.936207326189884,-0.36406678295539496,-1.092901878914405,-0.2652801358234295,8.483975709860816,7.984881988397049,8.545134828713035,-0.37752112992308595,-1.1063562258820958,-0.2787344827911205
competitive_not_vastitas,Competitive maps except Vastitas,Mine,8118,7954,164,97.97979797979798,0.6940133037694013,0.7056826753834549,0.12804878048780488,8.715719762603342,8.7251938841922,8.248558519024863,0.6805589568017103,0.6922283284157639,0.11459443352011389
competitive_not_vastitas,Competitive maps except Vastitas,Mineral Deposit,7965,7390,575,92.78091650973006,-0.009918392969240427,0.0483085250338295,-0.7582608695652174,8.697856877994994,8.687439998685281,8.804041503533478,-0.02337273993693141,0.03485417806613851,-0.7717152165329084
competitive_not_vastitas,Competitive maps except Vastitas,Mining Area,7985,7848,137,98.28428303068253,1.069254852849092,1.0904689092762487,-0.145985401459854,8.489890708765948,8.493430823652087,8.223477997911727,1.055800505881401,1.0770145623085579,-0.159439748427545
competitive_not_vastitas,Competitive maps except Vastitas,Mining Expedition,8068,2026,6042,25.111551809618245,-0.3575855230540407,-0.9901283316880553,-0.14548162859980138,8.682086427729407,8.380099960116679,8.771493776457286,-0.37103987002173167,-1.0035826786557462,-0.15893597556749237
competitive_not_vastitas,Competitive maps except Vastitas,Mining Rights,8169,8147,22,99.73068919084344,1.1002570694087404,1.1007732907818828,0.9090909090909091,8.576975372768233,8.578648326586954,8.11764152301048,1.0868027224410495,1.087318943814192,0.8956365621232181
competitive_not_vastitas,Competitive maps except Vastitas,Miranda Resort,8073,5744,2329,71.15074941161897,0.0959990090424873,0.2618384401114206,-0.31300987548303993,8.711831667165395,8.750315981320538,8.60439270358942,0.08254466207479631,0.2483840931437296,-0.3264642224507309
competitive_not_vastitas,Competitive maps except Vastitas,Mohole Area,8104,6744,1360,83.21816386969398,0.5839091806515301,0.5934163701067615,0.5367647058823529,8.54983678012033,8.56314618536016,8.486502366523096,0.5704548336838391,0.5799620231390705,0.5233103589146619
competitive_not_vastitas,Competitive maps except Vastitas,Moss,8074,5317,2757,65.8533564528115,-0.37069606143175626,-0.4820387436524356,-0.15596663039535727,8.676562302767062,8.791942737063401,8.447028967924332,-0.38415040839944725,-0.4954930906201266,-0.16942097736304826
competitive_not_vastitas,Competitive maps except Vastitas,Natural Preserve,8046,7961,85,98.94357444693016,0.893611732537907,0.9125737972616506,-0.8823529411764706,8.666365777622941,8.681140762888665,6.963188522348013,0.880157385570216,0.8991194502939596,-0.8958072881441616
competitive_not_vastitas,Competitive maps except Vastitas,Nitrite Reducing Bacteria,7931,1356,6575,17.09746564115496,-0.30979699911738745,-0.948377581120944,-0.17809885931558936,8.681457016888745,8.39743355762606,8.733700505872436,-0.32325134608507844,-0.9618319280886349,-0.19155320628328035
competitive_not_vastitas,Competitive maps except Vastitas,Nitrogen-Rich Asteroid,7830,7420,410,94.76372924648787,0.719029374201788,0.7695417789757413,-0.1951219512195122,8.606020704408106,8.646288912675592,7.794799570985755,0.705575027234097,0.7560874320080503,-0.2085762981872032
competitive_not_vastitas,Competitive maps except Vastitas,Nitrophilic Moss,7926,5893,2033,74.35023971738582,0.018672722684834723,-0.026132699813337858,0.1485489424495819,8.642972648722596,8.697878177283723,8.48258806643427,0.0052183757171437375,-0.03958704678102884,0.1350945954818909
competitive_not_vastitas,Competitive maps except Vastitas,Noctis City,8110,6715,1395,82.79901356350184,-0.20209617755856968,-0.34668652271034994,0.4939068100358423,8.588449831600865,8.563426761129428,8.677329844703216,-0.21555052452626067,-0.36014086967804093,0.4804524630681513
competitive_not_vastitas,Competitive maps except Vastitas,Noctis Farming,8024,5033,2991,62.72432701894317,-0.2741774675972084,-0.40035763957878007,-0.0618522233366767,8.53470461093251,8.571455467928548,8.469689363011726,-0.2876318145648994,-0.41381198654647106,-0.07530657030436769
competitive_not_vastitas,Competitive maps except Vastitas,Nuclear Power,7919,3561,4358,44.96779896451572,-0.35938881171865134,-0.47486661050266776,-0.2650298301973382,8.607881714641941,8.566330756495113,8.641521780299726,-0.3728431586863423,-0.48832095747035875,-0.2784841771650292
competitive_not_vastitas,Competitive maps except Vastitas,Nuclear Zone,8114,7879,235,97.1037712595514,1.172294799112645,1.1921563650209417,0.5063829787234042,8.597116201680029,8.612553016806112,8.051315236170279,1.158840452144954,1.1787020180532508,0.4929286317557132
competitive_not_vastitas,Competitive maps except Vastitas,Olympus Conference,7866,7763,103,98.69056699720315,0.9158403254513094,0.9352054618060028,-0.5436893203883495,8.705087523850382,8.702743767255031,8.800375102332149,0.9023859784836185,0.9217511148383118,-0.5571436673560405
competitive_not_vastitas,Competitive maps except Vastitas,Open City,7960,1720,6240,21.608040201005025,-0.44698492462311556,-0.31976744186046513,-0.48205128205128206,8.617936598441036,8.796322672450628,8.568496719868774,-0.46043927159080655,-0.3332217888281561,-0.49550562901897305
competitive_not_vastitas,Competitive maps except Vastitas,Optimal Aerobraking,7868,7685,183,97.67412302999492,0.6180732079308592,0.6141834743005855,0.7814207650273224,8.546802559366437,8.549158565690837,8.468836483067143,0.6046188609631682,0.6007291273328945,0.7679664180596314
competitive_not_vastitas,Competitive maps except Vastitas,Ore Processor,7930,1377,6553,17.364438839848678,-0.3711223203026482,-0.8438634713144517,-0.2717839157637723,8.604266078804637,8.387136756350076,8.646540388547619,-0.3845766672703392,-0.8573178182821427,-0.2852382627314633
competitive_not_vastitas,Competitive maps except Vastitas,Permafrost extraction,7991,1134,6857,14.19096483543987,-0.3671630584407458,-1.1481481481481481,-0.2380049584366341,8.64837186227281,8.843800522882447,8.609457025752077,-0.3806174054084368,-1.161602495115839,-0.2514593054043251
competitive_not_vastitas,Competitive maps except Vastitas,Peroxide Power,7968,5297,2671,66.47841365461848,-0.253890562248996,-0.35737209741363035,-0.04867090977162111,8.477403565083659,8.59611658152426,8.234659390287863,-0.26734490921668697,-0.37082644438132134,-0.0621252567393121
competitive_not_vastitas,Competitive maps except Vastitas,Pets,8079,4629,3450,57.296695135536574,-0.5508107439039485,-0.5888960898682221,-0.49971014492753624,8.599956904013085,8.390747224942105,8.873886875749683,-0.5642650908716395,-0.602350436835913,-0.5131644918952272
competitive_not_vastitas,Competitive maps except Vastitas,Phobos Space Haven,8000,3706,4294,46.325,-0.549875,-1.265785213167836,0.0680018630647415,8.628097588279475,8.322111768178752,8.83816954823935,-0.563329346967691,-1.2792395601355269,0.05454751609705051
competitive_not_vastitas,Competitive maps except Vastitas,Physics Complex,8047,1368,6679,17.000124269914252,-0.4456319125139804,-0.375,-0.46009881718820184,8.64494182370178,8.4510131500678,8.684678880067604,-0.45908625948167137,-0.388454346967691,-0.4735531641558928
competitive_not_vastitas,Competitive maps except Vastitas,Plantation,7982,5837,2145,73.1270358306189,-0.3668253570533701,-0.34161384272742845,-0.4354312354312354,8.658582341162747,8.74402588573897,8.423307085164522,-0.3802797040210611,-0.35506818969511944,-0.4488855823989264
competitive_not_vastitas,Competitive maps except Vastitas,Power Grid,7925,374,7551,4.719242902208202,-0.22498422712933755,-2.1390374331550803,-0.1301814329227917,8.658839349458795,7.783733993956591,8.68940918629183,-0.23843857409702854,-2.152491780122771,-0.14363577989048268
competitive_not_vastitas,Competitive maps except Vastitas,Power Infrastructure,8047,586,7461,7.282216975270287,-0.3605070212501553,-0.6040955631399317,-0.3413751507840772,8.555612470137303,8.090529460942186,8.591297404034977,-0.3739613682178463,-0.6175499101076227,-0.3548294977517682
competitive_not_vastitas,Competitive maps except Vastitas,Power Plant,8053,6957,1096,86.39016515584254,0.09536818576927852,0.14963346269943942,-0.2490875912408759,8.538091188709132,8.56367778940872,8.369492278103492,0.08191383880158754,0.13617911573174843,-0.26254193820856686
competitive_not_vastitas,Competitive maps except Vastitas,Power Supply Consortium,7938,3090,4848,38.92668178382464,-0.3769211388259007,-0.5776699029126213,-0.24896864686468648,8.545222083431394,8.424206654686328,8.61989310952088,-0.3903754857935917,-0.5911242498803123,-0.26242299383237744
competitive_not_vastitas,Competitive maps except Vastitas,Predators,7903,2682,5221,33.93647981779071,-0.3046944198405669,-0.7054436987322893,-0.09883164144799847,8.598251485333497,8.734239827507354,8.521069254503262,-0.3181487668082579,-0.7188980456999803,-0.11228598841568946
competitive_not_vastitas,Competitive maps except Vastitas,Protected Habitats,8013,7646,367,95.41994259328591,-0.631598652190191,-0.656290871043683,-0.11716621253405994,8.643147800241124,8.661565965329808,8.244548099712487,-0.645052999157882,-0.669745218011374,-0.13062055950175092
competitive_not_vastitas,Competitive maps except Vastitas,Protected Valley,7966,6194,1772,77.75546070800904,0.07431584232990208,0.12851146270584438,-0.11512415349887133,8.522972207179938,8.653639017809493,8.049063083918677,0.060861495362211096,0.11505711573815339,-0.1285785004665623
competitive_not_vastitas,Competitive maps except Vastitas,Psychrophiles,7920,7695,225,97.1590909090909,0.7181818181818181,0.7281351526965562,0.37777777777777777,8.617468477004332,8.630828208990215,8.158280436620187,0.7047274712141272,0.7146808057288652,0.3643234308100868
competitive_not_vastitas,Competitive maps except Vastitas,Quantum Extractor,7995,7004,991,87.60475297060663,0.4335209505941213,0.597372929754426,-0.7245206861755802,8.739233816756078,8.761052803037305,8.498115902139002,0.42006660362643033,0.583918582786735,-0.7379750331432712
competitive_not_vastitas,Competitive maps except Vastitas,Rad-Chem Factory,8111,2687,5424,33.12785106645296,-0.3845395142399211,-0.9527353926311872,-0.10306047197640118,8.616243808532504,8.400860622217115,8.708013663997692,-0.3979938612076121,-0.9661897395988782,-0.11651481894409217
competitive_not_vastitas,Competitive maps except Vastitas,Rad-Suits,7908,613,7295,7.751643904906424,-0.34787556904400607,-1.3866231647634584,-0.2605894448252228,8.594971149693565,7.651452328066758,8.6643818879078,-0.36132991601169706,-1.4000775117311492,-0.27404379179291377
competitive_not_vastitas,Competitive maps except Vastitas,Regolith Eaters,7908,1390,6518,17.57713707637835,-0.1943601416287304,0.3359712230215827,-0.3074562749309604,8.612641762904225,8.66021668826619,8.59889849550802,-0.20781448859642138,0.32251687605389173,-0.3209106218986514
competitive_not_vastitas,Competitive maps except Vastitas,Release of Inert Gases,8016,1528,6488,19.06187624750499,-0.16030439121756487,-0.737565445026178,-0.02435265104808878,8.660614262757012,8.162710256513945,8.768841303973096,-0.17375873818525586,-0.751019791993869,-0.03780699801577976
competitive_not_vastitas,Competitive maps except Vastitas,Research,8145,7931,214,97.37262124002456,0.7124616329036219,0.7233640146261505,0.308411214953271,8.692525137396817,8.704299213491783,8.253508248186241,0.6990072859359309,0.7099096676584595,0.29495686798558
competitive_not_vastitas,Competitive maps except Vastitas,Research Coordination,7933,6966,967,87.81041220219338,0.03895121643766545,0.04952627045650301,-0.03722854188210962,8.59467874809291,8.624743727783956,8.378881305902226,0.025496869469974464,0.036071923488812024,-0.0506828888498006
competitive_not_vastitas,Competitive maps except Vastitas,Research Outpost,8049,8032,17,99.78879363896137,1.8725307491613865,1.8684013944223108,3.823529411764706,8.47808261106365,8.479570329413725,7.723626853020923,1.8590764021936956,1.85494704745462,3.810075064797015
competitive_not_vastitas,Competitive maps except Vastitas,Restricted Area,8112,8070,42,99.48224852071006,2.01319033530572,2.019206939281289,0.8571428571428571,8.576744487477002,8.580904817730008,7.741467147049723,1.999735988338029,2.005752592313598,0.8436885101751661
competitive_not_vastitas,Competitive maps except Vastitas,Robotic Workforce,7953,7120,833,89.52596504463725,0.3983402489626556,0.42317415730337077,0.18607442977190877,8.488200904134187,8.481654978285567,8.546124744766331,0.3848859019949646,0.4097198103356798,0.17262008280421778
competitive_not_vastitas,Competitive maps except Vastitas,Rover Construction,7909,4686,3223,59.24895688456189,-0.46415476039954484,-0.7029449423815621,-0.11697176543592926,8.544440994664404,8.352946672467345,8.805204530812004,-0.47760910736723583,-0.7163992893492531,-0.13042611240362023
competitive_not_vastitas,Competitive maps except Vastitas,SF Memorial,7796,3762,4034,48.25551564905079,-0.3331195484864033,-0.5964912280701754,-0.08750619732275657,8.644648101545913,8.43460972629048,8.82999349382563,-0.3465738954540943,-0.6099455750378664,-0.10096054429044755
competitive_not_vastitas,Competitive maps except Vastitas,Sabotage,7952,7424,528,93.36016096579476,0.18008048289738432,0.2416487068965517,-0.6856060606060606,8.592115006815243,8.675822840287788,7.266388348553466,0.16662613592969333,0.22819435992886072,-0.6990604075737515
competitive_not_vastitas,Competitive maps except Vastitas,Satellites,7906,3521,4385,44.53579559827979,-0.17417151530483177,0.024424879295654643,-0.33363740022805016,8.58841110396771,8.532656177158911,8.630583568798635,-0.18762586227252276,0.010970532327963658,-0.34709174719574115
competitive_not_vastitas,Competitive maps except Vastitas,Search For Life,8054,5523,2531,68.57462130618326,-0.3440526446486218,-0.2909650552236104,-0.4598972738048202,8.710000233967177,8.663028671622225,8.812241745119307,-0.3575069916163128,-0.30441940219130137,-0.4733516207725112
competitive_not_vastitas,Competitive maps except Vastitas,Security Fleet,7924,144,7780,1.8172640080767288,-0.4457344775365977,-1.6944444444444444,-0.4226221079691517,8.606444710198776,6.626158985866768,8.637449281017162,-0.45918882450428866,-1.7078987914121353,-0.43607645493684266
competitive_not_vastitas,Competitive maps except Vastitas,Shuttles,8053,3106,4947,38.56947721346082,-0.26722960387433253,-0.3657437218287186,-0.20537699615928845,8.610975403717948,8.657232232635987,8.582104319544072,-0.2806839508420235,-0.3791980687964096,-0.21883134312697944
competitive_not_vastitas,Competitive maps except Vastitas,Small Animals,8053,4623,3430,57.40717744939774,-0.04520054638023097,0.16050183863292233,-0.3224489795918367,8.571240476943888,8.724829750970095,8.353019117896954,-0.058654893347921955,0.14704749166523134,-0.3359033265595277
competitive_not_vastitas,Competitive maps except Vastitas,Soil Factory,7977,404,7573,5.0645606117588065,-0.37044001504324936,-1.4628712871287128,-0.3121616268321669,8.632299432940405,7.284785305427404,8.694878069149127,-0.38389436201094035,-1.4763256340964037,-0.3256159737998579
competitive_not_vastitas,Competitive maps except Vastitas,Solar Power,8081,2684,5397,33.21371117435961,-0.48694468506372973,-0.8807749627421758,-0.29108764128219383,8.574072075939197,8.249325930245488,8.725210583412714,-0.5003990320314207,-0.8942293097098668,-0.3045419882498848
competitive_not_vastitas,Competitive maps except Vastitas,Solar Wind Power,7865,7612,253,96.78321678321679,0.3712650985378258,0.4025223331581713,-0.5691699604743083,8.724358636049454,8.735373469293465,8.348091580622432,0.3578107515701348,0.38906798619048033,-0.5826243074419993
competitive_not_vastitas,Competitive maps except Vastitas,Soletta,8027,3417,4610,42.56883019808148,-0.5324529712221253,-1.0043898156277435,-0.182646420824295,8.42470273940397,8.498982825086424,8.352951386004014,-0.5459073181898163,-1.0178441625954344,-0.19610076779198599
competitive_not_vastitas,Competitive maps except Vastitas,Space Elevator,7976,7500,476,94.0320962888666,1.2961384152457371,1.3577333333333332,0.32563025210084034,8.508852267167129,8.504018813107447,8.535070352242887,1.2826840682780463,1.3442789863656424,0.31217590513314936
competitive_not_vastitas,Competitive maps except Vastitas,Space Hotels,7981,6736,1245,84.40045107129433,0.815436662072422,1.0961995249406176,-0.7036144578313253,8.65894541006237,8.637874015876573,8.61827274973694,0.8019823151047311,1.0827451779729267,-0.7170688047990162
competitive_not_vastitas,Competitive maps except Vastitas,Space Mirrors,8115,1092,7023,13.456561922365989,-0.3859519408502773,-0.5668498168498168,-0.3578242916132707,8.595411230562894,8.071297777460458,8.674267719647162,-0.3994062878179683,-0.5803041638175078,-0.37127863858096166
competitive_not_vastitas,Competitive maps except Vastitas,Space Station,7992,5758,2234,72.04704704704704,-0.20783283283283283,-0.2605071205279611,-0.0720680393912265,8.688838046770782,8.652972565687923,8.781096545212609,-0.22128717980052381,-0.2739614674956521,-0.08552238635891748
competitive_not_vastitas,Competitive maps except Vastitas,Special Design,8020,917,7103,11.433915211970074,-0.41970074812967584,-0.8287895310796074,-0.36688723074757146,8.590294067947362,8.78230903108316,8.564397268577482,-0.4331550950973668,-0.8422438780472984,-0.38034157771526245
competitive_not_vastitas,Competitive maps except Vastitas,Sponsors,7881,7733,148,98.12206572769954,0.47087933003425964,0.48816759343075133,-0.43243243243243246,8.689391738350743,8.695294344176476,8.353712899848226,0.45742498306656865,0.47471324646306035,-0.44588677940012345
competitive_not_vastitas,Competitive maps except Vastitas,Standard Technology,7890,6507,1383,82.47148288973384,-0.1367553865652725,-0.16766559090210542,0.008676789587852495,8.645534728915136,8.649048330202994,8.63062127809008,-0.1502097335329635,-0.1811199378697964,-0.0047775573798384905
competitive_not_vastitas,Competitive maps except Vastitas,Steelworks,8123,1860,6263,22.897944109319216,-0.1362796996183676,0.2752688172043011,-0.2585023151844164,8.54273653446204,8.505766874699198,8.550547513681792,-0.1497340465860586,0.2618144702366101,-0.2719566621521074
competitive_not_vastitas,Competitive maps except Vastitas,Strip Mine,7969,6418,1551,80.53708118960974,0.23478479106537833,0.25397320037394827,0.15538362346872986,8.667263149866034,8.634889992380856,8.80232933052727,0.22133044409768735,0.24051885340625728,0.14192927650103887
competitive_not_vastitas,Competitive maps except Vastitas,Subterranean Reservoir,8131,5765,2366,70.9014881318411,0.06284589841347928,-0.07632263660017347,0.40194420963651734,8.668040049280462,8.606946684814263,8.807760153670268,0.04939155144578829,-0.08977698356786445,0.38848986266882635
competitive_not_vastitas,Competitive maps except Vastitas,Symbiotic Fungus,8033,465,7568,5.788621934520105,-0.19332752396364994,-0.5182795698924731,-0.1733615221987315,8.663737869932062,8.520777676137019,8.672602145519996,-0.20678187093134093,-0.5317339168601641,-0.18681586916642248
competitive_not_vastitas,Competitive maps except Vastitas,Tardigrades,7976,2129,5847,26.6925777331996,-0.2153961885656971,-0.5100986378581494,-0.10808961860783307,8.72454074456166,8.819248878965725,8.688076297457018,-0.22885053553338808,-0.5235529848258403,-0.12154396557552406
competitive_not_vastitas,Competitive maps except Vastitas,Technology Demonstration,7965,7645,320,95.98242310106717,0.26101694915254237,0.2788750817527796,-0.165625,8.635020516901617,8.645856942594435,8.373757686365702,0.24756260218485138,0.2654207347850886,-0.17907934696769098
competitive_not_vastitas,Competitive maps except Vastitas,Tectonic Stress Power,8123,2569,5554,31.62624646066724,-0.20940539209651607,-0.15025301673803035,-0.2367662945624775,8.619531955320507,8.362363818642102,8.736530651424271,-0.22285973906420706,-0.16370736370572134,-0.2502206415301685
competitive_not_vastitas,Competitive maps except Vastitas,Terraforming Ganymede,8090,5615,2475,69.40667490729295,0.06341161928306552,0.03829029385574354,0.1204040404040404,8.69494028896516,8.726179011466206,8.625133874652784,0.04995727231537453,0.024835946888052556,0.10694969343634941
competitive_not_vastitas,Competitive maps except Vastitas,Titanium Mine,7915,7794,121,98.47125710675932,0.5461781427668982,0.561072619964075,-0.4132231404958678,8.79086092317679,8.797006634784301,8.36427863146568,0.5327237957992073,0.547618272996384,-0.42667748746355877
competitive_not_vastitas,Competitive maps except Vastitas,Toll Station,8080,803,7277,9.938118811881187,-0.4493811881188119,-1.0809464508094646,-0.3796894324584307,8.670497907579179,8.178170145792876,8.720855161442314,-0.4628355350865029,-1.0944007977771555,-0.39314377942612166
competitive_not_vastitas,Competitive maps except Vastitas,Towing a Comet,8049,7364,685,91.48962604050193,-0.3653870045968443,-0.3727593699076589,-0.28613138686131384,8.583023352132717,8.63436101144735,8.015875900031173,-0.3788413515645353,-0.3862137168753499,-0.29958573382900483
competitive_not_vastitas,Competitive maps except Vastitas,Trans-Neptune Probe,7941,6179,1762,77.81135877093566,-0.2179826218360408,-0.1982521443599288,-0.28717366628830876,8.650633500495756,8.692008411029642,8.50602519275035,-0.2314369688037318,-0.2117064913276198,-0.30062801325599975
competitive_not_vastitas,Competitive maps except Vastitas,Trees,8002,4968,3034,62.08447888027993,0.09910022494376405,0.06541867954911433,0.15425181278839814,8.704787764440294,8.759748102476099,8.615190085821773,0.08564587797607306,0.05196433258142334,0.14079746582070715
competitive_not_vastitas,Competitive maps except Vastitas,Tropical Resort,7903,388,7515,4.909528027331393,-0.39149689991142606,-2.2551546391752577,-0.29527611443779106,8.59092176659503,7.8113644916559215,8.618799687422339,-0.40495124687911704,-2.2686089861429486,-0.30873046140548205
competitive_not_vastitas,Competitive maps except Vastitas,Tundra Farming,8027,932,7095,11.610813504422573,-0.43677588140027407,-1.2972103004291846,-0.3237491190979563,8.572165211696653,7.923145386191071,8.647967051491726,-0.45023022836796506,-1.3106646473968755,-0.3372034660656473
competitive_not_vastitas,Competitive maps except Vastitas,Underground City,8041,3209,4832,39.907971645317744,-0.36985449570948886,-0.8600810221252727,-0.04428807947019867,8.527976003579738,8.110716418194881,8.779863988949792,-0.38330884267717985,-0.8735353690929637,-0.057742426437889655
competitive_not_vastitas,Competitive maps except Vastitas,Underground Detonations,8053,149,7904,1.8502421457841798,-0.3458338507388551,-2.2751677852348995,-0.30946356275303644,8.63742141924791,7.896166586527824,8.647109231101473,-0.3592881977065461,-2.2886221322025904,-0.3229179097207274
competitive_not_vastitas,Competitive maps except Vastitas,Urbanized Area,7958,1776,6182,22.317165116863535,-0.2733098768534808,-0.8699324324324325,-0.10190876738919444,8.682439862897667,8.362187003911703,8.765434511411653,-0.2867642238211718,-0.8833867794001234,-0.11536311435688543
competitive_not_vastitas,Competitive maps except Vastitas,Vesta Shipyard,7898,6817,1081,86.31299063053937,0.09002279057989364,0.10943230159894382,-0.032377428307123035,8.611469140585868,8.603590352048599,8.663988196681178,0.07656844361220265,0.09597795463125283,-0.045831775274814024
competitive_not_vastitas,Competitive maps except Vastitas,Viral Enhancers,8008,7865,143,98.21428571428571,0.17382617382617382,0.19046408137317228,-0.7412587412587412,8.590935664531026,8.600925900662707,7.997106243108654,0.16037182685848284,0.1770097344054813,-0.7547130882264322
competitive_not_vastitas,Competitive maps except Vastitas,Virus,7898,6624,1274,83.86933400860977,0.06786528234996202,0.1097524154589372,-0.14992150706436422,8.65284206793848,8.785456064410955,7.927319343969012,0.05441093538227103,0.09629806849124621,-0.1633758540320552
competitive_not_vastitas,Competitive maps except Vastitas,Water Import From Europa,7974,4630,3344,58.063707047905694,-0.2890644594933534,-0.47775377969762417,-0.027811004784688995,8.623925679194155,8.541983397983236,8.73066280994597,-0.3025188064610444,-0.49120812666531516,-0.04126535175237998
competitive_not_vastitas,Competitive maps except Vastitas,Water Splitting Plant,8020,648,7372,8.079800498753118,-0.329426433915212,-0.7283950617283951,-0.2943570265870863,8.623403885392028,8.573186834847336,8.627500219626553,-0.34288078088290297,-0.7418494086960861,-0.3078113735547773
competitive_not_vastitas,Competitive maps except Vastitas,Wave Power,7962,1347,6615,16.91785983421251,-0.28874654609394623,-0.9420935412026726,-0.15570672713529857,8.71217070041058,8.460795143178883,8.757126969817504,-0.3022008930616372,-0.9555478881703636,-0.16916107410298956
competitive_not_vastitas,Competitive maps except Vastitas,Windmills,7897,700,7197,8.864125617323035,-0.19146511333417754,-1.01,-0.11185216062248159,8.67632906313104,8.650992484016626,8.67526816846057,-0.20491946030186853,-1.0234543469676909,-0.12530650759017256
competitive_not_vastitas,Competitive maps except Vastitas,Worms,8015,417,7598,5.202744853399875,-0.4847161572052402,-1.3237410071942446,-0.4386680705448802,8.609777015736293,7.834418478374763,8.648435404785854,-0.4981705041729312,-1.3371953541619355,-0.4521224175125712
competitive_not_vastitas,Competitive maps except Vastitas,Zeppelins,7910,357,7553,4.513274336283186,-0.33577749683944375,-0.5798319327731093,-0.3242420230372038,8.644436554460233,7.905156685282403,8.678132000109951,-0.34923184380713473,-0.5932862797408003,-0.3376963700048948
